"cell_id","SingleR_label","SingleR_pruned_label"
"sam1_AAACCCAAGACGGTTG-1","Chondrocytes","Chondrocytes"
"sam1_AAACCCAAGGTCACAG-1","Pre-B_cell_CD34-","Pre-B_cell_CD34-"
"sam1_AAACCCAAGTGCGTCC-1","NK_cell","NK_cell"
"sam1_AAACCCACACGCTATA-1","Epithelial_cells","Epithelial_cells"
"sam1_AAACCCAGTTTCCCAC-1","BM","BM"
"sam1_AAACCCATCTTGATTC-1","Macrophage","Macrophage"
"sam1_AAACGAAAGCCGTCGT-1","NK_cell","NK_cell"
"sam1_AAACGAACAAAGAGTT-1","Fibroblasts","Fibroblasts"
"sam1_AAACGAACAGATTCGT-1","Pro-B_cell_CD34+","Pro-B_cell_CD34+"
"sam1_AAACGAACAGGGAATC-1","Myelocyte","Myelocyte"
"sam1_AAACGAACATAGAAAC-1","Epithelial_cells","Epithelial_cells"
"sam1_AAACGAAGTCACCTTC-1","Epithelial_cells","Epithelial_cells"
"sam1_AAACGAAGTCATAAAG-1","Monocyte","Monocyte"
"sam1_AAACGAATCAAATGAG-1","Macrophage","Macrophage"
"sam1_AAACGAATCATTTGTC-1","Macrophage","Macrophage"
"sam1_AAACGAATCGTACACA-1","Epithelial_cells","Epithelial_cells"
"sam1_AAACGCTAGGAGAATG-1","Fibroblasts","Fibroblasts"
"sam1_AAACGCTAGGTTGAGC-1","Epithelial_cells","Epithelial_cells"
"sam1_AAACGCTCACGGTCTG-1","Epithelial_cells","Epithelial_cells"
"sam1_AAACGCTCAGGCCCTA-1","Epithelial_cells","Epithelial_cells"
"sam1_AAACGCTCATAGATCC-1","Epithelial_cells","Epithelial_cells"
"sam1_AAACGCTCATATGCGT-1","Epithelial_cells","Epithelial_cells"
"sam1_AAACGCTGTCGAATGG-1","NK_cell","NK_cell"
"sam1_AAACGCTGTTCGTTCC-1","Macrophage","Macrophage"
"sam1_AAACGCTGTTTGATCG-1","T_cells","T_cells"
"sam1_AAAGAACAGAGCCTGA-1","Pro-B_cell_CD34+","Pro-B_cell_CD34+"
"sam1_AAAGAACAGATACGAT-1","Epithelial_cells","Epithelial_cells"
"sam1_AAAGAACAGCCATCCG-1","Macrophage","Unassigned"
"sam1_AAAGAACAGCGGATCA-1","Macrophage","Macrophage"
"sam1_AAAGAACCAACAAGAT-1","Fibroblasts","Fibroblasts"
"sam1_AAAGAACCAATTAGGA-1","Macrophage","Macrophage"
"sam1_AAAGAACCACAGTATC-1","Macrophage","Macrophage"
"sam1_AAAGAACCACGACCTG-1","Macrophage","Macrophage"
"sam1_AAAGAACCAGAACCGA-1","Pro-B_cell_CD34+","Pro-B_cell_CD34+"
"sam1_AAAGAACCATGTGGTT-1","Pre-B_cell_CD34-","Pre-B_cell_CD34-"
"sam1_AAAGAACGTGGGACAT-1","Epithelial_cells","Epithelial_cells"
"sam1_AAAGAACTCATGCCGG-1","Platelets","Platelets"
"sam1_AAAGAACTCATGGCCG-1","Keratinocytes","Keratinocytes"
"sam1_AAAGGATAGCTTTCCC-1","T_cells","T_cells"
"sam1_AAAGGATAGTGGCGAT-1","Epithelial_cells","Epithelial_cells"
"sam1_AAAGGATCAGCTCCTT-1","Macrophage","Macrophage"
"sam1_AAAGGATCAGCTGTGC-1","Macrophage","Unassigned"
"sam1_AAAGGATCAGTCAGTT-1","Keratinocytes","Keratinocytes"
"sam1_AAAGGATCATGGAAGC-1","Macrophage","Macrophage"
"sam1_AAAGGATTCACTCTTA-1","HSC_-G-CSF","HSC_-G-CSF"
"sam1_AAAGGGCAGACGCCCT-1","Pro-Myelocyte","Pro-Myelocyte"
"sam1_AAAGGGCGTATCCTCC-1","Chondrocytes","Chondrocytes"
"sam1_AAAGGGCGTCGGTACC-1","NK_cell","NK_cell"
"sam1_AAAGGGCGTGCCTGAC-1","Macrophage","Macrophage"
"sam1_AAAGGGCGTTAGAAGT-1","Macrophage","Macrophage"
"sam1_AAAGGGCTCAACGTGT-1","Macrophage","Unassigned"
"sam1_AAAGGGCTCACCTCGT-1","Fibroblasts","Fibroblasts"
"sam1_AAAGGTACACTGGATT-1","Epithelial_cells","Epithelial_cells"
"sam1_AAAGGTACATACCGTA-1","NK_cell","NK_cell"
"sam1_AAAGGTATCCACACAA-1","Epithelial_cells","Epithelial_cells"
"sam1_AAAGGTATCTCACGAA-1","Smooth_muscle_cells","Smooth_muscle_cells"
"sam1_AAAGGTATCTTCGTGC-1","Smooth_muscle_cells","Smooth_muscle_cells"
"sam1_AAAGTCCAGAGGACTC-1","Osteoblasts","Osteoblasts"
"sam1_AAAGTCCAGGTCGACA-1","Macrophage","Macrophage"
"sam1_AAAGTCCCAACGGCTC-1","MEP","MEP"
"sam1_AAAGTCCCACCTGCGA-1","Pre-B_cell_CD34-","Pre-B_cell_CD34-"
"sam1_AAAGTCCCAGGTTCCG-1","Epithelial_cells","Epithelial_cells"
"sam1_AAAGTCCCATCACAGT-1","Macrophage","Macrophage"
"sam1_AAAGTCCCATTCCTAT-1","Smooth_muscle_cells","Smooth_muscle_cells"
"sam1_AAAGTCCTCATAGCAC-1","Epithelial_cells","Epithelial_cells"
"sam1_AAAGTCCTCCCTCGAT-1","CMP","CMP"
"sam1_AAAGTCCTCCGTGTCT-1","Macrophage","Macrophage"
"sam1_AAAGTGAAGGGTAATT-1","Fibroblasts","Fibroblasts"
"sam1_AAAGTGACAACGGCTC-1","MSC","MSC"
"sam1_AAAGTGAGTATGAGGC-1","Macrophage","Macrophage"
"sam1_AAAGTGAGTCGCTTGG-1","Macrophage","Macrophage"
"sam1_AAAGTGAGTGCCGTTG-1","Pre-B_cell_CD34-","Pre-B_cell_CD34-"
"sam1_AAAGTGAGTTCGGTTA-1","Fibroblasts","Fibroblasts"
"sam1_AAAGTGATCCCTCGAT-1","Chondrocytes","Chondrocytes"
"sam1_AAATGGAAGAATCGCG-1","Fibroblasts","Fibroblasts"
"sam1_AAATGGACAAATGCGG-1","T_cells","T_cells"
"sam1_AAATGGAGTACCCACG-1","NK_cell","NK_cell"
"sam1_AAATGGAGTATGGAAT-1","HSC_CD34+","HSC_CD34+"
"sam1_AAATGGAGTCTAACTG-1","T_cells","T_cells"
"sam1_AAATGGATCACACCGG-1","Pro-B_cell_CD34+","Pro-B_cell_CD34+"
"sam1_AAATGGATCGTCGACG-1","Smooth_muscle_cells","Smooth_muscle_cells"
"sam1_AACAAAGAGGGCTAAC-1","NK_cell","NK_cell"
"sam1_AACAAAGAGGTCGTGA-1","Fibroblasts","Fibroblasts"
"sam1_AACAAAGGTATACCCA-1","Epithelial_cells","Epithelial_cells"
"sam1_AACAAAGGTATTGCCA-1","Chondrocytes","Unassigned"
"sam1_AACAAAGGTTCTCCCA-1","BM","BM"
"sam1_AACAAAGTCCGTACGG-1","Epithelial_cells","Epithelial_cells"
"sam1_AACAAAGTCGGAGATG-1","Macrophage","Macrophage"
"sam1_AACAACCAGACCGCCT-1","BM","BM"
"sam1_AACAACCAGCTACTGT-1","Smooth_muscle_cells","Smooth_muscle_cells"
"sam1_AACAACCAGTTTGGCT-1","Epithelial_cells","Epithelial_cells"
"sam1_AACAACCCACTACCCT-1","Smooth_muscle_cells","Smooth_muscle_cells"
"sam1_AACAACCCACTAGGTT-1","Fibroblasts","Fibroblasts"
"sam1_AACAACCCATAGGTAA-1","BM","BM"
"sam1_AACAACCGTAGAGCTG-1","BM","BM"
"sam1_AACAACCTCACGACTA-1","Epithelial_cells","Epithelial_cells"
"sam1_AACAACCTCATTGTGG-1","Smooth_muscle_cells","Smooth_muscle_cells"
"sam1_AACAACCTCCTCAGGG-1","DC","DC"
"sam1_AACAACCTCGACCCAG-1","DC","DC"
"sam1_AACAACCTCGGTCACG-1","Epithelial_cells","Epithelial_cells"
"sam1_AACAACCTCTCATTAC-1","Epithelial_cells","Epithelial_cells"
"sam1_AACAAGAAGCTGCCTG-1","NK_cell","NK_cell"
"sam1_AACAAGAAGGTTCCGC-1","Pro-Myelocyte","Pro-Myelocyte"
"sam1_AACAAGACAAAGCGTG-1","NK_cell","NK_cell"
"sam1_AACAAGACAACGGCTC-1","Macrophage","Macrophage"
"sam1_AACAAGACAATATCCG-1","Epithelial_cells","Epithelial_cells"
"sam1_AACAAGACACGATTCA-1","NK_cell","NK_cell"
"sam1_AACAAGATCCGCTTAC-1","Fibroblasts","Fibroblasts"
"sam1_AACACACAGCCTAACT-1","Myelocyte","Myelocyte"
"sam1_AACACACAGGTTGACG-1","Neutrophils","Neutrophils"
"sam1_AACACACCAATAGGAT-1","Smooth_muscle_cells","Smooth_muscle_cells"
"sam1_AACACACCACGACAAG-1","Epithelial_cells","Epithelial_cells"
"sam1_AACACACCAGCGATTT-1","Macrophage","Macrophage"
"sam1_AACACACTCATCCTAT-1","T_cells","T_cells"
"sam1_AACACACTCATCGTAG-1","GMP","GMP"
"sam1_AACACACTCGTACCTC-1","Pre-B_cell_CD34-","Pre-B_cell_CD34-"
"sam1_AACACACTCTACTTCA-1","NK_cell","NK_cell"
"sam1_AACAGGGAGAAATGGG-1","Macrophage","Macrophage"
"sam1_AACAGGGAGGACAACC-1","Epithelial_cells","Epithelial_cells"
"sam1_AACAGGGAGGTAAACT-1","Gametocytes","Gametocytes"
"sam1_AACAGGGCACGTAGAG-1","Macrophage","Macrophage"
"sam1_AACAGGGCATGACGTT-1","GMP","GMP"
"sam1_AACAGGGGTCTTTCAT-1","Smooth_muscle_cells","Smooth_muscle_cells"
"sam1_AACAGGGTCACCATCC-1","Pre-B_cell_CD34-","Pre-B_cell_CD34-"
"sam1_AACCAACAGCGTGTCC-1","Macrophage","Macrophage"
"sam1_AACCAACAGCTCCCTT-1","Epithelial_cells","Epithelial_cells"
"sam1_AACCAACCAAATGGTA-1","NK_cell","NK_cell"
"sam1_AACCAACCAACACAAA-1","NK_cell","NK_cell"
"sam1_AACCAACCAGCGTAGA-1","Epithelial_cells","Epithelial_cells"
"sam1_AACCAACCATCATTGG-1","Macrophage","Macrophage"
"sam1_AACCAACGTAACCCGC-1","HSC_-G-CSF","HSC_-G-CSF"
"sam1_AACCAACGTCTGATAC-1","Epithelial_cells","Epithelial_cells"
"sam1_AACCAACGTGCTCCGA-1","Embryonic_stem_cells","Embryonic_stem_cells"
"sam1_AACCAACGTTACGATC-1","DC","DC"
"sam1_AACCAACTCAAGCCCG-1","Osteoblasts","Osteoblasts"
"sam1_AACCAACTCCTTGGAA-1","Macrophage","Unassigned"
"sam1_AACCAACTCGGACTTA-1","NK_cell","NK_cell"
"sam1_AACCACAAGAGTCAAT-1","Macrophage","Macrophage"
"sam1_AACCACAAGAGTCTTC-1","Epithelial_cells","Epithelial_cells"
"sam1_AACCACACAATAGGAT-1","T_cells","T_cells"
"sam1_AACCACACAGCACAAG-1","HSC_CD34+","HSC_CD34+"
"sam1_AACCACATCACGAGGA-1","DC","DC"
"sam1_AACCACATCAGCCTCT-1","Macrophage","Macrophage"
"sam1_AACCACATCCTACACC-1","GMP","GMP"
"sam1_AACCACATCTTCCACG-1","Macrophage","Unassigned"
"sam1_AACCATGAGTCACTCA-1","Smooth_muscle_cells","Smooth_muscle_cells"
"sam1_AACCATGCAAACCATC-1","Macrophage","Macrophage"
"sam1_AACCATGCACACACGC-1","Epithelial_cells","Epithelial_cells"
"sam1_AACCATGCAGCACACC-1","Pro-B_cell_CD34+","Pro-B_cell_CD34+"
"sam1_AACCATGGTAAGTTAG-1","Astrocyte","Astrocyte"
"sam1_AACCATGGTCATGCAT-1","Keratinocytes","Keratinocytes"
"sam1_AACCATGGTCTTTCTA-1","Epithelial_cells","Epithelial_cells"
"sam1_AACCATGGTTCCACAA-1","Fibroblasts","Fibroblasts"
"sam1_AACCATGTCCAGTACA-1","Macrophage","Macrophage"
"sam1_AACCATGTCTTAGTTC-1","Epithelial_cells","Epithelial_cells"
"sam1_AACCCAAAGAAGGATG-1","iPS_cells","iPS_cells"
"sam1_AACCCAAAGCCTTTCC-1","Keratinocytes","Keratinocytes"
"sam1_AACCCAAAGCTGGTGA-1","Smooth_muscle_cells","Smooth_muscle_cells"
"sam1_AACCCAACACGACCTG-1","Epithelial_cells","Epithelial_cells"
"sam1_AACCCAACAGTAGGAC-1","Fibroblasts","Fibroblasts"
"sam1_AACCCAACATATCTCT-1","Macrophage","Unassigned"
"sam1_AACCCAACATCGAAGG-1","Smooth_muscle_cells","Smooth_muscle_cells"
"sam1_AACCCAAGTGAGATTA-1","Macrophage","Macrophage"
"sam1_AACCCAATCGCAGTTA-1","Pro-B_cell_CD34+","Pro-B_cell_CD34+"
"sam1_AACCCAATCTTAAGGC-1","DC","DC"
"sam1_AACCTGAAGGACAAGA-1","Keratinocytes","Keratinocytes"
"sam1_AACCTGAAGGTTAAAC-1","Fibroblasts","Fibroblasts"
"sam1_AACCTGACACAATTCG-1","DC","DC"
"sam1_AACCTGACAGGTGTTT-1","Chondrocytes","Chondrocytes"
"sam1_AACCTGAGTTCACGAT-1","Fibroblasts","Fibroblasts"
"sam1_AACCTGAGTTCCAGGC-1","Macrophage","Macrophage"
"sam1_AACCTGATCCCGTTGT-1","Chondrocytes","Chondrocytes"
"sam1_AACCTGATCCTTATCA-1","Epithelial_cells","Epithelial_cells"
"sam1_AACCTGATCTGCGTCT-1","T_cells","T_cells"
"sam1_AACCTTTAGGTCGTAG-1","HSC_CD34+","HSC_CD34+"
"sam1_AACCTTTCAACACGTT-1","Macrophage","Macrophage"
"sam1_AACCTTTCAAGAGATT-1","T_cells","T_cells"
"sam1_AACCTTTCACGGGTAA-1","Macrophage","Macrophage"
"sam1_AACCTTTCATTCATCT-1","Pre-B_cell_CD34-","Pre-B_cell_CD34-"
"sam1_AACCTTTGTGACCGAA-1","Keratinocytes","Keratinocytes"
"sam1_AACCTTTTCGCTAAAC-1","iPS_cells","iPS_cells"
"sam1_AACCTTTTCGCTTTAT-1","Epithelial_cells","Epithelial_cells"
"sam1_AACGAAACAACAGCTT-1","Smooth_muscle_cells","Smooth_muscle_cells"
"sam1_AACGAAACATTGCTTT-1","Chondrocytes","Unassigned"
"sam1_AACGAAAGTAATCAAG-1","Epithelial_cells","Epithelial_cells"
"sam1_AACGAAAGTAGCCAGA-1","Chondrocytes","Chondrocytes"
"sam1_AACGAAAGTTCGAACT-1","HSC_-G-CSF","HSC_-G-CSF"
"sam1_AACGAAATCAAATGAG-1","Pre-B_cell_CD34-","Pre-B_cell_CD34-"
"sam1_AACGAAATCGCTAAAC-1","Macrophage","Macrophage"
"sam1_AACGAAATCGGTGTTA-1","HSC_-G-CSF","HSC_-G-CSF"
"sam1_AACGAAATCTTACACT-1","Epithelial_cells","Epithelial_cells"
"sam1_AACGGGAAGTAGCTCT-1","NK_cell","NK_cell"
"sam1_AACGGGAGTCACCTTC-1","Macrophage","Macrophage"
"sam1_AACGGGATCCGCGATG-1","Epithelial_cells","Epithelial_cells"
"sam1_AACGGGATCTGGTTGA-1","Smooth_muscle_cells","Smooth_muscle_cells"
"sam1_AACGTCACAATGGCAG-1","Chondrocytes","Unassigned"
"sam1_AACGTCAGTGCGTTTA-1","NK_cell","NK_cell"
"sam1_AACGTCAGTTCAATCG-1","Macrophage","Macrophage"
"sam1_AACGTCAGTTGCCTAA-1","Epithelial_cells","Epithelial_cells"
"sam1_AACTTCTCATCTTAGG-1","HSC_CD34+","HSC_CD34+"
"sam1_AAGAACAAGCGAGTCA-1","Macrophage","Macrophage"
"sam1_AAGAACAAGGGATGTC-1","HSC_CD34+","HSC_CD34+"
"sam1_AAGAACACAAGTTCGT-1","Macrophage","Macrophage"
"sam1_AAGAACACACCCTGTT-1","T_cells","T_cells"
"sam1_AAGAACACATTGACCA-1","Macrophage","Macrophage"
"sam1_AAGACAACACTCAAGT-1","Macrophage","Macrophage"
"sam1_AAGACAACATAACTCG-1","Smooth_muscle_cells","Smooth_muscle_cells"
"sam1_AAGACAATCACCTTAT-1","DC","DC"
"sam1_AAGACTCAGGTCATAA-1","Macrophage","Macrophage"
"sam1_AAGACTCAGTAATCCC-1","Smooth_muscle_cells","Smooth_muscle_cells"
"sam1_AAGACTCCAGGACATG-1","Pre-B_cell_CD34-","Pre-B_cell_CD34-"
"sam1_AAGACTCGTGGCTTGC-1","Keratinocytes","Keratinocytes"
"sam1_AAGACTCGTTGCGTAT-1","Embryonic_stem_cells","Embryonic_stem_cells"
"sam1_AAGACTCTCACCTTAT-1","DC","DC"
"sam1_AAGACTCTCCAACACA-1","NK_cell","NK_cell"
"sam1_AAGATAGAGATTGGGC-1","Fibroblasts","Fibroblasts"
"sam1_AAGATAGCATAATCCG-1","DC","DC"
"sam1_AAGATAGGTACAAACA-1","Keratinocytes","Keratinocytes"
"sam1_AAGATAGGTACCATAC-1","Macrophage","Unassigned"
"sam1_AAGATAGTCGCAATGT-1","Pro-B_cell_CD34+","Pro-B_cell_CD34+"
"sam1_AAGCATCAGCGCATCC-1","DC","DC"
"sam1_AAGCATCAGTAGTCAA-1","Macrophage","Macrophage"
"sam1_AAGCATCCACACACGC-1","Epithelial_cells","Epithelial_cells"
"sam1_AAGCATCCAGGAGGTT-1","Smooth_muscle_cells","Smooth_muscle_cells"
"sam1_AAGCATCTCCTGTTAT-1","Macrophage","Unassigned"
"sam1_AAGCATCTCGATCCCT-1","iPS_cells","iPS_cells"
"sam1_AAGCCATAGCGGCTCT-1","Chondrocytes","Chondrocytes"
"sam1_AAGCCATAGCTCCATA-1","T_cells","T_cells"
"sam1_AAGCCATCAGCAGTAG-1","Pre-B_cell_CD34-","Pre-B_cell_CD34-"
"sam1_AAGCCATGTCCCTCAT-1","Epithelial_cells","Epithelial_cells"
"sam1_AAGCCATTCACTCTTA-1","Macrophage","Macrophage"
"sam1_AAGCCATTCCAGTGCG-1","Keratinocytes","Keratinocytes"
"sam1_AAGCGAGAGAGGTTAT-1","Epithelial_cells","Epithelial_cells"
"sam1_AAGCGAGAGCATGCAG-1","GMP","GMP"
"sam1_AAGCGAGCAAAGGATT-1","Macrophage","Macrophage"
"sam1_AAGCGAGCAAGCCTGC-1","T_cells","T_cells"
"sam1_AAGCGAGCAATTGAGA-1","Keratinocytes","Keratinocytes"
"sam1_AAGCGAGGTCCCAAAT-1","Macrophage","Macrophage"
"sam1_AAGCGAGTCACTTCTA-1","MSC","MSC"
"sam1_AAGCGAGTCTGGTGCG-1","Fibroblasts","Fibroblasts"
"sam1_AAGCGTTAGATTGTGA-1","Smooth_muscle_cells","Smooth_muscle_cells"
"sam1_AAGCGTTCACAGTATC-1","Epithelial_cells","Epithelial_cells"
"sam1_AAGCGTTCACGCCAGT-1","T_cells","T_cells"
"sam1_AAGCGTTTCCAAGCCG-1","Macrophage","Macrophage"
"sam1_AAGGAATCACACCTGG-1","T_cells","T_cells"
"sam1_AAGGAATCAGTTAAAG-1","NK_cell","NK_cell"
"sam1_AAGGAATCATTGGGAG-1","Macrophage","Macrophage"
"sam1_AAGGAATGTGCGTCGT-1","Fibroblasts","Fibroblasts"
"sam1_AAGGAATTCCATGATG-1","Neutrophils","Neutrophils"
"sam1_AAGGAATTCTAGATCG-1","Epithelial_cells","Epithelial_cells"
"sam1_AAGGTAAAGAGGATGA-1","MSC","MSC"
"sam1_AAGGTAAAGCGGATCA-1","Keratinocytes","Keratinocytes"
"sam1_AAGGTAACAAACGGCA-1","Fibroblasts","Fibroblasts"
"sam1_AAGGTAACAAAGAACT-1","Chondrocytes","Chondrocytes"
"sam1_AAGGTAACACATCCCT-1","Fibroblasts","Fibroblasts"
"sam1_AAGGTAACAGCATACT-1","Macrophage","Unassigned"
"sam1_AAGGTAACAGTTCCAA-1","HSC_CD34+","HSC_CD34+"
"sam1_AAGGTAACATACATCG-1","Macrophage","Macrophage"
"sam1_AAGGTAAGTATACCTG-1","Embryonic_stem_cells","Embryonic_stem_cells"
"sam1_AAGGTAAGTATGTCTG-1","Epithelial_cells","Epithelial_cells"
"sam1_AAGGTAATCCCTTGTG-1","Macrophage","Unassigned"
"sam1_AAGGTAATCCTTGGAA-1","Epithelial_cells","Epithelial_cells"
"sam1_AAGGTAATCTCTCGAC-1","MSC","MSC"
"sam1_AAGTACCCACTACGGC-1","Fibroblasts","Unassigned"
"sam1_AAGTACCCAGTAGTTC-1","Epithelial_cells","Epithelial_cells"
"sam1_AAGTACCCATTGCCTC-1","iPS_cells","iPS_cells"
"sam1_AAGTACCGTCCAGCCA-1","DC","DC"
"sam1_AAGTACCTCACCTTGC-1","Epithelial_cells","Epithelial_cells"
"sam1_AAGTCGTGTGTAGCAG-1","DC","DC"
"sam1_AAGTCGTGTTACCCAA-1","Fibroblasts","Fibroblasts"
"sam1_AAGTCGTTCGTGACTA-1","Macrophage","Macrophage"
"sam1_AAGTGAAAGTGATTCC-1","Fibroblasts","Fibroblasts"
"sam1_AAGTGAACAACGACAG-1","T_cells","T_cells"
"sam1_AAGTGAACATCTGGGC-1","T_cells","T_cells"
"sam1_AAGTGAAGTCGGATTT-1","Osteoblasts","Osteoblasts"
"sam1_AAGTGAATCCTACGAA-1","DC","DC"
"sam1_AAGTGAATCGATGCAT-1","Macrophage","Macrophage"
"sam1_AAGTGAATCTGCTTTA-1","Macrophage","Macrophage"
"sam1_AAGTTCGAGAGGCTGT-1","BM","BM"
"sam1_AAGTTCGAGTTTGAGA-1","Macrophage","Macrophage"
"sam1_AAGTTCGGTTTCAGAC-1","Epithelial_cells","Epithelial_cells"
"sam1_AATAGAGAGTGTAGAT-1","NK_cell","NK_cell"
"sam1_AATAGAGCAAGAGTTA-1","Macrophage","Macrophage"
"sam1_AATAGAGCAGGCTACC-1","DC","DC"
"sam1_AATAGAGGTAATGTGA-1","Smooth_muscle_cells","Smooth_muscle_cells"
"sam1_AATAGAGTCTATTGTC-1","Fibroblasts","Fibroblasts"
"sam1_AATCACGAGCCATATC-1","NK_cell","NK_cell"
"sam1_AATCACGCAAGCAGGT-1","Epithelial_cells","Epithelial_cells"
"sam1_AATCACGCAGCTACAT-1","T_cells","T_cells"
"sam1_AATCACGCAGTCAGTT-1","Macrophage","Macrophage"
"sam1_AATCACGGTCCGACGT-1","CMP","CMP"
"sam1_AATCACGGTCCTGGGT-1","BM","BM"
"sam1_AATCACGTCCACCTGT-1","Epithelial_cells","Epithelial_cells"
"sam1_AATCACGTCCATTGCC-1","DC","DC"
"sam1_AATCACGTCGCTACGG-1","Chondrocytes","Chondrocytes"
"sam1_AATCACGTCTTTCCGG-1","Epithelial_cells","Epithelial_cells"
"sam1_AATCGACCATAATGCC-1","T_cells","T_cells"
"sam1_AATCGACTCCAACTAG-1","Pre-B_cell_CD34-","Pre-B_cell_CD34-"
"sam1_AATCGACTCCTTGACC-1","BM","BM"
"sam1_AATCGTGCAAGAGGCT-1","Fibroblasts","Fibroblasts"
"sam1_AATCGTGGTATGAGAT-1","Epithelial_cells","Epithelial_cells"
"sam1_AATCGTGTCACTAGCA-1","Fibroblasts","Fibroblasts"
"sam1_AATCGTGTCAGGACGA-1","NK_cell","NK_cell"
"sam1_AATCGTGTCCTGTTGC-1","Macrophage","Macrophage"
"sam1_AATCGTGTCGTGGCTG-1","Epithelial_cells","Epithelial_cells"
"sam1_AATCGTGTCTTGCAGA-1","Pre-B_cell_CD34-","Pre-B_cell_CD34-"
"sam1_AATGAAGAGTAAACTG-1","T_cells","T_cells"
"sam1_AATGAAGCACCACATA-1","Fibroblasts","Fibroblasts"
"sam1_AATGAAGCACGAAGAC-1","Macrophage","Unassigned"
"sam1_AATGAAGGTCGTACTA-1","Macrophage","Macrophage"
"sam1_AATGAAGGTCTCGACG-1","T_cells","T_cells"
"sam1_AATGAAGGTTAACCTG-1","Epithelial_cells","Epithelial_cells"
"sam1_AATGACCCAAGCCTGC-1","Embryonic_stem_cells","Embryonic_stem_cells"
"sam1_AATGACCCATCAGCAT-1","DC","DC"
"sam1_AATGACCGTCAAGCCC-1","Macrophage","Unassigned"
"sam1_AATGACCGTCAAGTTC-1","Fibroblasts","Fibroblasts"
"sam1_AATGACCGTCACTGAT-1","Epithelial_cells","Epithelial_cells"
"sam1_AATGACCTCAATCTTC-1","Macrophage","Macrophage"
"sam1_AATGACCTCACCCTCA-1","Macrophage","Macrophage"
"sam1_AATGACCTCTTGAACG-1","Macrophage","Unassigned"
"sam1_AATGCCAAGCCTTTCC-1","Keratinocytes","Keratinocytes"
"sam1_AATGCCAAGCTGGCCT-1","Epithelial_cells","Epithelial_cells"
"sam1_AATGCCAAGTCCCGAC-1","T_cells","T_cells"
"sam1_AATGCCAGTCGAAACG-1","Pro-B_cell_CD34+","Pro-B_cell_CD34+"
"sam1_AATGCCAGTTCCCAAA-1","Fibroblasts","Unassigned"
"sam1_AATGCCATCCATTGGA-1","Epithelial_cells","Epithelial_cells"
"sam1_AATGGAAAGTACTCGT-1","Macrophage","Macrophage"
"sam1_AATGGAAGTCTCTCAC-1","Smooth_muscle_cells","Smooth_muscle_cells"
"sam1_AATGGAAGTGGTTTAC-1","Fibroblasts","Fibroblasts"
"sam1_AATGGAATCTGTACAG-1","Epithelial_cells","Epithelial_cells"
"sam1_AATGGCTAGCCATTTG-1","Embryonic_stem_cells","Embryonic_stem_cells"
"sam1_AATGGCTCAGACCAGA-1","T_cells","T_cells"
"sam1_AATGGCTCAGTATTCG-1","Macrophage","Macrophage"
"sam1_AATGGCTCAGTCAACT-1","Epithelial_cells","Epithelial_cells"
"sam1_AATGGCTCAGTCAGCC-1","Monocyte","Monocyte"
"sam1_AATGGCTTCCATAGAC-1","Pre-B_cell_CD34-","Pre-B_cell_CD34-"
"sam1_AATGGCTTCCATGATG-1","BM","BM"
"sam1_AATGGCTTCTCCGAGG-1","Macrophage","Unassigned"
"sam1_AATTCCTAGACTCAAA-1","Smooth_muscle_cells","Smooth_muscle_cells"
"sam1_AATTCCTAGCGTGTCC-1","Macrophage","Unassigned"
"sam1_AATTCCTAGGTACAAT-1","BM","BM"
"sam1_AATTCCTCATGGAATA-1","Macrophage","Macrophage"
"sam1_AATTCCTCATGTAACC-1","Fibroblasts","Fibroblasts"
"sam1_AATTCCTTCCTGTAAG-1","Fibroblasts","Fibroblasts"
"sam1_AATTCCTTCTATTTCG-1","Pro-B_cell_CD34+","Pro-B_cell_CD34+"
"sam1_AATTTCCAGTACAACA-1","Smooth_muscle_cells","Smooth_muscle_cells"
"sam1_AATTTCCCATCTCCCA-1","Macrophage","Unassigned"
"sam1_AATTTCCCATTGTGCA-1","Epithelial_cells","Epithelial_cells"
"sam1_AATTTCCGTCGAGCTC-1","Smooth_muscle_cells","Smooth_muscle_cells"
"sam1_AATTTCCGTTGCCAAT-1","Embryonic_stem_cells","Embryonic_stem_cells"
"sam1_AATTTCCTCCACTTCG-1","DC","DC"
"sam1_AATTTCCTCGTGCTCT-1","Epithelial_cells","Epithelial_cells"
"sam1_AATTTCCTCGTTGTAG-1","B_cell","B_cell"
"sam1_AATTTCCTCTACCACC-1","Epithelial_cells","Epithelial_cells"
"sam1_AATTTCCTCTCCAATT-1","Neuroepithelial_cell","Neuroepithelial_cell"
"sam1_ACAAAGAAGCTCAGAG-1","Macrophage","Macrophage"
"sam1_ACAAAGACATGAAAGT-1","HSC_-G-CSF","HSC_-G-CSF"
"sam1_ACAAAGAGTCATATGC-1","Epithelial_cells","Epithelial_cells"
"sam1_ACAAAGATCGAACCAT-1","Epithelial_cells","Epithelial_cells"
"sam1_ACAAAGATCGGCACTG-1","Macrophage","Macrophage"
"sam1_ACAACCAAGGGCCTCT-1","Epithelial_cells","Epithelial_cells"
"sam1_ACAACCAAGTGTCATC-1","Fibroblasts","Fibroblasts"
"sam1_ACAACCACAATCAAGA-1","Macrophage","Macrophage"
"sam1_ACAACCACACCGCTGA-1","Macrophage","Unassigned"
"sam1_ACAACCAGTCCAGCCA-1","Epithelial_cells","Epithelial_cells"
"sam1_ACAACCATCACCTGTC-1","Epithelial_cells","Epithelial_cells"
"sam1_ACAACCATCCCGAATA-1","Epithelial_cells","Epithelial_cells"
"sam1_ACAACCATCCCGTGAG-1","Macrophage","Unassigned"
"sam1_ACAACCATCGATTTCT-1","Pre-B_cell_CD34-","Pre-B_cell_CD34-"
"sam1_ACAACCATCGTGTGAT-1","Fibroblasts","Fibroblasts"
"sam1_ACAACCATCTTCTAAC-1","Neutrophils","Neutrophils"
"sam1_ACAACCATCTTCTTCC-1","Macrophage","Macrophage"
"sam1_ACAAGCTAGAGCATAT-1","NK_cell","NK_cell"
"sam1_ACAAGCTCACCAACAT-1","Smooth_muscle_cells","Unassigned"
"sam1_ACACAGTAGGCAGTCA-1","NK_cell","NK_cell"
"sam1_ACACAGTCAACGACTT-1","T_cells","T_cells"
"sam1_ACACAGTCAATAACGA-1","Epithelial_cells","Epithelial_cells"
"sam1_ACACAGTGTCTGTAAC-1","NK_cell","NK_cell"
"sam1_ACACAGTTCCATTCAT-1","DC","DC"
"sam1_ACACAGTTCTCTATAC-1","Macrophage","Macrophage"
"sam1_ACACCAAAGCACTTTG-1","T_cells","T_cells"
"sam1_ACACCAACACCAGACC-1","Macrophage","Macrophage"
"sam1_ACACCAACACTTACAG-1","Epithelial_cells","Epithelial_cells"
"sam1_ACACCAACATGGTACT-1","Epithelial_cells","Epithelial_cells"
"sam1_ACACCAAGTGAATTGA-1","Macrophage","Macrophage"
"sam1_ACACCAAGTGTTACAC-1","T_cells","T_cells"
"sam1_ACACCAATCACTGAAC-1","Macrophage","Macrophage"
"sam1_ACACCAATCCCTAGGG-1","Epithelial_cells","Epithelial_cells"
"sam1_ACACCAATCCCTCATG-1","DC","DC"
"sam1_ACACGCGCAATCGCGC-1","Epithelial_cells","Epithelial_cells"
"sam1_ACACGCGCATTGGCAT-1","Keratinocytes","Keratinocytes"
"sam1_ACACGCGGTGGATCGA-1","Macrophage","Macrophage"
"sam1_ACACGCGTCACGATAC-1","Pro-B_cell_CD34+","Pro-B_cell_CD34+"
"sam1_ACACTGACAACCTATG-1","Epithelial_cells","Epithelial_cells"
"sam1_ACACTGAGTGTTCATG-1","Macrophage","Macrophage"
"sam1_ACACTGAGTTCGGCGT-1","Macrophage","Macrophage"
"sam1_ACACTGATCCCATGGG-1","Epithelial_cells","Epithelial_cells"
"sam1_ACACTGATCTACACAG-1","Epithelial_cells","Epithelial_cells"
"sam1_ACAGAAACACCCATAA-1","Epithelial_cells","Epithelial_cells"
"sam1_ACAGAAACAGGAATCG-1","Keratinocytes","Keratinocytes"
"sam1_ACAGAAACATGCAGCC-1","Epithelial_cells","Epithelial_cells"
"sam1_ACAGAAAGTTACCCTC-1","Hepatocytes","Hepatocytes"
"sam1_ACAGAAATCCAACTAG-1","Macrophage","Macrophage"
"sam1_ACAGAAATCCCATGGG-1","Pro-B_cell_CD34+","Pro-B_cell_CD34+"
"sam1_ACAGAAATCCGGGACT-1","Epithelial_cells","Epithelial_cells"
"sam1_ACAGCCGAGCCTCAAT-1","T_cells","T_cells"
"sam1_ACAGCCGAGGCTGAAC-1","Epithelial_cells","Epithelial_cells"
"sam1_ACAGCCGAGTGGATTA-1","Neurons","Neurons"
"sam1_ACAGCCGCAAGGTCAG-1","BM","BM"
"sam1_ACAGCCGCACTGCACG-1","Macrophage","Macrophage"
"sam1_ACAGCCGGTCCAGTTA-1","Epithelial_cells","Epithelial_cells"
"sam1_ACAGCCGGTCCATCTC-1","Fibroblasts","Fibroblasts"
"sam1_ACAGCCGGTGTGTACT-1","Macrophage","Macrophage"
"sam1_ACAGCCGTCGAGGCAA-1","Fibroblasts","Fibroblasts"
"sam1_ACAGGGAAGACGACTG-1","Chondrocytes","Chondrocytes"
"sam1_ACAGGGAAGCCAGACA-1","Pro-B_cell_CD34+","Pro-B_cell_CD34+"
"sam1_ACAGGGACAAGTATCC-1","Pro-Myelocyte","Pro-Myelocyte"
"sam1_ACAGGGAGTAGCACAG-1","Epithelial_cells","Epithelial_cells"
"sam1_ACATCCCAGAGGATCC-1","Smooth_muscle_cells","Smooth_muscle_cells"
"sam1_ACATCCCAGAGTCTTC-1","Macrophage","Unassigned"
"sam1_ACATCCCAGCTCCATA-1","Epithelial_cells","Epithelial_cells"
"sam1_ACATCCCAGGCCTGCT-1","Epithelial_cells","Epithelial_cells"
"sam1_ACATCCCAGTAAACTG-1","DC","DC"
"sam1_ACATCCCCACTTCAGA-1","Fibroblasts","Fibroblasts"
"sam1_ACATCCCCAGCTATTG-1","Epithelial_cells","Epithelial_cells"
"sam1_ACATCCCCAGCTTTCC-1","Keratinocytes","Keratinocytes"
"sam1_ACATCCCGTGCAGTGA-1","Macrophage","Macrophage"
"sam1_ACATCCCGTGGTTCTA-1","Fibroblasts","Fibroblasts"
"sam1_ACATCCCTCATCACAG-1","Epithelial_cells","Epithelial_cells"
"sam1_ACATCCCTCATCGCTC-1","Pro-B_cell_CD34+","Pro-B_cell_CD34+"
"sam1_ACATCCCTCCACACAA-1","Fibroblasts","Fibroblasts"
"sam1_ACATCCCTCCACGTGG-1","Pre-B_cell_CD34-","Pre-B_cell_CD34-"
"sam1_ACATCCCTCCATAGAC-1","Fibroblasts","Fibroblasts"
"sam1_ACATCCCTCTTAGTTC-1","T_cells","T_cells"
"sam1_ACATCCCTCTTTGATC-1","Epithelial_cells","Epithelial_cells"
"sam1_ACATCGAAGATCACTC-1","Macrophage","Unassigned"
"sam1_ACATCGACAAACGGCA-1","Fibroblasts","Fibroblasts"
"sam1_ACATCGACAAGTCATC-1","Pro-B_cell_CD34+","Pro-B_cell_CD34+"
"sam1_ACATCGACACCCTAGG-1","iPS_cells","iPS_cells"
"sam1_ACATCGACACTATGTG-1","Smooth_muscle_cells","Smooth_muscle_cells"
"sam1_ACATCGACATGACCCG-1","Epithelial_cells","Epithelial_cells"
"sam1_ACATGCAAGCGCCTCA-1","Epithelial_cells","Epithelial_cells"
"sam1_ACATGCAAGTGTGTTC-1","Macrophage","Macrophage"
"sam1_ACATGCACACTACCCT-1","Smooth_muscle_cells","Unassigned"
"sam1_ACATGCAGTACAAGCG-1","Fibroblasts","Unassigned"
"sam1_ACATGCAGTGTCACAT-1","Macrophage","Macrophage"
"sam1_ACATGCAGTTGTCCCT-1","Pro-B_cell_CD34+","Pro-B_cell_CD34+"
"sam1_ACATGCATCGCTACAA-1","Epithelial_cells","Epithelial_cells"
"sam1_ACATGCATCGGCTGAC-1","Epithelial_cells","Epithelial_cells"
"sam1_ACATTTCAGGAACTAT-1","Fibroblasts","Fibroblasts"
"sam1_ACATTTCCACATAACC-1","HSC_-G-CSF","HSC_-G-CSF"
"sam1_ACATTTCCACATCCCT-1","Neutrophils","Neutrophils"
"sam1_ACATTTCCAGTGGGTA-1","Keratinocytes","Keratinocytes"
"sam1_ACATTTCGTAGCGATG-1","Fibroblasts","Fibroblasts"
"sam1_ACATTTCTCATTGCCC-1","DC","DC"
"sam1_ACCAAACCAAAGCTCT-1","Pro-B_cell_CD34+","Pro-B_cell_CD34+"
"sam1_ACCAAACCAGTTGTTG-1","Epithelial_cells","Epithelial_cells"
"sam1_ACCAAACCATGACGGA-1","Macrophage","Macrophage"
"sam1_ACCAAACGTAGCTTGT-1","Pro-B_cell_CD34+","Pro-B_cell_CD34+"
"sam1_ACCAAACGTATAGCTC-1","DC","DC"
"sam1_ACCAAACGTCTAACTG-1","Macrophage","Macrophage"
"sam1_ACCAACAAGTCTTCCC-1","DC","DC"
"sam1_ACCAACACATCATGAC-1","NK_cell","NK_cell"
"sam1_ACCAACACATTCATCT-1","Osteoblasts","Osteoblasts"
"sam1_ACCAACAGTCGTCATA-1","Macrophage","Macrophage"
"sam1_ACCAACAGTGATGTAA-1","Macrophage","Unassigned"
"sam1_ACCAACATCGTCGACG-1","DC","DC"
"sam1_ACCACAAAGTCCGTCG-1","Macrophage","Macrophage"
"sam1_ACCACAACACTCCGAG-1","Epithelial_cells","Epithelial_cells"
"sam1_ACCACAAGTCCTGAAT-1","Epithelial_cells","Epithelial_cells"
"sam1_ACCACAAGTGAGTGAC-1","Smooth_muscle_cells","Smooth_muscle_cells"
"sam1_ACCACAATCCTTACCG-1","BM","BM"
"sam1_ACCACAATCTTCTAAC-1","DC","DC"
"sam1_ACCATTTAGCCTTCTC-1","Astrocyte","Astrocyte"
"sam1_ACCATTTAGCTTTGTG-1","Macrophage","Unassigned"
"sam1_ACCATTTCAATCTGCA-1","Epithelial_cells","Epithelial_cells"
"sam1_ACCATTTCACAACGAG-1","Fibroblasts","Fibroblasts"
"sam1_ACCATTTCACGAGGTA-1","HSC_-G-CSF","HSC_-G-CSF"
"sam1_ACCATTTCACTTGACA-1","Epithelial_cells","Epithelial_cells"
"sam1_ACCATTTCATACTTTC-1","HSC_CD34+","HSC_CD34+"
"sam1_ACCATTTGTAACCCTA-1","DC","DC"
"sam1_ACCATTTGTAGACACG-1","Macrophage","Macrophage"
"sam1_ACCATTTGTCCAACGC-1","Epithelial_cells","Epithelial_cells"
"sam1_ACCATTTGTTTACTTC-1","Keratinocytes","Keratinocytes"
"sam1_ACCCAAAAGAGAACCC-1","NK_cell","NK_cell"
"sam1_ACCCAAAAGCCTATTG-1","Macrophage","Macrophage"
"sam1_ACCCAAACACTCCCTA-1","Epithelial_cells","Epithelial_cells"
"sam1_ACCCAAAGTCTAGGCC-1","Keratinocytes","Keratinocytes"
"sam1_ACCCAAATCCATTGCC-1","Macrophage","Macrophage"
"sam1_ACCCAAATCGGAGTGA-1","Epithelial_cells","Epithelial_cells"
"sam1_ACCCAAATCTATACGG-1","Epithelial_cells","Epithelial_cells"
"sam1_ACCCAAATCTCGACCT-1","T_cells","T_cells"
"sam1_ACCCTCAAGCGATCGA-1","BM","BM"
"sam1_ACCCTCAAGGTTACAA-1","Macrophage","Macrophage"
"sam1_ACCCTCACAACACGTT-1","Neurons","Neurons"
"sam1_ACCCTCACAAGCTACT-1","GMP","GMP"
"sam1_ACCCTCACACAGCTGC-1","Epithelial_cells","Epithelial_cells"
"sam1_ACCCTCACATGACACT-1","DC","DC"
"sam1_ACCCTCAGTACCGTGC-1","Fibroblasts","Fibroblasts"
"sam1_ACCCTCAGTGATGTAA-1","Fibroblasts","Fibroblasts"
"sam1_ACCCTCAGTGTAGCAG-1","T_cells","T_cells"
"sam1_ACCCTCATCAAGTTGC-1","T_cells","T_cells"
"sam1_ACCCTCATCAATGCAC-1","Hepatocytes","Hepatocytes"
"sam1_ACCCTCATCCGCATAA-1","Epithelial_cells","Epithelial_cells"
"sam1_ACCCTCATCTGCTAGA-1","Epithelial_cells","Epithelial_cells"
"sam1_ACCCTCATCTTAGCTT-1","Epithelial_cells","Epithelial_cells"
"sam1_ACCCTTGAGAAGTCAT-1","Epithelial_cells","Epithelial_cells"
"sam1_ACCCTTGCAATCAGCT-1","Epithelial_cells","Epithelial_cells"
"sam1_ACCCTTGCAATTTCGG-1","Macrophage","Macrophage"
"sam1_ACCCTTGCACAAATCC-1","HSC_-G-CSF","HSC_-G-CSF"
"sam1_ACCCTTGCAGGCCCTA-1","Neutrophils","Neutrophils"
"sam1_ACCCTTGCAGTATGAA-1","Epithelial_cells","Epithelial_cells"
"sam1_ACCCTTGGTCCCTGTT-1","Epithelial_cells","Epithelial_cells"
"sam1_ACCCTTGGTGCTCTCT-1","T_cells","T_cells"
"sam1_ACCGTTCAGGACCCAA-1","Epithelial_cells","Epithelial_cells"
"sam1_ACCGTTCAGGGAGGCA-1","BM","BM"
"sam1_ACCGTTCCACGCACCA-1","NK_cell","NK_cell"
"sam1_ACCGTTCCATCTGGGC-1","T_cells","T_cells"
"sam1_ACCGTTCGTCAACACT-1","B_cell","B_cell"
"sam1_ACCGTTCTCGAGGCAA-1","Epithelial_cells","Epithelial_cells"
"sam1_ACCTACCAGCTTTCTT-1","Fibroblasts","Fibroblasts"
"sam1_ACCTACCAGGCCACTC-1","DC","DC"
"sam1_ACCTACCAGGCTTTCA-1","Pre-B_cell_CD34-","Pre-B_cell_CD34-"
"sam1_ACCTACCAGGGTCAAC-1","MSC","MSC"
"sam1_ACCTACCCAAAGGATT-1","Macrophage","Macrophage"
"sam1_ACCTACCCACAAATGA-1","DC","DC"
"sam1_ACCTACCCATGACGGA-1","Pro-Myelocyte","Pro-Myelocyte"
"sam1_ACCTACCGTCAACGCC-1","HSC_-G-CSF","HSC_-G-CSF"
"sam1_ACCTACCTCAACCCGG-1","Epithelial_cells","Epithelial_cells"
"sam1_ACCTACCTCACTCTTA-1","Epithelial_cells","Epithelial_cells"
"sam1_ACCTACCTCCACACCT-1","Epithelial_cells","Epithelial_cells"
"sam1_ACCTACCTCTAAGCGT-1","Macrophage","Macrophage"
"sam1_ACCTGAAAGACATATG-1","Smooth_muscle_cells","Smooth_muscle_cells"
"sam1_ACCTGAAAGAGGGTAA-1","Pro-B_cell_CD34+","Pro-B_cell_CD34+"
"sam1_ACCTGAAAGCTAAATG-1","Epithelial_cells","Epithelial_cells"
"sam1_ACCTGAACAGATAAAC-1","Fibroblasts","Fibroblasts"
"sam1_ACCTGAACAGCGTGAA-1","Smooth_muscle_cells","Smooth_muscle_cells"
"sam1_ACCTGAAGTCCGAAGA-1","Fibroblasts","Fibroblasts"
"sam1_ACCTGAATCAAGCCAT-1","Macrophage","Macrophage"
"sam1_ACCTGTCCAGGCACTC-1","Epithelial_cells","Epithelial_cells"
"sam1_ACCTGTCCATAGAAAC-1","BM","BM"
"sam1_ACCTGTCGTGCCGGTT-1","GMP","GMP"
"sam1_ACCTGTCTCACACCCT-1","Epithelial_cells","Epithelial_cells"
"sam1_ACCTGTCTCCTCACTG-1","Epithelial_cells","Epithelial_cells"
"sam1_ACCTGTCTCTCCAATT-1","Keratinocytes","Keratinocytes"
"sam1_ACGATCAAGACTCCGC-1","Macrophage","Unassigned"
"sam1_ACGATCATCGGATACT-1","Macrophage","Macrophage"
"sam1_ACGATCATCGTAGCTA-1","Osteoblasts","Osteoblasts"
"sam1_ACGATCATCGTTCTAT-1","T_cells","T_cells"
"sam1_ACGATCATCTTTCCGG-1","Epithelial_cells","Epithelial_cells"
"sam1_ACGATGTCACGACTAT-1","BM","BM"
"sam1_ACGATGTGTTAGGAGC-1","Macrophage","Macrophage"
"sam1_ACGATGTTCATTCATC-1","BM","BM"
"sam1_ACGCACGAGCATTTGC-1","Keratinocytes","Keratinocytes"
"sam1_ACGCACGAGGCCGCTT-1","Pro-Myelocyte","Pro-Myelocyte"
"sam1_ACGCACGAGTCTGCAT-1","Macrophage","Macrophage"
"sam1_ACGCACGCACTACCGG-1","Epithelial_cells","Epithelial_cells"
"sam1_ACGCACGGTCCTTAAG-1","DC","DC"
"sam1_ACGCACGGTGCCGAAA-1","NK_cell","NK_cell"
"sam1_ACGCACGTCCAGCAAT-1","MEP","MEP"
"sam1_ACGCACGTCCAGTACA-1","Macrophage","Macrophage"
"sam1_ACGCACGTCTGTAACG-1","Macrophage","Macrophage"
"sam1_ACGGAAGAGCCGATTT-1","Fibroblasts","Fibroblasts"
"sam1_ACGGAAGAGGACGCAT-1","NK_cell","NK_cell"
"sam1_ACGGAAGCAAGATCCT-1","BM","BM"
"sam1_ACGGAAGCAGACCGCT-1","Macrophage","Macrophage"
"sam1_ACGGAAGCATGGCTAT-1","T_cells","T_cells"
"sam1_ACGGAAGTCAACTTTC-1","Neuroepithelial_cell","Neuroepithelial_cell"
"sam1_ACGGAAGTCCAAGAGG-1","Platelets","Platelets"
"sam1_ACGGGTCAGACTTCCA-1","Pro-B_cell_CD34+","Pro-B_cell_CD34+"
"sam1_ACGGGTCAGGCTGAAC-1","Fibroblasts","Fibroblasts"
"sam1_ACGGGTCCAGACCATT-1","Neurons","Neurons"
"sam1_ACGGGTCGTAGCTGCC-1","Fibroblasts","Fibroblasts"
"sam1_ACGGGTCTCCAGTGTA-1","Pre-B_cell_CD34-","Pre-B_cell_CD34-"
"sam1_ACGGGTCTCTCGCTTG-1","Hepatocytes","Hepatocytes"
"sam1_ACGGTCGCAAACTCTG-1","Fibroblasts","Fibroblasts"
"sam1_ACGGTCGGTCATCGCG-1","Hepatocytes","Hepatocytes"
"sam1_ACGGTCGGTCCCACGA-1","NK_cell","NK_cell"
"sam1_ACGGTCGGTCGCACGT-1","Macrophage","Macrophage"
"sam1_ACGGTCGGTGTCTCCT-1","Epithelial_cells","Epithelial_cells"
"sam1_ACGGTCGTCCTTGGAA-1","Macrophage","Macrophage"
"sam1_ACGGTTACACCGGAAA-1","Macrophage","Unassigned"
"sam1_ACGGTTATCCACAGCG-1","Pro-B_cell_CD34+","Pro-B_cell_CD34+"
"sam1_ACGGTTATCGACATAC-1","Macrophage","Macrophage"
"sam1_ACGGTTATCTCCGATC-1","Endothelial_cells","Endothelial_cells"
"sam1_ACGTAACCATGTTACG-1","NK_cell","NK_cell"
"sam1_ACGTAACGTAGAATAC-1","Macrophage","Macrophage"
"sam1_ACGTAACGTCGCACAC-1","Pre-B_cell_CD34-","Pre-B_cell_CD34-"
"sam1_ACGTAACGTTAAGAAC-1","Macrophage","Macrophage"
"sam1_ACGTAACTCCGACAGC-1","Fibroblasts","Fibroblasts"
"sam1_ACGTAACTCGCGCCAA-1","BM","BM"
"sam1_ACGTACACAGTAACGG-1","Smooth_muscle_cells","Smooth_muscle_cells"
"sam1_ACGTACAGTATCGATC-1","Epithelial_cells","Epithelial_cells"
"sam1_ACGTACATCATTATCC-1","Pre-B_cell_CD34-","Pre-B_cell_CD34-"
"sam1_ACGTACATCATTCATC-1","Pre-B_cell_CD34-","Pre-B_cell_CD34-"
"sam1_ACGTACATCTTAAGGC-1","Macrophage","Macrophage"
"sam1_ACGTAGTAGGCATCTT-1","Macrophage","Macrophage"
"sam1_ACGTAGTCATACTGAC-1","Macrophage","Macrophage"
"sam1_ACGTAGTTCATCGTAG-1","Epithelial_cells","Epithelial_cells"
"sam1_ACGTCCTCAACGGCTC-1","Chondrocytes","Chondrocytes"
"sam1_ACGTCCTCAACTGGTT-1","Epithelial_cells","Epithelial_cells"
"sam1_ACGTCCTCAAGAGGCT-1","Epithelial_cells","Epithelial_cells"
"sam1_ACGTCCTCACAATGCT-1","Fibroblasts","Fibroblasts"
"sam1_ACGTCCTCAGTACTAC-1","Epithelial_cells","Epithelial_cells"
"sam1_ACGTCCTCAGTGGGTA-1","Epithelial_cells","Epithelial_cells"
"sam1_ACGTCCTGTAAGGCCA-1","Epithelial_cells","Epithelial_cells"
"sam1_ACGTCCTTCGCTTGAA-1","Macrophage","Macrophage"
"sam1_ACGTTCCAGATGTAGT-1","Epithelial_cells","Epithelial_cells"
"sam1_ACGTTCCCATCCTTCG-1","Keratinocytes","Keratinocytes"
"sam1_ACGTTCCCATCGAACT-1","Keratinocytes","Keratinocytes"
"sam1_ACGTTCCGTATAATGG-1","NK_cell","NK_cell"
"sam1_ACTACGAAGCGAAACC-1","Epithelial_cells","Epithelial_cells"
"sam1_ACTACGAAGGTCATCT-1","NK_cell","NK_cell"
"sam1_ACTACGAAGTCAATCC-1","Epithelial_cells","Epithelial_cells"
"sam1_ACTACGACAGCCCACA-1","Epithelial_cells","Epithelial_cells"
"sam1_ACTACGAGTCGCGTCA-1","Macrophage","Macrophage"
"sam1_ACTACGAGTGGTTCTA-1","Macrophage","Macrophage"
"sam1_ACTACGAGTTCTGAGT-1","Keratinocytes","Keratinocytes"
"sam1_ACTACGATCCATTCGC-1","T_cells","T_cells"
"sam1_ACTACGATCTGACGCG-1","BM","BM"
"sam1_ACTACGATCTTCGTAT-1","Epithelial_cells","Epithelial_cells"
"sam1_ACTATCTAGCCTTTCC-1","HSC_CD34+","HSC_CD34+"
"sam1_ACTATCTCACGCCAGT-1","Macrophage","Unassigned"
"sam1_ACTATCTCAGAGTGAC-1","HSC_-G-CSF","HSC_-G-CSF"
"sam1_ACTATCTGTCTGCAAT-1","Epithelial_cells","Epithelial_cells"
"sam1_ACTATCTTCCACTTTA-1","Smooth_muscle_cells","Smooth_muscle_cells"
"sam1_ACTATCTTCCTGTTAT-1","DC","DC"
"sam1_ACTATCTTCGCTTGAA-1","Epithelial_cells","Epithelial_cells"
"sam1_ACTATGGAGGTTTGAA-1","Pro-B_cell_CD34+","Pro-B_cell_CD34+"
"sam1_ACTATGGCAATGAAAC-1","Epithelial_cells","Epithelial_cells"
"sam1_ACTATGGCACCGCTAG-1","Macrophage","Macrophage"
"sam1_ACTATGGCACTCGATA-1","NK_cell","NK_cell"
"sam1_ACTATGGCAGGTGAGT-1","Chondrocytes","Chondrocytes"
"sam1_ACTATGGGTATGGTTC-1","Macrophage","Macrophage"
"sam1_ACTATGGTCCCTTGGT-1","Fibroblasts","Fibroblasts"
"sam1_ACTATGGTCCCTTGTG-1","Pre-B_cell_CD34-","Pre-B_cell_CD34-"
"sam1_ACTATGGTCCTTATCA-1","Epithelial_cells","Epithelial_cells"
"sam1_ACTATTCAGCTGCCAC-1","Epithelial_cells","Epithelial_cells"
"sam1_ACTATTCCACAGAGCA-1","Epithelial_cells","Epithelial_cells"
"sam1_ACTATTCCATAGTCGT-1","Macrophage","Macrophage"
"sam1_ACTATTCGTGATGTAA-1","Epithelial_cells","Epithelial_cells"
"sam1_ACTATTCGTGTCACAT-1","Pre-B_cell_CD34-","Pre-B_cell_CD34-"
"sam1_ACTCCCAAGAAAGTCT-1","DC","DC"
"sam1_ACTCCCAAGAAGCGAA-1","Macrophage","Macrophage"
"sam1_ACTCCCAAGGAACTAT-1","Macrophage","Macrophage"
"sam1_ACTCCCACACTCCTGT-1","GMP","GMP"
"sam1_ACTCCCACATAACAGA-1","Epithelial_cells","Epithelial_cells"
"sam1_ACTCCCACATCCAACA-1","Epithelial_cells","Epithelial_cells"
"sam1_ACTCCCACATCGGATT-1","Macrophage","Macrophage"
"sam1_ACTCCCAGTAATGATG-1","Fibroblasts","Fibroblasts"
"sam1_ACTCCCAGTCTTCATT-1","Epithelial_cells","Epithelial_cells"
"sam1_ACTCCCAGTGGCCCAT-1","Epithelial_cells","Epithelial_cells"
"sam1_ACTCTCGAGGAAGTCC-1","Pro-Myelocyte","Pro-Myelocyte"
"sam1_ACTCTCGAGTGGCCTC-1","BM","BM"
"sam1_ACTCTCGCAGCGTGCT-1","NK_cell","NK_cell"
"sam1_ACTCTCGCATCTAACG-1","Macrophage","Macrophage"
"sam1_ACTCTCGTCTGGAGAG-1","Fibroblasts","Fibroblasts"
"sam1_ACTGATGCATGGATCT-1","Smooth_muscle_cells","Smooth_muscle_cells"
"sam1_ACTGATGGTGACTGAG-1","Macrophage","Macrophage"
"sam1_ACTGATGGTGTCTAAC-1","Fibroblasts","Unassigned"
"sam1_ACTGCAACAAGTGCTT-1","Fibroblasts","Fibroblasts"
"sam1_ACTGCAACAGACCCGT-1","T_cells","T_cells"
"sam1_ACTGCAACATTGTACG-1","Macrophage","Macrophage"
"sam1_ACTGCAAGTACAAAGT-1","Macrophage","Macrophage"
"sam1_ACTGCAAGTCCCTAAA-1","Macrophage","Unassigned"
"sam1_ACTGCAAGTTCGGGTC-1","BM","BM"
"sam1_ACTGCAATCCTGGTCT-1","Epithelial_cells","Epithelial_cells"
"sam1_ACTGTCCAGAGGTTAT-1","Epithelial_cells","Epithelial_cells"
"sam1_ACTGTCCCAAATGAGT-1","Keratinocytes","Keratinocytes"
"sam1_ACTGTCCCAAGTTCGT-1","Epithelial_cells","Epithelial_cells"
"sam1_ACTGTCCCACGCTGTG-1","NK_cell","NK_cell"
"sam1_ACTGTCCTCACCGGTG-1","Neurons","Neurons"
"sam1_ACTGTCCTCGTCCTCA-1","NK_cell","NK_cell"
"sam1_ACTGTCCTCTACCACC-1","Fibroblasts","Unassigned"
"sam1_ACTGTGAAGCATGATA-1","Epithelial_cells","Epithelial_cells"
"sam1_ACTGTGAGTAACATCC-1","Macrophage","Macrophage"
"sam1_ACTGTGATCGAGTCCG-1","Fibroblasts","Fibroblasts"
"sam1_ACTTAGGCACGGCTAC-1","Epithelial_cells","Epithelial_cells"
"sam1_ACTTAGGCATGCCGAC-1","Epithelial_cells","Epithelial_cells"
"sam1_ACTTAGGCATTCGGGC-1","Chondrocytes","Chondrocytes"
"sam1_ACTTAGGGTACCCGCA-1","Epithelial_cells","Epithelial_cells"
"sam1_ACTTAGGGTCGCATGC-1","Fibroblasts","Fibroblasts"
"sam1_ACTTAGGTCCGCGGAT-1","Epithelial_cells","Epithelial_cells"
"sam1_ACTTAGGTCGCATGCA-1","Fibroblasts","Fibroblasts"
"sam1_ACTTAGGTCTGGGTCG-1","Macrophage","Macrophage"
"sam1_ACTTATCAGTGCTACT-1","DC","DC"
"sam1_ACTTATCCACGTCATA-1","Epithelial_cells","Epithelial_cells"
"sam1_ACTTATCCAGGCTACC-1","Pro-Myelocyte","Pro-Myelocyte"
"sam1_ACTTATCGTAAGCAAT-1","Epithelial_cells","Epithelial_cells"
"sam1_ACTTATCGTATGGTTC-1","Epithelial_cells","Epithelial_cells"
"sam1_ACTTATCGTCATTCCC-1","Tissue_stem_cells","Tissue_stem_cells"
"sam1_ACTTATCGTCCAAATC-1","Epithelial_cells","Epithelial_cells"
"sam1_ACTTATCTCAGCTCTC-1","Epithelial_cells","Epithelial_cells"
"sam1_ACTTATCTCGTAGCTA-1","Epithelial_cells","Epithelial_cells"
"sam1_ACTTATCTCTATCGGA-1","Macrophage","Macrophage"
"sam1_ACTTATCTCTTTGCTA-1","Keratinocytes","Keratinocytes"
"sam1_ACTTCCGCACCTCTGT-1","BM","BM"
"sam1_ACTTCCGGTAGTTCCA-1","DC","DC"
"sam1_ACTTCCGGTCAGGTAG-1","Macrophage","Macrophage"
"sam1_ACTTCCGGTCATCCCT-1","Hepatocytes","Hepatocytes"
"sam1_ACTTCCGGTCGTAATC-1","Pro-B_cell_CD34+","Pro-B_cell_CD34+"
"sam1_ACTTCCGGTTTACTTC-1","Epithelial_cells","Epithelial_cells"
"sam1_ACTTCCGGTTTGGCTA-1","Pro-B_cell_CD34+","Pro-B_cell_CD34+"
"sam1_ACTTCCGTCGGCTGGT-1","Chondrocytes","Chondrocytes"
"sam1_ACTTCCGTCTTACTGT-1","NK_cell","NK_cell"
"sam1_ACTTCGCAGCTATCTG-1","Epithelial_cells","Epithelial_cells"
"sam1_ACTTCGCAGTATGGAT-1","Macrophage","Macrophage"
"sam1_ACTTCGCCACTGAATC-1","Pro-B_cell_CD34+","Pro-B_cell_CD34+"
"sam1_ACTTCGCCAGAACTTC-1","Macrophage","Macrophage"
"sam1_ACTTCGCCAGAGTAAT-1","Macrophage","Macrophage"
"sam1_ACTTCGCTCAGAGCAG-1","MEP","MEP"
"sam1_ACTTCGCTCTGGACTA-1","NK_cell","NK_cell"
"sam1_ACTTCGCTCTTTGCAT-1","iPS_cells","iPS_cells"
"sam1_ACTTTCAAGTAAACGT-1","DC","DC"
"sam1_ACTTTCACAGAATGTA-1","Embryonic_stem_cells","Embryonic_stem_cells"
"sam1_ACTTTCACAGAATTCC-1","Smooth_muscle_cells","Unassigned"
"sam1_ACTTTCAGTAGCGCCT-1","Fibroblasts","Fibroblasts"
"sam1_ACTTTCATCACGGAGA-1","NK_cell","NK_cell"
"sam1_ACTTTCATCCATTCAT-1","DC","DC"
"sam1_ACTTTGTAGAAGTCAT-1","Macrophage","Macrophage"
"sam1_ACTTTGTAGCAACAGC-1","Macrophage","Macrophage"
"sam1_ACTTTGTAGCTGCGAA-1","Pre-B_cell_CD34-","Pre-B_cell_CD34-"
"sam1_ACTTTGTAGTGTACCT-1","NK_cell","NK_cell"
"sam1_ACTTTGTCAAGCTCTA-1","Neutrophils","Neutrophils"
"sam1_ACTTTGTCACATGGTT-1","Smooth_muscle_cells","Smooth_muscle_cells"
"sam1_ACTTTGTGTTCCGCGA-1","Macrophage","Macrophage"
"sam1_ACTTTGTTCGAAGAAT-1","Epithelial_cells","Epithelial_cells"
"sam1_ACTTTGTTCGCCTTGT-1","DC","DC"
"sam1_ACTTTGTTCTAACACG-1","GMP","GMP"
"sam1_AGAAATGAGAATGTTG-1","T_cells","T_cells"
"sam1_AGAAATGCAGCACGAA-1","Macrophage","Unassigned"
"sam1_AGAAATGCAGCCTATA-1","Macrophage","Macrophage"
"sam1_AGAAATGCATCTGCGG-1","Fibroblasts","Fibroblasts"
"sam1_AGAAATGGTCCGCAGT-1","Endothelial_cells","Endothelial_cells"
"sam1_AGAAATGGTTCCAAAC-1","Macrophage","Macrophage"
"sam1_AGAAATGTCTAGACCA-1","Macrophage","Macrophage"
"sam1_AGAACAACAACGCCCA-1","Macrophage","Macrophage"
"sam1_AGAACAAGTTTACTTC-1","Macrophage","Macrophage"
"sam1_AGAACAATCACCTCTG-1","T_cells","T_cells"
"sam1_AGAACCTAGAAATGGG-1","T_cells","T_cells"
"sam1_AGAACCTAGTGGCCTC-1","Epithelial_cells","Epithelial_cells"
"sam1_AGAACCTCACAAATAG-1","Smooth_muscle_cells","Smooth_muscle_cells"
"sam1_AGAACCTCACCGGAAA-1","DC","DC"
"sam1_AGAACCTCACTACTTT-1","Fibroblasts","Fibroblasts"
"sam1_AGAACCTCATATTCGG-1","HSC_CD34+","HSC_CD34+"
"sam1_AGAACCTGTCGCATGC-1","Fibroblasts","Fibroblasts"
"sam1_AGAACCTGTGAGAACC-1","Macrophage","Macrophage"
"sam1_AGAAGCGAGACGCCAA-1","Pre-B_cell_CD34-","Pre-B_cell_CD34-"
"sam1_AGAAGCGGTTACACTG-1","Fibroblasts","Fibroblasts"
"sam1_AGAAGCGGTTCTCCCA-1","Epithelial_cells","Epithelial_cells"
"sam1_AGAAGTAAGTATGACA-1","Fibroblasts","Fibroblasts"
"sam1_AGAAGTAAGTCCCGAC-1","Fibroblasts","Fibroblasts"
"sam1_AGAAGTAGTGTTAAAG-1","Pre-B_cell_CD34-","Pre-B_cell_CD34-"
"sam1_AGAAGTAGTTCTAAGC-1","Macrophage","Macrophage"
"sam1_AGAAGTATCACCCTGT-1","Macrophage","Macrophage"
"sam1_AGAAGTATCCTCGCAT-1","Epithelial_cells","Epithelial_cells"
"sam1_AGAAGTATCTGAGCAT-1","Keratinocytes","Keratinocytes"
"sam1_AGACAAACAGCTACAT-1","Epithelial_cells","Epithelial_cells"
"sam1_AGACAAAGTACAATAG-1","Osteoblasts","Osteoblasts"
"sam1_AGACAAAGTAGAGCTG-1","Macrophage","Macrophage"
"sam1_AGACAAAGTCAAGGCA-1","Neutrophils","Neutrophils"
"sam1_AGACAAAGTTATTCTC-1","Macrophage","Unassigned"
"sam1_AGACAAATCTGGTGGC-1","Chondrocytes","Chondrocytes"
"sam1_AGACAAATCTTCTGTA-1","BM","BM"
"sam1_AGACACTAGAGGTGCT-1","Epithelial_cells","Epithelial_cells"
"sam1_AGACACTAGATCACCT-1","Macrophage","Unassigned"
"sam1_AGACACTAGGTCATTC-1","T_cells","T_cells"
"sam1_AGACACTCAAATTGCC-1","DC","DC"
"sam1_AGACACTGTATCTTCT-1","Macrophage","Unassigned"
"sam1_AGACACTGTTCGGTTA-1","T_cells","T_cells"
"sam1_AGACACTTCTTCGACC-1","T_cells","T_cells"
"sam1_AGACAGGAGATGCTAA-1","DC","DC"
"sam1_AGACAGGCAATGACCT-1","Epithelial_cells","Epithelial_cells"
"sam1_AGACAGGGTAACGGTG-1","Pre-B_cell_CD34-","Pre-B_cell_CD34-"
"sam1_AGACAGGGTGAATGAT-1","Macrophage","Macrophage"
"sam1_AGACAGGTCCACCCTA-1","GMP","GMP"
"sam1_AGACAGGTCTAGACAC-1","DC","DC"
"sam1_AGACCATAGAGATCGC-1","Pre-B_cell_CD34-","Pre-B_cell_CD34-"
"sam1_AGACCATAGCCGATTT-1","Astrocyte","Astrocyte"
"sam1_AGACCATAGGACACTG-1","NK_cell","NK_cell"
"sam1_AGACCATAGGTGCTGA-1","NK_cell","NK_cell"
"sam1_AGACCATAGTAAACTG-1","Pro-B_cell_CD34+","Pro-B_cell_CD34+"
"sam1_AGACCATAGTTGGACG-1","T_cells","T_cells"
"sam1_AGACCATCATAGGTTC-1","Chondrocytes","Unassigned"
"sam1_AGACCATCATCTCATT-1","Epithelial_cells","Epithelial_cells"
"sam1_AGACCATGTTCAGCTA-1","HSC_-G-CSF","HSC_-G-CSF"
"sam1_AGACCATTCCCGTTGT-1","Monocyte","Monocyte"
"sam1_AGACCATTCCTCACGT-1","DC","DC"
"sam1_AGACCATTCGCGTTTC-1","Epithelial_cells","Epithelial_cells"
"sam1_AGACCATTCTACCTTA-1","MEP","MEP"
"sam1_AGACCATTCTTCGTGC-1","Epithelial_cells","Epithelial_cells"
"sam1_AGACCATTCTTGCGCT-1","Pre-B_cell_CD34-","Pre-B_cell_CD34-"
"sam1_AGACCCGCAAGTGATA-1","Smooth_muscle_cells","Smooth_muscle_cells"
"sam1_AGACCCGCACTCACTC-1","Hepatocytes","Hepatocytes"
"sam1_AGACCCGCAGCCATTA-1","Epithelial_cells","Epithelial_cells"
"sam1_AGACCCGCATCCTTGC-1","Epithelial_cells","Epithelial_cells"
"sam1_AGACCCGTCTTGGTGA-1","Smooth_muscle_cells","Smooth_muscle_cells"
"sam1_AGACTCACAATGAGCG-1","Pro-B_cell_CD34+","Pro-B_cell_CD34+"
"sam1_AGACTCACAGGCATTT-1","Smooth_muscle_cells","Smooth_muscle_cells"
"sam1_AGACTCAGTCAGGTGA-1","Fibroblasts","Fibroblasts"
"sam1_AGACTCATCTATCGCC-1","T_cells","T_cells"
"sam1_AGAGAATAGCGTCAAG-1","Macrophage","Macrophage"
"sam1_AGAGAATAGTCTGCAT-1","iPS_cells","iPS_cells"
"sam1_AGAGAATCACAGCTGC-1","Epithelial_cells","Epithelial_cells"
"sam1_AGAGAATTCGTGTCAA-1","Macrophage","Macrophage"
"sam1_AGAGAGCAGAGGTTAT-1","Macrophage","Macrophage"
"sam1_AGAGAGCAGCTGGCTC-1","Macrophage","Unassigned"
"sam1_AGAGAGCAGTTAGAAC-1","HSC_CD34+","HSC_CD34+"
"sam1_AGAGAGCCAAAGACGC-1","Fibroblasts","Fibroblasts"
"sam1_AGAGAGCCAGCCGTCA-1","Smooth_muscle_cells","Smooth_muscle_cells"
"sam1_AGAGAGCCATCAGCGC-1","DC","DC"
"sam1_AGAGCAGAGAAACCCG-1","Pro-Myelocyte","Pro-Myelocyte"
"sam1_AGAGCAGCAGAACGCA-1","Epithelial_cells","Epithelial_cells"
"sam1_AGAGCAGGTCACTCGG-1","Fibroblasts","Fibroblasts"
"sam1_AGAGCAGGTGCATACT-1","NK_cell","NK_cell"
"sam1_AGAGCAGTCGATTGGT-1","Macrophage","Macrophage"
"sam1_AGAGCCCAGCGTACAG-1","MSC","MSC"
"sam1_AGAGCCCAGTATAGAC-1","Macrophage","Macrophage"
"sam1_AGAGCCCTCCTCACGT-1","Smooth_muscle_cells","Smooth_muscle_cells"
"sam1_AGATAGAAGAAGTATC-1","Macrophage","Unassigned"
"sam1_AGATAGAAGCAGTCTT-1","NK_cell","NK_cell"
"sam1_AGATAGAAGTGGTCAG-1","DC","DC"
"sam1_AGATAGACATTGTAGC-1","Macrophage","Macrophage"
"sam1_AGATAGAGTAGTGCGA-1","Fibroblasts","Fibroblasts"
"sam1_AGATAGAGTATCCTCC-1","Epithelial_cells","Epithelial_cells"
"sam1_AGATCCAAGCCTCTCT-1","Keratinocytes","Keratinocytes"
"sam1_AGATCCAAGGCTCTCG-1","Fibroblasts","Fibroblasts"
"sam1_AGATCCACAATCGCCG-1","Smooth_muscle_cells","Smooth_muscle_cells"
"sam1_AGATCCACATTGCAAC-1","T_cells","T_cells"
"sam1_AGATCCAGTACTCCCT-1","BM","BM"
"sam1_AGATCCAGTCACCGAC-1","Epithelial_cells","Epithelial_cells"
"sam1_AGATCCAGTCCCTGTT-1","DC","DC"
"sam1_AGATCCAGTTACCTTT-1","Epithelial_cells","Epithelial_cells"
"sam1_AGATCCAGTTTACTTC-1","NK_cell","NK_cell"
"sam1_AGATCCATCCGCATAA-1","Epithelial_cells","Epithelial_cells"
"sam1_AGATCCATCCGTGACG-1","Fibroblasts","Fibroblasts"
"sam1_AGATCGTAGCATGGGT-1","Macrophage","Macrophage"
"sam1_AGATCGTAGGCACCAA-1","DC","DC"
"sam1_AGATCGTAGTTCCGTA-1","Smooth_muscle_cells","Smooth_muscle_cells"
"sam1_AGATCGTAGTTCTACG-1","Keratinocytes","Keratinocytes"
"sam1_AGATCGTGTGACATCT-1","GMP","GMP"
"sam1_AGATCGTTCAATCCAG-1","Pre-B_cell_CD34-","Pre-B_cell_CD34-"
"sam1_AGATCGTTCCGACATA-1","NK_cell","NK_cell"
"sam1_AGATGAAAGATACTGA-1","Epithelial_cells","Epithelial_cells"
"sam1_AGATGAATCCAATCTT-1","Epithelial_cells","Epithelial_cells"
"sam1_AGATGCTAGCATGGGT-1","NK_cell","NK_cell"
"sam1_AGATGCTCATGGCCAC-1","Smooth_muscle_cells","Smooth_muscle_cells"
"sam1_AGATGCTGTTGTGCAT-1","Macrophage","Macrophage"
"sam1_AGATGCTTCCCGTGTT-1","BM","BM"
"sam1_AGATGCTTCCCTGTTG-1","Pre-B_cell_CD34-","Pre-B_cell_CD34-"
"sam1_AGATGCTTCCGGCAGT-1","Epithelial_cells","Epithelial_cells"
"sam1_AGATGCTTCCTACCGT-1","CMP","CMP"
"sam1_AGATGCTTCTTCGGTC-1","GMP","GMP"
"sam1_AGCATCAAGGCTAGCA-1","Epithelial_cells","Epithelial_cells"
"sam1_AGCATCAAGGTACTGG-1","Macrophage","Macrophage"
"sam1_AGCATCACAAGCGAAC-1","Macrophage","Macrophage"
"sam1_AGCATCACACCGTCTT-1","Epithelial_cells","Epithelial_cells"
"sam1_AGCATCATCCGTAGGC-1","GMP","GMP"
"sam1_AGCATCATCCTCTGCA-1","Smooth_muscle_cells","Smooth_muscle_cells"
"sam1_AGCCAATAGAGAACCC-1","Macrophage","Macrophage"
"sam1_AGCCAATAGAGTCCGA-1","Pro-B_cell_CD34+","Pro-B_cell_CD34+"
"sam1_AGCCAATAGATAACGT-1","HSC_CD34+","HSC_CD34+"
"sam1_AGCCAATAGCAGGGAG-1","T_cells","T_cells"
"sam1_AGCCAATCAGTCAGTT-1","Pre-B_cell_CD34-","Pre-B_cell_CD34-"
"sam1_AGCCAATTCAAATGCC-1","Embryonic_stem_cells","Embryonic_stem_cells"
"sam1_AGCCAATTCAGACATC-1","Neurons","Neurons"
"sam1_AGCCAATTCGGTAACT-1","Smooth_muscle_cells","Unassigned"
"sam1_AGCCACGAGGAACTCG-1","Keratinocytes","Keratinocytes"
"sam1_AGCCACGAGTTGCCCG-1","Embryonic_stem_cells","Embryonic_stem_cells"
"sam1_AGCCACGCAAATCAGA-1","Epithelial_cells","Epithelial_cells"
"sam1_AGCCACGCAATTTCTC-1","Epithelial_cells","Epithelial_cells"
"sam1_AGCCACGCACTCCGGA-1","Keratinocytes","Keratinocytes"
"sam1_AGCCACGCATCTAGAC-1","BM","BM"
"sam1_AGCCACGCATTGGATC-1","DC","DC"
"sam1_AGCCACGTCGAACCAT-1","Macrophage","Macrophage"
"sam1_AGCCACGTCGTGTGGC-1","NK_cell","NK_cell"
"sam1_AGCCAGCAGACCTGGA-1","Epithelial_cells","Epithelial_cells"
"sam1_AGCCAGCAGCATCCCG-1","Monocyte","Monocyte"
"sam1_AGCCAGCCAAATCAGA-1","Macrophage","Macrophage"
"sam1_AGCCAGCCAACGGCTC-1","NK_cell","NK_cell"
"sam1_AGCCAGCCACCAATTG-1","Epithelial_cells","Epithelial_cells"
"sam1_AGCCAGCGTAAGTTAG-1","Fibroblasts","Fibroblasts"
"sam1_AGCCAGCGTATGAAAC-1","Smooth_muscle_cells","Smooth_muscle_cells"
"sam1_AGCCAGCTCAACTGAC-1","Pro-Myelocyte","Pro-Myelocyte"
"sam1_AGCCAGCTCACTGGGC-1","NK_cell","NK_cell"
"sam1_AGCCAGCTCCACTTCG-1","Epithelial_cells","Epithelial_cells"
"sam1_AGCGATTCAAACTGCT-1","Macrophage","Macrophage"
"sam1_AGCGATTCAACCTAAC-1","HSC_-G-CSF","HSC_-G-CSF"
"sam1_AGCGATTCATGACCCG-1","Macrophage","Macrophage"
"sam1_AGCGATTCATGCCGAC-1","Neurons","Neurons"
"sam1_AGCGATTGTAACTTCG-1","Macrophage","Macrophage"
"sam1_AGCGATTGTCTACAGT-1","Pro-B_cell_CD34+","Pro-B_cell_CD34+"
"sam1_AGCGATTGTCTTGGTA-1","Epithelial_cells","Epithelial_cells"
"sam1_AGCGATTTCATATGGC-1","Macrophage","Macrophage"
"sam1_AGCGCCACACGGCGTT-1","Smooth_muscle_cells","Smooth_muscle_cells"
"sam1_AGCGCCACAGTCTTCC-1","Smooth_muscle_cells","Smooth_muscle_cells"
"sam1_AGCGCCAGTCACGCTG-1","Embryonic_stem_cells","Embryonic_stem_cells"
"sam1_AGCGCTGAGACTCAAA-1","Macrophage","Macrophage"
"sam1_AGCGCTGAGCCATATC-1","Macrophage","Macrophage"
"sam1_AGCGCTGAGGACTATA-1","Epithelial_cells","Epithelial_cells"
"sam1_AGCGCTGGTACTTCCC-1","Epithelial_cells","Epithelial_cells"
"sam1_AGCGCTGGTTAAGTCC-1","DC","DC"
"sam1_AGCGCTGTCAGCTGTA-1","Macrophage","Macrophage"
"sam1_AGCGTATAGGAATCGC-1","Epithelial_cells","Epithelial_cells"
"sam1_AGCGTATAGGCGTTAG-1","Fibroblasts","Fibroblasts"
"sam1_AGCGTATCACTAAACC-1","Epithelial_cells","Epithelial_cells"
"sam1_AGCGTATCATGATGCT-1","Epithelial_cells","Epithelial_cells"
"sam1_AGCGTATTCTACACTT-1","Macrophage","Macrophage"
"sam1_AGCGTCGAGCCACTCG-1","Macrophage","Macrophage"
"sam1_AGCGTCGAGCTCCACG-1","Keratinocytes","Keratinocytes"
"sam1_AGCGTCGCACACAGAG-1","T_cells","T_cells"
"sam1_AGCGTCGTCGGCATAT-1","Fibroblasts","Fibroblasts"
"sam1_AGCTACAAGGCTAGCA-1","Macrophage","Macrophage"
"sam1_AGCTACACACTCATAG-1","Macrophage","Macrophage"
"sam1_AGCTACACATACCGTA-1","Pro-B_cell_CD34+","Pro-B_cell_CD34+"
"sam1_AGCTACAGTCCTCCAT-1","DC","DC"
"sam1_AGCTACAGTGAATATG-1","Myelocyte","Myelocyte"
"sam1_AGCTACATCAATCGGT-1","Hepatocytes","Hepatocytes"
"sam1_AGCTACATCACTGTTT-1","Epithelial_cells","Epithelial_cells"
"sam1_AGCTACATCCACACAA-1","Epithelial_cells","Epithelial_cells"
"sam1_AGCTACATCCATGAGT-1","Epithelial_cells","Epithelial_cells"
"sam1_AGCTACATCCGCAAAT-1","Fibroblasts","Fibroblasts"
"sam1_AGCTACATCCTGGGTG-1","BM","BM"
"sam1_AGCTCAAAGAACCCGA-1","T_cells","T_cells"
"sam1_AGCTCAAAGCTCTTCC-1","Epithelial_cells","Epithelial_cells"
"sam1_AGCTCAATCAGACAAA-1","Pro-B_cell_CD34+","Pro-B_cell_CD34+"
"sam1_AGCTCAATCCTTCTAA-1","T_cells","T_cells"
"sam1_AGCTCAATCGCGGTAC-1","Monocyte","Monocyte"
"sam1_AGCTCAATCGTCCTCA-1","T_cells","T_cells"
"sam1_AGCTCAATCTCTGGTC-1","Neutrophils","Neutrophils"
"sam1_AGCTTCCAGTAAGGGA-1","Epithelial_cells","Epithelial_cells"
"sam1_AGCTTCCAGTCCCGGT-1","Pre-B_cell_CD34-","Pre-B_cell_CD34-"
"sam1_AGCTTCCCATAAGCGG-1","BM","BM"
"sam1_AGCTTCCGTGGGTTGA-1","Epithelial_cells","Epithelial_cells"
"sam1_AGCTTCCTCACCGACG-1","Hepatocytes","Hepatocytes"
"sam1_AGCTTCCTCAGTGATC-1","Epithelial_cells","Epithelial_cells"
"sam1_AGCTTCCTCGAGTGAG-1","Keratinocytes","Keratinocytes"
"sam1_AGCTTCCTCGCCACTT-1","Fibroblasts","Fibroblasts"
"sam1_AGGAAATAGGTCATTC-1","B_cell","B_cell"
"sam1_AGGAAATCACCCTGTT-1","Fibroblasts","Fibroblasts"
"sam1_AGGAAATGTCCCTAAA-1","Keratinocytes","Keratinocytes"
"sam1_AGGAAATGTCCTCCAT-1","Fibroblasts","Fibroblasts"
"sam1_AGGAAATGTGCCTTTC-1","DC","DC"
"sam1_AGGAATAAGCGACAGT-1","T_cells","T_cells"
"sam1_AGGAATAAGGAATTAC-1","Epithelial_cells","Epithelial_cells"
"sam1_AGGAATAAGGGTCAAC-1","Smooth_muscle_cells","Smooth_muscle_cells"
"sam1_AGGAATACACGACAAG-1","Macrophage","Unassigned"
"sam1_AGGAATAGTACTCCCT-1","Pre-B_cell_CD34-","Pre-B_cell_CD34-"
"sam1_AGGAATAGTCGAAGCA-1","Macrophage","Macrophage"
"sam1_AGGAATAGTGCACATT-1","Fibroblasts","Fibroblasts"
"sam1_AGGAATATCAAAGGTA-1","Epithelial_cells","Epithelial_cells"
"sam1_AGGAATATCACTGGGC-1","Smooth_muscle_cells","Smooth_muscle_cells"
"sam1_AGGAATATCTATCGCC-1","Neutrophils","Neutrophils"
"sam1_AGGACGAGTACTAAGA-1","T_cells","T_cells"
"sam1_AGGACGAGTCTTGCTC-1","Pro-B_cell_CD34+","Pro-B_cell_CD34+"
"sam1_AGGACGAGTTAAGTCC-1","Fibroblasts","Fibroblasts"
"sam1_AGGACGAGTTGCCATA-1","Fibroblasts","Fibroblasts"
"sam1_AGGACTTCAACCGTAT-1","T_cells","T_cells"
"sam1_AGGACTTCACGTGAGA-1","Embryonic_stem_cells","Embryonic_stem_cells"
"sam1_AGGACTTCATGTACGT-1","Macrophage","Macrophage"
"sam1_AGGACTTTCCACGTCT-1","Macrophage","Macrophage"
"sam1_AGGACTTTCCATGATG-1","Macrophage","Macrophage"
"sam1_AGGACTTTCTCATTAC-1","Epithelial_cells","Epithelial_cells"
"sam1_AGGAGGTAGAGGTCAC-1","Monocyte","Monocyte"
"sam1_AGGAGGTCAAGAGGTC-1","Macrophage","Macrophage"
"sam1_AGGAGGTCAGGTACGA-1","GMP","GMP"
"sam1_AGGAGGTGTTGTCTAG-1","Epithelial_cells","Epithelial_cells"
"sam1_AGGAGGTTCCATTTCA-1","Hepatocytes","Hepatocytes"
"sam1_AGGAGGTTCGACATAC-1","Epithelial_cells","Epithelial_cells"
"sam1_AGGAGGTTCGTAGTCA-1","Macrophage","Macrophage"
"sam1_AGGATAAAGAGTACCG-1","Smooth_muscle_cells","Smooth_muscle_cells"
"sam1_AGGATAAAGGCCTTCG-1","Epithelial_cells","Epithelial_cells"
"sam1_AGGATAAAGTGCACCC-1","Epithelial_cells","Epithelial_cells"
"sam1_AGGATAAGTCCTCATC-1","Macrophage","Unassigned"
"sam1_AGGATAAGTTAAGCAA-1","Macrophage","Macrophage"
"sam1_AGGATAATCCAAGCTA-1","Macrophage","Macrophage"
"sam1_AGGATAATCCATCAGA-1","T_cells","T_cells"
"sam1_AGGATAATCCTACGGG-1","Epithelial_cells","Epithelial_cells"
"sam1_AGGATAATCGTGGAAG-1","Macrophage","Macrophage"
"sam1_AGGATCTAGAGCTGCA-1","Pre-B_cell_CD34-","Pre-B_cell_CD34-"
"sam1_AGGATCTAGCCTGACC-1","Epithelial_cells","Epithelial_cells"
"sam1_AGGATCTCAGCACACC-1","Macrophage","Unassigned"
"sam1_AGGATCTCATCATTGG-1","T_cells","T_cells"
"sam1_AGGATCTGTACAGTAA-1","Macrophage","Macrophage"
"sam1_AGGATCTGTATGGTTC-1","HSC_-G-CSF","HSC_-G-CSF"
"sam1_AGGATCTGTCTGCCTT-1","T_cells","T_cells"
"sam1_AGGATCTGTGCCCGTA-1","Macrophage","Unassigned"
"sam1_AGGCATTGTTTAGAGA-1","Macrophage","Macrophage"
"sam1_AGGCATTTCGATCCCT-1","Epithelial_cells","Epithelial_cells"
"sam1_AGGCCACCAAGCTGCC-1","DC","DC"
"sam1_AGGCCACCACATACTG-1","Epithelial_cells","Epithelial_cells"
"sam1_AGGCCACCACCAGACC-1","Monocyte","Monocyte"
"sam1_AGGCCACCAGAGACTG-1","Epithelial_cells","Epithelial_cells"
"sam1_AGGCCACCATCGAAGG-1","Epithelial_cells","Epithelial_cells"
"sam1_AGGCCACCATCTCGTC-1","HSC_CD34+","HSC_CD34+"
"sam1_AGGCCACGTATAGCTC-1","Fibroblasts","Fibroblasts"
"sam1_AGGCCACGTATGATCC-1","HSC_-G-CSF","HSC_-G-CSF"
"sam1_AGGCCACGTCTGCATA-1","T_cells","T_cells"
"sam1_AGGCCACTCGCGATCG-1","DC","DC"
"sam1_AGGCTGCAGCCGGAAT-1","Epithelial_cells","Epithelial_cells"
"sam1_AGGCTGCCATCATCCC-1","Epithelial_cells","Epithelial_cells"
"sam1_AGGGAGTAGAATCGCG-1","BM","BM"
"sam1_AGGGAGTCATCTTTCA-1","T_cells","T_cells"
"sam1_AGGGAGTGTATGAGGC-1","Pre-B_cell_CD34-","Pre-B_cell_CD34-"
"sam1_AGGGAGTGTCTCGCGA-1","Fibroblasts","Fibroblasts"
"sam1_AGGGAGTGTGGGACAT-1","Macrophage","Macrophage"
"sam1_AGGGAGTGTGTATACC-1","Epithelial_cells","Epithelial_cells"
"sam1_AGGGAGTTCTGTCCCA-1","Fibroblasts","Fibroblasts"
"sam1_AGGGCCTAGAACCCGA-1","NK_cell","NK_cell"
"sam1_AGGGCCTAGAAGCGGG-1","DC","DC"
"sam1_AGGGCCTCAATCAGCT-1","Epithelial_cells","Epithelial_cells"
"sam1_AGGGCCTCAGCGTGAA-1","Smooth_muscle_cells","Smooth_muscle_cells"
"sam1_AGGGCCTCATAAGCAA-1","Pre-B_cell_CD34-","Pre-B_cell_CD34-"
"sam1_AGGGCCTCATCTAACG-1","CMP","CMP"
"sam1_AGGGCCTGTATAGCTC-1","Myelocyte","Myelocyte"
"sam1_AGGGCCTGTCACGCTG-1","MSC","MSC"
"sam1_AGGGCCTGTGACGTCC-1","BM","BM"
"sam1_AGGGCCTTCCGCACTT-1","Pro-Myelocyte","Pro-Myelocyte"
"sam1_AGGGCCTTCGTGGCGT-1","Fibroblasts","Fibroblasts"
"sam1_AGGGCTCAGAGCCGTA-1","Pre-B_cell_CD34-","Pre-B_cell_CD34-"
"sam1_AGGGCTCTCCCATGGG-1","Keratinocytes","Keratinocytes"
"sam1_AGGGCTCTCCTGTAGA-1","Smooth_muscle_cells","Smooth_muscle_cells"
"sam1_AGGGTCCAGATCCTAC-1","Epithelial_cells","Epithelial_cells"
"sam1_AGGGTCCAGGGACTGT-1","Smooth_muscle_cells","Unassigned"
"sam1_AGGGTCCCAGACAAGC-1","HSC_-G-CSF","HSC_-G-CSF"
"sam1_AGGGTCCGTCACGCTG-1","Monocyte","Monocyte"
"sam1_AGGGTGAAGATGCTTC-1","Pre-B_cell_CD34-","Pre-B_cell_CD34-"
"sam1_AGGGTGAAGCAACCAG-1","B_cell","B_cell"
"sam1_AGGGTGACAATAGTGA-1","Chondrocytes","Chondrocytes"
"sam1_AGGGTGATCGTGGACC-1","Smooth_muscle_cells","Smooth_muscle_cells"
"sam1_AGGGTTTAGCATCCTA-1","HSC_CD34+","HSC_CD34+"
"sam1_AGGGTTTTCACCGGTG-1","BM","BM"
"sam1_AGGGTTTTCGAGCCTG-1","Smooth_muscle_cells","Smooth_muscle_cells"
"sam1_AGGTAGGAGAGGGTCT-1","Macrophage","Macrophage"
"sam1_AGGTAGGGTGTTGAGG-1","Smooth_muscle_cells","Smooth_muscle_cells"
"sam1_AGGTAGGTCCCAGGCA-1","NK_cell","NK_cell"
"sam1_AGGTCATAGGCCCACT-1","Epithelial_cells","Epithelial_cells"
"sam1_AGGTCATAGGGCCAAT-1","Fibroblasts","Fibroblasts"
"sam1_AGGTCATCACCGTCTT-1","Epithelial_cells","Epithelial_cells"
"sam1_AGGTCATCATTAGGCT-1","Hepatocytes","Hepatocytes"
"sam1_AGGTCATGTACCCAGC-1","Smooth_muscle_cells","Smooth_muscle_cells"
"sam1_AGGTCATGTATAGGGC-1","Fibroblasts","Fibroblasts"
"sam1_AGGTCATGTCGGTGTC-1","Pre-B_cell_CD34-","Pre-B_cell_CD34-"
"sam1_AGGTCTACAAAGGGCT-1","Macrophage","Macrophage"
"sam1_AGGTCTAGTCACCCTT-1","Fibroblasts","Fibroblasts"
"sam1_AGGTCTAGTCTGGTTA-1","T_cells","T_cells"
"sam1_AGGTCTAGTTAGCGGA-1","Smooth_muscle_cells","Smooth_muscle_cells"
"sam1_AGGTCTATCAACCTTT-1","Macrophage","Macrophage"
"sam1_AGGTCTATCCCATTCG-1","NK_cell","NK_cell"
"sam1_AGGTGTTCAGTCGGAA-1","Epithelial_cells","Epithelial_cells"
"sam1_AGGTGTTGTTCAGTAC-1","HSC_-G-CSF","HSC_-G-CSF"
"sam1_AGGTGTTTCATCACCC-1","Smooth_muscle_cells","Smooth_muscle_cells"
"sam1_AGGTGTTTCGACATAC-1","Pro-B_cell_CD34+","Pro-B_cell_CD34+"
"sam1_AGGTGTTTCGCAACAT-1","Macrophage","Macrophage"
"sam1_AGGTTACAGCCGAATG-1","Macrophage","Macrophage"
"sam1_AGGTTACAGGAAAGTG-1","Pre-B_cell_CD34-","Pre-B_cell_CD34-"
"sam1_AGGTTACCAGGATGAC-1","Macrophage","Macrophage"
"sam1_AGGTTACTCTGGACTA-1","Macrophage","Unassigned"
"sam1_AGGTTGTAGAATTTGG-1","T_cells","T_cells"
"sam1_AGGTTGTAGTATAGAC-1","Chondrocytes","Chondrocytes"
"sam1_AGGTTGTCATGTCTAG-1","GMP","GMP"
"sam1_AGGTTGTGTCGTTGGC-1","Fibroblasts","Fibroblasts"
"sam1_AGGTTGTTCACTTTGT-1","Smooth_muscle_cells","Unassigned"
"sam1_AGTAACCAGCACTGGA-1","NK_cell","NK_cell"
"sam1_AGTAACCCAGCGTTTA-1","Macrophage","Macrophage"
"sam1_AGTAACCCAGGACTTT-1","Epithelial_cells","Epithelial_cells"
"sam1_AGTAACCGTATGAAAC-1","NK_cell","NK_cell"
"sam1_AGTAACCGTGTCCATA-1","Smooth_muscle_cells","Smooth_muscle_cells"
"sam1_AGTAACCTCCTTATGT-1","Neutrophils","Neutrophils"
"sam1_AGTAACCTCGGCCTTT-1","Epithelial_cells","Epithelial_cells"
"sam1_AGTAACCTCGGTGTTA-1","Smooth_muscle_cells","Unassigned"
"sam1_AGTAACCTCTCCCAAC-1","Astrocyte","Astrocyte"
"sam1_AGTACCAAGGCACAAC-1","NK_cell","NK_cell"
"sam1_AGTACCAAGGGAGTGG-1","Fibroblasts","Fibroblasts"
"sam1_AGTACCAAGTGTTCCA-1","NK_cell","NK_cell"
"sam1_AGTACCACACCTCGTT-1","Epithelial_cells","Epithelial_cells"
"sam1_AGTACCATCCCATACC-1","Chondrocytes","Chondrocytes"
"sam1_AGTACCATCCGACGGT-1","Macrophage","Macrophage"
"sam1_AGTACCATCCTACTGC-1","Macrophage","Macrophage"
"sam1_AGTACCATCTAGTTCT-1","Macrophage","Macrophage"
"sam1_AGTACTGAGAGAGCAA-1","Fibroblasts","Fibroblasts"
"sam1_AGTACTGAGAGTCGAC-1","NK_cell","NK_cell"
"sam1_AGTACTGAGGGTAATT-1","Macrophage","Macrophage"
"sam1_AGTACTGCAATGGGTG-1","Fibroblasts","Fibroblasts"
"sam1_AGTACTGCAATTCGTG-1","NK_cell","NK_cell"
"sam1_AGTACTGCACGGTGCT-1","Smooth_muscle_cells","Unassigned"
"sam1_AGTACTGCATAATGAG-1","Smooth_muscle_cells","Smooth_muscle_cells"
"sam1_AGTACTGCATCCTATT-1","Neurons","Neurons"
"sam1_AGTACTGGTGGTTTGT-1","Fibroblasts","Fibroblasts"
"sam1_AGTACTGTCAAATGAG-1","Fibroblasts","Fibroblasts"
"sam1_AGTAGCTAGCGTGCCT-1","Macrophage","Macrophage"
"sam1_AGTAGCTAGGCCCACT-1","Pro-B_cell_CD34+","Pro-B_cell_CD34+"
"sam1_AGTAGCTAGGTTCATC-1","Macrophage","Macrophage"
"sam1_AGTAGCTCAAGATGTA-1","Epithelial_cells","Epithelial_cells"
"sam1_AGTAGCTTCAAACGAA-1","Epithelial_cells","Epithelial_cells"
"sam1_AGTAGCTTCCCAGTGG-1","T_cells","T_cells"
"sam1_AGTAGTCAGAGCTGAC-1","Epithelial_cells","Epithelial_cells"
"sam1_AGTAGTCAGAGTAACT-1","NK_cell","NK_cell"
"sam1_AGTAGTCAGCAAGGAA-1","Epithelial_cells","Epithelial_cells"
"sam1_AGTAGTCCAATCAGCT-1","Epithelial_cells","Epithelial_cells"
"sam1_AGTAGTCGTGTGTCGC-1","Macrophage","Unassigned"
"sam1_AGTAGTCTCACCATCC-1","Macrophage","Macrophage"
"sam1_AGTAGTCTCTGGTGGC-1","T_cells","T_cells"
"sam1_AGTCAACAGCACTAAA-1","Epithelial_cells","Epithelial_cells"
"sam1_AGTCAACCAGTAGTTC-1","Macrophage","Macrophage"
"sam1_AGTCAACCATACAGAA-1","Chondrocytes","Chondrocytes"
"sam1_AGTCAACGTACCTTCC-1","Epithelial_cells","Epithelial_cells"
"sam1_AGTCAACGTGGCCTCA-1","Epithelial_cells","Epithelial_cells"
"sam1_AGTCAACTCGCTGTTC-1","Smooth_muscle_cells","Smooth_muscle_cells"
"sam1_AGTCAACTCTTCGACC-1","Epithelial_cells","Epithelial_cells"
"sam1_AGTCACAAGCTTTGTG-1","Myelocyte","Myelocyte"
"sam1_AGTCACACAACTAGAA-1","Fibroblasts","Fibroblasts"
"sam1_AGTCACACAGCACGAA-1","T_cells","T_cells"
"sam1_AGTCACAGTGAGAGGG-1","Macrophage","Macrophage"
"sam1_AGTCACAGTTATGACC-1","Neuroepithelial_cell","Neuroepithelial_cell"
"sam1_AGTCATGCAAACCACT-1","Epithelial_cells","Epithelial_cells"
"sam1_AGTCATGCACAGCCAC-1","BM","BM"
"sam1_AGTCTCCAGAACAGGA-1","Macrophage","Macrophage"
"sam1_AGTCTCCAGAGTCACG-1","Fibroblasts","Fibroblasts"
"sam1_AGTCTCCAGCAGCCTC-1","Pre-B_cell_CD34-","Pre-B_cell_CD34-"
"sam1_AGTCTCCAGTCCGCGT-1","Macrophage","Macrophage"
"sam1_AGTCTCCGTGCATCTA-1","Hepatocytes","Hepatocytes"
"sam1_AGTCTCCGTGTAAACA-1","Macrophage","Macrophage"
"sam1_AGTGACTAGACGAAGA-1","T_cells","T_cells"
"sam1_AGTGACTAGCGCCTTG-1","Keratinocytes","Keratinocytes"
"sam1_AGTGACTCAGCGCTTG-1","Epithelial_cells","Epithelial_cells"
"sam1_AGTGACTGTGATACCT-1","Epithelial_cells","Epithelial_cells"
"sam1_AGTGACTTCAAGTCTG-1","Pre-B_cell_CD34-","Pre-B_cell_CD34-"
"sam1_AGTGACTTCACGATCA-1","Macrophage","Macrophage"
"sam1_AGTGACTTCATGCATG-1","Neutrophils","Neutrophils"
"sam1_AGTGATCAGACCAGCA-1","Monocyte","Monocyte"
"sam1_AGTGATCAGGCGTTAG-1","BM","BM"
"sam1_AGTGATCAGGGCTGAT-1","Macrophage","Unassigned"
"sam1_AGTGATCCACCAAAGG-1","B_cell","B_cell"
"sam1_AGTGATCCACCACTGG-1","Epithelial_cells","Epithelial_cells"
"sam1_AGTGATCCACGTTGGC-1","Epithelial_cells","Epithelial_cells"
"sam1_AGTGATCCAGGTGAGT-1","Macrophage","Macrophage"
"sam1_AGTGATCCATATGCGT-1","Smooth_muscle_cells","Smooth_muscle_cells"
"sam1_AGTGATCGTTGTGTTG-1","HSC_CD34+","HSC_CD34+"
"sam1_AGTGATCTCAGTGTCA-1","MSC","MSC"
"sam1_AGTGATCTCCTGTAAG-1","Macrophage","Macrophage"
"sam1_AGTGCCGAGATGCTAA-1","HSC_CD34+","HSC_CD34+"
"sam1_AGTGCCGAGATTGGGC-1","Hepatocytes","Hepatocytes"
"sam1_AGTGCCGAGCCTATTG-1","NK_cell","NK_cell"
"sam1_AGTGCCGAGGAAGTAG-1","MSC","MSC"
"sam1_AGTGCCGCATCGATGT-1","Macrophage","Macrophage"
"sam1_AGTGCCGGTACAACGG-1","Macrophage","Unassigned"
"sam1_AGTGCCGGTTACGCCG-1","Fibroblasts","Fibroblasts"
"sam1_AGTGCCGTCACCTTAT-1","Macrophage","Unassigned"
"sam1_AGTGTTGAGCGACCCT-1","Macrophage","Macrophage"
"sam1_AGTGTTGAGGGACAGG-1","Macrophage","Macrophage"
"sam1_AGTGTTGAGGTTGAGC-1","Macrophage","Macrophage"
"sam1_AGTGTTGCAAGAGTAT-1","Macrophage","Macrophage"
"sam1_AGTGTTGCATCAGCTA-1","Macrophage","Macrophage"
"sam1_AGTGTTGGTTAACCTG-1","Epithelial_cells","Epithelial_cells"
"sam1_AGTGTTGGTTCAACGT-1","Macrophage","Macrophage"
"sam1_AGTGTTGTCCTTATGT-1","Neuroepithelial_cell","Neuroepithelial_cell"
"sam1_AGTGTTGTCGCAGTGC-1","Macrophage","Macrophage"
"sam1_AGTTAGCAGTTTGGCT-1","Macrophage","Macrophage"
"sam1_AGTTAGCCAACCCGCA-1","Epithelial_cells","Epithelial_cells"
"sam1_AGTTAGCGTAACACGG-1","Epithelial_cells","Epithelial_cells"
"sam1_AGTTAGCGTGGAAATT-1","BM","BM"
"sam1_AGTTAGCTCACTGGGC-1","Macrophage","Unassigned"
"sam1_AGTTAGCTCCTATTTG-1","Epithelial_cells","Epithelial_cells"
"sam1_AGTTAGCTCGCCAGTG-1","T_cells","T_cells"
"sam1_AGTTAGCTCTTACTGT-1","Smooth_muscle_cells","Smooth_muscle_cells"
"sam1_AGTTCCCCAACAACAA-1","Neutrophils","Neutrophils"
"sam1_AGTTCCCCAAGTATAG-1","DC","DC"
"sam1_AGTTCCCCAATCGAAA-1","Macrophage","Macrophage"
"sam1_AGTTCCCCAATCTCTT-1","GMP","GMP"
"sam1_AGTTCCCCAGCCGTCA-1","Macrophage","Macrophage"
"sam1_AGTTCCCCATGACTAC-1","Chondrocytes","Chondrocytes"
"sam1_AGTTCCCTCATGGATC-1","CMP","CMP"
"sam1_AGTTCCCTCTAAGCCA-1","Smooth_muscle_cells","Smooth_muscle_cells"
"sam1_AGTTCCCTCTCATTTG-1","Neurons","Neurons"
"sam1_AGTTCGAAGAAGTCCG-1","T_cells","T_cells"
"sam1_AGTTCGAAGATTGACA-1","Epithelial_cells","Epithelial_cells"
"sam1_AGTTCGACACGAGAAC-1","HSC_-G-CSF","HSC_-G-CSF"
"sam1_AGTTCGACATGGAAGC-1","T_cells","T_cells"
"sam1_AGTTCGAGTGTTGAGG-1","Macrophage","Macrophage"
"sam1_AGTTCGAGTTCGAACT-1","Smooth_muscle_cells","Smooth_muscle_cells"
"sam1_AGTTCGATCCACTGAA-1","Macrophage","Macrophage"
"sam1_AGTTCGATCCATCACC-1","MSC","MSC"
"sam1_ATACCGACACCGTACG-1","Pro-B_cell_CD34+","Pro-B_cell_CD34+"
"sam1_ATACCGACACCTATCC-1","Epithelial_cells","Epithelial_cells"
"sam1_ATACCGACAGCAATTC-1","Epithelial_cells","Epithelial_cells"
"sam1_ATACCGATCAAACCTG-1","T_cells","T_cells"
"sam1_ATACCGATCAGTCCGG-1","Macrophage","Macrophage"
"sam1_ATACCGATCTAACGCA-1","Smooth_muscle_cells","Smooth_muscle_cells"
"sam1_ATACCGATCTCATTTG-1","MSC","MSC"
"sam1_ATACCTTAGGTACCTT-1","Epithelial_cells","Epithelial_cells"
"sam1_ATACCTTAGTATTGCC-1","Macrophage","Macrophage"
"sam1_ATACCTTAGTTCGCAT-1","Epithelial_cells","Epithelial_cells"
"sam1_ATACCTTCAACATACC-1","Hepatocytes","Hepatocytes"
"sam1_ATACCTTCAGCCATTA-1","Hepatocytes","Hepatocytes"
"sam1_ATACCTTCAGCCTACG-1","Gametocytes","Gametocytes"
"sam1_ATACCTTTCAAGCCAT-1","Fibroblasts","Fibroblasts"
"sam1_ATACCTTTCATAAGGA-1","Pre-B_cell_CD34-","Pre-B_cell_CD34-"
"sam1_ATACCTTTCATTTACC-1","Macrophage","Macrophage"
"sam1_ATACCTTTCCTCTCGA-1","Fibroblasts","Fibroblasts"
"sam1_ATACCTTTCCTTCTAA-1","Epithelial_cells","Epithelial_cells"
"sam1_ATACCTTTCTTTCGAT-1","Macrophage","Macrophage"
"sam1_ATACTTCCAGGACTTT-1","HSC_CD34+","HSC_CD34+"
"sam1_ATACTTCCATTGCTTT-1","Fibroblasts","Unassigned"
"sam1_ATACTTCGTCAACACT-1","Epithelial_cells","Epithelial_cells"
"sam1_ATACTTCGTCATCTAG-1","HSC_CD34+","HSC_CD34+"
"sam1_ATACTTCGTGCCAAGA-1","Macrophage","Macrophage"
"sam1_ATACTTCTCAATCTCT-1","Epithelial_cells","Epithelial_cells"
"sam1_ATACTTCTCCATTGGA-1","Macrophage","Unassigned"
"sam1_ATACTTCTCGATTGGT-1","Epithelial_cells","Epithelial_cells"
"sam1_ATAGACCAGACCATTC-1","Epithelial_cells","Epithelial_cells"
"sam1_ATAGACCCACATTGTG-1","Smooth_muscle_cells","Unassigned"
"sam1_ATAGACCCATCCAACA-1","Pre-B_cell_CD34-","Pre-B_cell_CD34-"
"sam1_ATAGACCGTTCCACAA-1","NK_cell","NK_cell"
"sam1_ATAGACCGTTCGTGCG-1","T_cells","T_cells"
"sam1_ATAGACCTCCTGATAG-1","Myelocyte","Myelocyte"
"sam1_ATAGACCTCGACCATA-1","Macrophage","Macrophage"
"sam1_ATAGACCTCGTTTACT-1","Hepatocytes","Hepatocytes"
"sam1_ATAGAGAAGGACTATA-1","T_cells","T_cells"
"sam1_ATAGAGACAAATCAGA-1","Epithelial_cells","Epithelial_cells"
"sam1_ATAGAGACAACTCGAT-1","Epithelial_cells","Epithelial_cells"
"sam1_ATAGAGACACATTCTT-1","Myelocyte","Myelocyte"
"sam1_ATAGAGACACCGTACG-1","T_cells","T_cells"
"sam1_ATAGAGAGTCATTCCC-1","Chondrocytes","Chondrocytes"
"sam1_ATAGAGAGTCCACATA-1","Macrophage","Macrophage"
"sam1_ATAGGCTAGCTCTTCC-1","Epithelial_cells","Epithelial_cells"
"sam1_ATAGGCTAGGTCGTGA-1","Macrophage","Macrophage"
"sam1_ATAGGCTAGTAGAGTT-1","Pro-B_cell_CD34+","Pro-B_cell_CD34+"
"sam1_ATAGGCTCAGGGACTA-1","Keratinocytes","Keratinocytes"
"sam1_ATAGGCTCATAGATGA-1","Epithelial_cells","Epithelial_cells"
"sam1_ATAGGCTTCAAGGAGC-1","Monocyte","Monocyte"
"sam1_ATAGGCTTCATAGAGA-1","MSC","MSC"
"sam1_ATATCCTAGGTTGCCC-1","Epithelial_cells","Epithelial_cells"
"sam1_ATATCCTAGTTCTCTT-1","Fibroblasts","Fibroblasts"
"sam1_ATATCCTCAAGGAGTC-1","Epithelial_cells","Epithelial_cells"
"sam1_ATATCCTCACATGTTG-1","Epithelial_cells","Epithelial_cells"
"sam1_ATATCCTGTACCCACG-1","Epithelial_cells","Epithelial_cells"
"sam1_ATCACAGGTATCCCAA-1","Epithelial_cells","Epithelial_cells"
"sam1_ATCACAGGTCCATACA-1","Epithelial_cells","Epithelial_cells"
"sam1_ATCACAGTCTCGTTTA-1","Epithelial_cells","Epithelial_cells"
"sam1_ATCACGAAGGATTTGA-1","Epithelial_cells","Epithelial_cells"
"sam1_ATCACGAAGTGGCCTC-1","T_cells","T_cells"
"sam1_ATCACGACAACAGCCC-1","Macrophage","Unassigned"
"sam1_ATCACGACAAGAATAC-1","Myelocyte","Myelocyte"
"sam1_ATCACGACATACCGTA-1","Keratinocytes","Keratinocytes"
"sam1_ATCACGACATCCTTGC-1","Macrophage","Unassigned"
"sam1_ATCACGACATGGCTAT-1","Macrophage","Macrophage"
"sam1_ATCACGAGTACCATAC-1","Epithelial_cells","Epithelial_cells"
"sam1_ATCACGAGTGCCTGAC-1","Fibroblasts","Fibroblasts"
"sam1_ATCACGAGTTTCTATC-1","Macrophage","Unassigned"
"sam1_ATCACGATCGAGAATA-1","Epithelial_cells","Epithelial_cells"
"sam1_ATCACGATCTCGTCAC-1","DC","DC"
"sam1_ATCACTTAGCCTCTCT-1","Epithelial_cells","Epithelial_cells"
"sam1_ATCACTTAGTCCGCCA-1","Keratinocytes","Keratinocytes"
"sam1_ATCACTTGTACGAGCA-1","Smooth_muscle_cells","Unassigned"
"sam1_ATCACTTGTAGCCAGA-1","DC","DC"
"sam1_ATCACTTGTGCGTCGT-1","Epithelial_cells","Epithelial_cells"
"sam1_ATCACTTGTTTAGACC-1","Fibroblasts","Fibroblasts"
"sam1_ATCACTTTCCCTCATG-1","Keratinocytes","Keratinocytes"
"sam1_ATCACTTTCCGTAGTA-1","T_cells","T_cells"
"sam1_ATCACTTTCGAGCCAC-1","Hepatocytes","Hepatocytes"
"sam1_ATCACTTTCGCCAGAC-1","Fibroblasts","Fibroblasts"
"sam1_ATCAGGTAGATTGAGT-1","Macrophage","Macrophage"
"sam1_ATCAGGTCAAGACGGT-1","DC","DC"
"sam1_ATCAGGTCAGCCTATA-1","Epithelial_cells","Epithelial_cells"
"sam1_ATCAGGTCATGTGGTT-1","Macrophage","Unassigned"
"sam1_ATCAGGTTCCGCACTT-1","Fibroblasts","Fibroblasts"
"sam1_ATCATTCAGCTCACTA-1","Epithelial_cells","Epithelial_cells"
"sam1_ATCATTCGTCAATGGG-1","Neutrophils","Neutrophils"
"sam1_ATCATTCGTGATGTAA-1","HSC_-G-CSF","HSC_-G-CSF"
"sam1_ATCATTCGTGTTCGAT-1","T_cells","T_cells"
"sam1_ATCATTCTCCAGTACA-1","Fibroblasts","Fibroblasts"
"sam1_ATCATTCTCTAGTGTG-1","Neutrophils","Neutrophils"
"sam1_ATCCACCAGAATCCCT-1","Macrophage","Macrophage"
"sam1_ATCCACCAGTAATTGG-1","Astrocyte","Astrocyte"
"sam1_ATCCACCCAAGGACAC-1","Smooth_muscle_cells","Unassigned"
"sam1_ATCCACCGTGACAGCA-1","Epithelial_cells","Epithelial_cells"
"sam1_ATCCACCGTTAGGAGC-1","Epithelial_cells","Epithelial_cells"
"sam1_ATCCACCGTTCTCTCG-1","Macrophage","Macrophage"
"sam1_ATCCACCGTTGCATTG-1","Neutrophils","Neutrophils"
"sam1_ATCCACCTCCCAAGCG-1","Smooth_muscle_cells","Smooth_muscle_cells"
"sam1_ATCCACCTCGAACCTA-1","Pre-B_cell_CD34-","Pre-B_cell_CD34-"
"sam1_ATCCACCTCTCCAAGA-1","Epithelial_cells","Epithelial_cells"
"sam1_ATCCATTAGGCCCACT-1","Macrophage","Macrophage"
"sam1_ATCCATTCAATCGCAT-1","Keratinocytes","Keratinocytes"
"sam1_ATCCATTCACAAGCCC-1","Epithelial_cells","Epithelial_cells"
"sam1_ATCCATTCACTAAACC-1","Pro-Myelocyte","Pro-Myelocyte"
"sam1_ATCCATTCAGATACTC-1","MEP","MEP"
"sam1_ATCCATTCAGCAATTC-1","Epithelial_cells","Epithelial_cells"
"sam1_ATCCATTGTTACACAC-1","Keratinocytes","Keratinocytes"
"sam1_ATCCATTGTTATCTTC-1","Pro-Myelocyte","Pro-Myelocyte"
"sam1_ATCCATTTCCAACTAG-1","Epithelial_cells","Epithelial_cells"
"sam1_ATCCATTTCCGTATAG-1","Epithelial_cells","Epithelial_cells"
"sam1_ATCCCTGAGAGAGGTA-1","Epithelial_cells","Epithelial_cells"
"sam1_ATCCCTGCAACGTATC-1","Smooth_muscle_cells","Smooth_muscle_cells"
"sam1_ATCCCTGGTGGCCTCA-1","Epithelial_cells","Epithelial_cells"
"sam1_ATCCCTGTCGACTCCT-1","Macrophage","Macrophage"
"sam1_ATCCCTGTCGCAACAT-1","Pro-B_cell_CD34+","Pro-B_cell_CD34+"
"sam1_ATCCGTCAGCATGAAT-1","NK_cell","NK_cell"
"sam1_ATCCGTCAGGAGTATT-1","Pro-Myelocyte","Pro-Myelocyte"
"sam1_ATCCGTCAGTGCTACT-1","Smooth_muscle_cells","Smooth_muscle_cells"
"sam1_ATCCGTCAGTGGCAGT-1","Osteoblasts","Osteoblasts"
"sam1_ATCCGTCCAAAGCTCT-1","Hepatocytes","Hepatocytes"
"sam1_ATCCGTCCACACCTAA-1","Keratinocytes","Keratinocytes"
"sam1_ATCCGTCCACCATTCC-1","Macrophage","Unassigned"
"sam1_ATCCGTCCACCTCTAC-1","Macrophage","Macrophage"
"sam1_ATCCGTCCAGCTCATA-1","Epithelial_cells","Epithelial_cells"
"sam1_ATCCGTCCAGGGATAC-1","BM","BM"
"sam1_ATCCGTCCATCTCATT-1","Keratinocytes","Keratinocytes"
"sam1_ATCCGTCGTAGGAGTC-1","Fibroblasts","Fibroblasts"
"sam1_ATCCGTCGTGCGTGCT-1","MSC","MSC"
"sam1_ATCCGTCTCCTTATAC-1","T_cells","T_cells"
"sam1_ATCCGTCTCGAACACT-1","Epithelial_cells","Epithelial_cells"
"sam1_ATCCTATAGAATTCAG-1","Fibroblasts","Fibroblasts"
"sam1_ATCCTATAGATTGCGG-1","Macrophage","Macrophage"
"sam1_ATCCTATCACATACGT-1","DC","DC"
"sam1_ATCCTATCACTTGAAC-1","Epithelial_cells","Epithelial_cells"
"sam1_ATCCTATGTACTCAAC-1","Chondrocytes","Chondrocytes"
"sam1_ATCCTATGTCTAACTG-1","Smooth_muscle_cells","Unassigned"
"sam1_ATCCTATGTTGTAAAG-1","Fibroblasts","Unassigned"
"sam1_ATCCTATTCAGACAAA-1","Epithelial_cells","Epithelial_cells"
"sam1_ATCCTATTCCTTCAGC-1","Pro-B_cell_CD34+","Pro-B_cell_CD34+"
"sam1_ATCCTATTCGCCAACG-1","Epithelial_cells","Epithelial_cells"
"sam1_ATCGATGAGCTCAGAG-1","Macrophage","Macrophage"
"sam1_ATCGATGCAAAGACTA-1","Macrophage","Macrophage"
"sam1_ATCGATGGTCTGTCAA-1","NK_cell","NK_cell"
"sam1_ATCGATGGTTCGGCCA-1","Pro-B_cell_CD34+","Pro-B_cell_CD34+"
"sam1_ATCGATGTCATACGGT-1","T_cells","T_cells"
"sam1_ATCGATGTCCTGTACC-1","Epithelial_cells","Epithelial_cells"
"sam1_ATCGCCTAGCCTATTG-1","Epithelial_cells","Epithelial_cells"
"sam1_ATCGCCTAGGTTGCCC-1","Epithelial_cells","Epithelial_cells"
"sam1_ATCGCCTAGTAATTGG-1","Myelocyte","Myelocyte"
"sam1_ATCGCCTCAAAGCACG-1","Macrophage","Macrophage"
"sam1_ATCGCCTCACAAGCCC-1","T_cells","T_cells"
"sam1_ATCGCCTCATGTGCTA-1","Astrocyte","Astrocyte"
"sam1_ATCGCCTGTGTCCACG-1","Epithelial_cells","Epithelial_cells"
"sam1_ATCGCCTGTTCGGGTC-1","Smooth_muscle_cells","Smooth_muscle_cells"
"sam1_ATCGCCTTCATTTACC-1","Epithelial_cells","Epithelial_cells"
"sam1_ATCGCCTTCCGACAGC-1","Pro-B_cell_CD34+","Pro-B_cell_CD34+"
"sam1_ATCGGATAGATACAGT-1","Neutrophils","Neutrophils"
"sam1_ATCGGATGTCACCACG-1","T_cells","T_cells"
"sam1_ATCGGATGTCACGCTG-1","Macrophage","Macrophage"
"sam1_ATCGGATTCGTGCACG-1","Keratinocytes","Keratinocytes"
"sam1_ATCGGCGGTAAGCTCT-1","Macrophage","Macrophage"
"sam1_ATCGGCGGTGCTCTTC-1","Smooth_muscle_cells","Unassigned"
"sam1_ATCGGCGTCCAAACCA-1","NK_cell","NK_cell"
"sam1_ATCGTAGAGAGCAGCT-1","Pro-Myelocyte","Pro-Myelocyte"
"sam1_ATCGTAGAGTGGCCTC-1","Smooth_muscle_cells","Smooth_muscle_cells"
"sam1_ATCGTAGGTAGGCAAC-1","Smooth_muscle_cells","Smooth_muscle_cells"
"sam1_ATCGTAGGTGGTCTAT-1","Neutrophils","Neutrophils"
"sam1_ATCGTAGTCCGTCAAA-1","Macrophage","Macrophage"
"sam1_ATCGTAGTCCGTGTAA-1","T_cells","T_cells"
"sam1_ATCGTAGTCGCATAGT-1","Epithelial_cells","Epithelial_cells"
"sam1_ATCGTAGTCGCATTGA-1","HSC_-G-CSF","HSC_-G-CSF"
"sam1_ATCGTAGTCGCCTTGT-1","Macrophage","Unassigned"
"sam1_ATCGTCCAGAGAACCC-1","GMP","GMP"
"sam1_ATCGTCCAGCAGATAT-1","Fibroblasts","Fibroblasts"
"sam1_ATCGTCCAGGTAAGAG-1","T_cells","T_cells"
"sam1_ATCGTCCAGTCACTGT-1","BM","BM"
"sam1_ATCGTCCCAGGTAGTG-1","T_cells","T_cells"
"sam1_ATCGTCCGTCTCCTGT-1","T_cells","T_cells"
"sam1_ATCGTCCTCGCAGTTA-1","Smooth_muscle_cells","Unassigned"
"sam1_ATCGTCCTCGTCTCAC-1","BM","BM"
"sam1_ATCGTGAAGACCTTTG-1","Monocyte","Monocyte"
"sam1_ATCGTGAAGAGTCGAC-1","Fibroblasts","Fibroblasts"
"sam1_ATCGTGACAAACCGGA-1","DC","DC"
"sam1_ATCGTGAGTGATTCAC-1","Epithelial_cells","Epithelial_cells"
"sam1_ATCGTGATCACACCGG-1","Epithelial_cells","Epithelial_cells"
"sam1_ATCGTGATCATTCACT-1","NK_cell","NK_cell"
"sam1_ATCTCTAAGGCGCTTC-1","NK_cell","NK_cell"
"sam1_ATCTCTAAGGGACACT-1","Epithelial_cells","Epithelial_cells"
"sam1_ATCTCTACACTTGGCG-1","Epithelial_cells","Epithelial_cells"
"sam1_ATCTCTACATCCGTTC-1","NK_cell","NK_cell"
"sam1_ATCTCTAGTAGTTCCA-1","T_cells","T_cells"
"sam1_ATCTCTAGTATGGAAT-1","HSC_-G-CSF","HSC_-G-CSF"
"sam1_ATCTCTAGTTCCTAAG-1","Keratinocytes","Keratinocytes"
"sam1_ATCTCTATCACCTCTG-1","Pro-B_cell_CD34+","Pro-B_cell_CD34+"
"sam1_ATCTCTATCTACTATC-1","Epithelial_cells","Epithelial_cells"
"sam1_ATCTTCAGTCCACAGC-1","NK_cell","NK_cell"
"sam1_ATCTTCAGTTATGTGC-1","Monocyte","Monocyte"
"sam1_ATCTTCATCGACCACG-1","Embryonic_stem_cells","Embryonic_stem_cells"
"sam1_ATCTTCATCTACCAGA-1","HSC_CD34+","HSC_CD34+"
"sam1_ATCTTCATCTATCACT-1","Neurons","Neurons"
"sam1_ATGAAAGAGCAGATAT-1","Embryonic_stem_cells","Embryonic_stem_cells"
"sam1_ATGAAAGAGCCAACCC-1","Smooth_muscle_cells","Unassigned"
"sam1_ATGAAAGAGGACAACC-1","Pre-B_cell_CD34-","Pre-B_cell_CD34-"
"sam1_ATGAAAGCAGTCAGCC-1","CMP","CMP"
"sam1_ATGAAAGTCAGCTGAT-1","DC","DC"
"sam1_ATGAAAGTCCATCCGT-1","Macrophage","Macrophage"
"sam1_ATGAAAGTCTGCGAGC-1","Macrophage","Macrophage"
"sam1_ATGACCAAGAAACCAT-1","Epithelial_cells","Epithelial_cells"
"sam1_ATGACCAAGCGACTGA-1","Embryonic_stem_cells","Embryonic_stem_cells"
"sam1_ATGACCAAGCGTGCTC-1","Epithelial_cells","Epithelial_cells"
"sam1_ATGACCAAGGTGAGAA-1","Epithelial_cells","Epithelial_cells"
"sam1_ATGACCACAAGACAAT-1","NK_cell","NK_cell"
"sam1_ATGACCACAGGGTTGA-1","Pro-B_cell_CD34+","Pro-B_cell_CD34+"
"sam1_ATGACCAGTAAGGCTG-1","Epithelial_cells","Epithelial_cells"
"sam1_ATGACCAGTCCAGCGT-1","B_cell","B_cell"
"sam1_ATGACCATCACTGAAC-1","Epithelial_cells","Epithelial_cells"
"sam1_ATGACCATCCACCTGT-1","Hepatocytes","Hepatocytes"
"sam1_ATGACCATCCCTCTAG-1","Macrophage","Unassigned"
"sam1_ATGACCATCTCCCATG-1","Epithelial_cells","Epithelial_cells"
"sam1_ATGAGGGAGCACTGGA-1","Fibroblasts","Fibroblasts"
"sam1_ATGAGGGAGGCTCTAT-1","NK_cell","NK_cell"
"sam1_ATGAGGGAGTCTAACC-1","T_cells","T_cells"
"sam1_ATGAGGGAGTTCTACG-1","BM","BM"
"sam1_ATGAGGGCACTTGTCC-1","GMP","GMP"
"sam1_ATGAGGGCAGGCGTTC-1","DC","DC"
"sam1_ATGAGGGGTGGTCTTA-1","Chondrocytes","Chondrocytes"
"sam1_ATGAGGGTCATAGCAC-1","DC","DC"
"sam1_ATGAGGGTCATTCCTA-1","Macrophage","Macrophage"
"sam1_ATGAGTCCAAGTGGCA-1","Macrophage","Macrophage"
"sam1_ATGAGTCCATCCCGTT-1","Hepatocytes","Hepatocytes"
"sam1_ATGAGTCTCAACTGGT-1","Epithelial_cells","Epithelial_cells"
"sam1_ATGAGTCTCACAGAGG-1","CMP","CMP"
"sam1_ATGATCGGTGAGACGT-1","BM","BM"
"sam1_ATGATCGGTGGAACCA-1","T_cells","T_cells"
"sam1_ATGATCGGTGTGATGG-1","Macrophage","Macrophage"
"sam1_ATGATCGTCGCTTACC-1","Epithelial_cells","Epithelial_cells"
"sam1_ATGCATGGTATTCCTT-1","Epithelial_cells","Epithelial_cells"
"sam1_ATGCATGGTCACTCTC-1","T_cells","T_cells"
"sam1_ATGCATGGTGACTCGC-1","Chondrocytes","Chondrocytes"
"sam1_ATGCATGTCCCGAGGT-1","Pre-B_cell_CD34-","Pre-B_cell_CD34-"
"sam1_ATGCCTCAGCATACTC-1","Neutrophils","Neutrophils"
"sam1_ATGCCTCAGGTAAGTT-1","Macrophage","Unassigned"
"sam1_ATGCCTCAGGTATTGA-1","HSC_CD34+","HSC_CD34+"
"sam1_ATGCCTCAGTGCTACT-1","Smooth_muscle_cells","Smooth_muscle_cells"
"sam1_ATGCCTCAGTTCACTG-1","Epithelial_cells","Epithelial_cells"
"sam1_ATGCCTCCAGGGAGAG-1","Macrophage","Macrophage"
"sam1_ATGCCTCCATCACCAA-1","NK_cell","NK_cell"
"sam1_ATGCCTCCATCTAACG-1","Macrophage","Macrophage"
"sam1_ATGCCTCGTAGCTGAG-1","T_cells","T_cells"
"sam1_ATGCCTCGTCGTTATG-1","Macrophage","Macrophage"
"sam1_ATGCCTCGTTACCTGA-1","NK_cell","NK_cell"
"sam1_ATGCCTCTCACCCTCA-1","NK_cell","NK_cell"
"sam1_ATGCCTCTCAGTCTTT-1","Epithelial_cells","Epithelial_cells"
"sam1_ATGCCTCTCCCGTAAA-1","Pre-B_cell_CD34-","Pre-B_cell_CD34-"
"sam1_ATGCCTCTCTCAATCT-1","Epithelial_cells","Epithelial_cells"
"sam1_ATGCCTCTCTGGTCAA-1","Fibroblasts","Fibroblasts"
"sam1_ATGCGATCAGTAACCT-1","Fibroblasts","Fibroblasts"
"sam1_ATGCGATCATCGGAAG-1","Smooth_muscle_cells","Smooth_muscle_cells"
"sam1_ATGCGATCATGACTGT-1","Macrophage","Macrophage"
"sam1_ATGCGATGTGGTCTTA-1","Pro-B_cell_CD34+","Pro-B_cell_CD34+"
"sam1_ATGCGATTCACCTCAC-1","Epithelial_cells","Epithelial_cells"
"sam1_ATGGAGGAGGCTATCT-1","NK_cell","NK_cell"
"sam1_ATGGAGGGTACTGCCG-1","Macrophage","Macrophage"
"sam1_ATGGAGGGTTCGGTAT-1","NK_cell","NK_cell"
"sam1_ATGGAGGTCAACCTCC-1","T_cells","T_cells"
"sam1_ATGGAGGTCTCCCATG-1","Epithelial_cells","Epithelial_cells"
"sam1_ATGGATCAGCTCATAC-1","Smooth_muscle_cells","Smooth_muscle_cells"
"sam1_ATGGATCAGGTAATCA-1","Smooth_muscle_cells","Smooth_muscle_cells"
"sam1_ATGGATCAGTAGTCAA-1","Macrophage","Macrophage"
"sam1_ATGGATCAGTCCCGGT-1","Keratinocytes","Keratinocytes"
"sam1_ATGGATCCACATGAAA-1","Fibroblasts","Fibroblasts"
"sam1_ATGGATCGTACTAACC-1","DC","DC"
"sam1_ATGGATCGTCCAACGC-1","Pro-B_cell_CD34+","Pro-B_cell_CD34+"
"sam1_ATGGATCGTCCATAGT-1","Macrophage","Macrophage"
"sam1_ATGGGAGAGATCCAAA-1","Fibroblasts","Fibroblasts"
"sam1_ATGGGAGCAGAACGCA-1","Chondrocytes","Chondrocytes"
"sam1_ATGGGAGCAGCCATTA-1","BM","BM"
"sam1_ATGGGAGGTATGTCCA-1","Chondrocytes","Chondrocytes"
"sam1_ATGGGAGTCAGCAGAG-1","Fibroblasts","Fibroblasts"
"sam1_ATGGGTTAGAACGTGC-1","Fibroblasts","Unassigned"
"sam1_ATGGGTTAGACCAACG-1","Myelocyte","Myelocyte"
"sam1_ATGGGTTAGGCTCCCA-1","T_cells","T_cells"
"sam1_ATGGGTTCACGCTTAA-1","Keratinocytes","Keratinocytes"
"sam1_ATGGGTTCAGGGCTTC-1","Pre-B_cell_CD34-","Pre-B_cell_CD34-"
"sam1_ATGGGTTTCCGCTAGG-1","Pro-B_cell_CD34+","Pro-B_cell_CD34+"
"sam1_ATGGTTGCAGAGGAAA-1","T_cells","T_cells"
"sam1_ATGGTTGTCCTCATAT-1","Keratinocytes","Keratinocytes"
"sam1_ATGGTTGTCGCAAGAG-1","NK_cell","NK_cell"
"sam1_ATGTCCCAGCATTGAA-1","HSC_CD34+","HSC_CD34+"
"sam1_ATGTCCCAGTTCCGGC-1","Epithelial_cells","Epithelial_cells"
"sam1_ATGTCCCCAGTAACCT-1","Macrophage","Macrophage"
"sam1_ATGTCCCGTGAACGGT-1","Endothelial_cells","Endothelial_cells"
"sam1_ATGTCCCGTGAGACGT-1","Pre-B_cell_CD34-","Pre-B_cell_CD34-"
"sam1_ATGTCCCGTGCCTTCT-1","Chondrocytes","Unassigned"
"sam1_ATGTCCCGTGGTCTGC-1","Pre-B_cell_CD34-","Pre-B_cell_CD34-"
"sam1_ATGTCCCTCCACTTTA-1","DC","DC"
"sam1_ATGTCCCTCTCCGATC-1","Neutrophils","Neutrophils"
"sam1_ATGTCCCTCTGAGAAA-1","T_cells","T_cells"
"sam1_ATGTCCCTCTGGCCGA-1","Epithelial_cells","Epithelial_cells"
"sam1_ATGTCTTAGAAGCCAC-1","NK_cell","NK_cell"
"sam1_ATGTCTTAGAGGGCGA-1","Fibroblasts","Fibroblasts"
"sam1_ATGTCTTAGCTCAGAG-1","HSC_-G-CSF","HSC_-G-CSF"
"sam1_ATGTCTTAGTTGGACG-1","Fibroblasts","Fibroblasts"
"sam1_ATGTCTTCAAAGACTA-1","Epithelial_cells","Epithelial_cells"
"sam1_ATGTCTTCACGGATCC-1","Pro-B_cell_CD34+","Pro-B_cell_CD34+"
"sam1_ATGTCTTCATCCTAAG-1","Macrophage","Macrophage"
"sam1_ATGTCTTCATGCGGTC-1","T_cells","T_cells"
"sam1_ATGTCTTGTGCAACAG-1","Fibroblasts","Fibroblasts"
"sam1_ATGTCTTTCCAATCCC-1","Pro-Myelocyte","Pro-Myelocyte"
"sam1_ATTACCTCACATTACG-1","Epithelial_cells","Epithelial_cells"
"sam1_ATTACCTCAGGACTAG-1","DC","DC"
"sam1_ATTACCTCATGTGCTA-1","Epithelial_cells","Epithelial_cells"
"sam1_ATTACCTGTAGTCGGA-1","Fibroblasts","Fibroblasts"
"sam1_ATTACCTGTCGTTATG-1","Macrophage","Macrophage"
"sam1_ATTACCTGTCTGCATA-1","Epithelial_cells","Epithelial_cells"
"sam1_ATTACCTGTGTCTAAC-1","Chondrocytes","Unassigned"
"sam1_ATTACCTGTTCATCTT-1","iPS_cells","iPS_cells"
"sam1_ATTACCTTCCCAGGCA-1","BM","BM"
"sam1_ATTACCTTCCTCTCTT-1","Epithelial_cells","Epithelial_cells"
"sam1_ATTACCTTCGCTGTTC-1","iPS_cells","iPS_cells"
"sam1_ATTACCTTCTCTAAGG-1","Osteoblasts","Osteoblasts"
"sam1_ATTACCTTCTCTCTTC-1","Smooth_muscle_cells","Unassigned"
"sam1_ATTACTCAGTATGAGT-1","Smooth_muscle_cells","Unassigned"
"sam1_ATTACTCCAAACTCGT-1","Chondrocytes","Chondrocytes"
"sam1_ATTACTCCACCAAAGG-1","Keratinocytes","Keratinocytes"
"sam1_ATTACTCCACCTTCCA-1","Smooth_muscle_cells","Smooth_muscle_cells"
"sam1_ATTACTCGTAGGAGTC-1","Smooth_muscle_cells","Smooth_muscle_cells"
"sam1_ATTACTCGTATCCTCC-1","Epithelial_cells","Epithelial_cells"
"sam1_ATTACTCGTTCACGAT-1","T_cells","T_cells"
"sam1_ATTACTCGTTGGGTAG-1","CMP","CMP"
"sam1_ATTACTCTCACCCTTG-1","Pro-B_cell_CD34+","Pro-B_cell_CD34+"
"sam1_ATTACTCTCAGCCTCT-1","T_cells","T_cells"
"sam1_ATTATCCCACCAGGTC-1","Epithelial_cells","Epithelial_cells"
"sam1_ATTATCCCAGACCATT-1","Macrophage","Macrophage"
"sam1_ATTATCCCAGATGCGA-1","Fibroblasts","Fibroblasts"
"sam1_ATTATCCCAGCTCTGG-1","Epithelial_cells","Epithelial_cells"
"sam1_ATTATCCGTGACCGAA-1","Smooth_muscle_cells","Smooth_muscle_cells"
"sam1_ATTATCCTCCACCTGT-1","Fibroblasts","Fibroblasts"
"sam1_ATTCACTAGGAGTACC-1","Epithelial_cells","Epithelial_cells"
"sam1_ATTCACTAGTCCCGGT-1","Epithelial_cells","Epithelial_cells"
"sam1_ATTCACTAGTCTTCGA-1","Neurons","Neurons"
"sam1_ATTCACTAGTGGATTA-1","DC","DC"
"sam1_ATTCACTCAACCGCCA-1","Macrophage","Macrophage"
"sam1_ATTCACTCAGCCGTCA-1","NK_cell","NK_cell"
"sam1_ATTCACTCAGCCTACG-1","Pre-B_cell_CD34-","Pre-B_cell_CD34-"
"sam1_ATTCACTCAGGCCCTA-1","Smooth_muscle_cells","Smooth_muscle_cells"
"sam1_ATTCACTCATAATCCG-1","Monocyte","Monocyte"
"sam1_ATTCACTGTGCGTCGT-1","Macrophage","Macrophage"
"sam1_ATTCACTGTTTGTTCT-1","Pro-B_cell_CD34+","Pro-B_cell_CD34+"
"sam1_ATTCACTTCACTCCGT-1","MEP","MEP"
"sam1_ATTCACTTCCACTGGG-1","Neuroepithelial_cell","Neuroepithelial_cell"
"sam1_ATTCACTTCTTCACAT-1","Macrophage","Macrophage"
"sam1_ATTCACTTCTTCCAGC-1","Epithelial_cells","Epithelial_cells"
"sam1_ATTCAGGCAAATGCGG-1","Pre-B_cell_CD34-","Pre-B_cell_CD34-"
"sam1_ATTCAGGCAACGGCTC-1","Macrophage","Unassigned"
"sam1_ATTCAGGCAGACGGAT-1","NK_cell","NK_cell"
"sam1_ATTCAGGCATGACAGG-1","Fibroblasts","Fibroblasts"
"sam1_ATTCAGGGTGCCCGTA-1","BM","BM"
"sam1_ATTCAGGGTTTACGTG-1","Macrophage","Macrophage"
"sam1_ATTCAGGGTTTCGTGA-1","HSC_-G-CSF","HSC_-G-CSF"
"sam1_ATTCAGGTCCATTTGT-1","Macrophage","Macrophage"
"sam1_ATTCAGGTCCCAACTC-1","Pro-Myelocyte","Pro-Myelocyte"
"sam1_ATTCAGGTCGCATTGA-1","Macrophage","Macrophage"
"sam1_ATTCATCAGTCTCTGA-1","T_cells","T_cells"
"sam1_ATTCATCCAACTCCCT-1","Epithelial_cells","Epithelial_cells"
"sam1_ATTCATCCAGCGCGTT-1","Macrophage","Macrophage"
"sam1_ATTCATCCATGGGCAA-1","Macrophage","Macrophage"
"sam1_ATTCATCGTGCCCACA-1","Epithelial_cells","Epithelial_cells"
"sam1_ATTCATCTCCCGTGTT-1","Epithelial_cells","Epithelial_cells"
"sam1_ATTCATCTCCGAGGCT-1","Fibroblasts","Fibroblasts"
"sam1_ATTCATCTCGCAGATT-1","Epithelial_cells","Epithelial_cells"
"sam1_ATTCATCTCTGAACGT-1","Fibroblasts","Fibroblasts"
"sam1_ATTCCATCAAACTGCT-1","HSC_-G-CSF","HSC_-G-CSF"
"sam1_ATTCCATCACAGTCCG-1","HSC_-G-CSF","HSC_-G-CSF"
"sam1_ATTCCATCACTTTATC-1","Smooth_muscle_cells","Unassigned"
"sam1_ATTCCATTCAAGCCGC-1","CMP","CMP"
"sam1_ATTCCATTCACGGTCG-1","Macrophage","Macrophage"
"sam1_ATTCCCGAGCTAGAGC-1","Pro-Myelocyte","Pro-Myelocyte"
"sam1_ATTCCCGAGGACAGCT-1","DC","DC"
"sam1_ATTCCCGAGGTTAGTA-1","Macrophage","Macrophage"
"sam1_ATTCCCGAGTAGGCCA-1","Macrophage","Macrophage"
"sam1_ATTCCCGCACCCTTAC-1","Astrocyte","Astrocyte"
"sam1_ATTCCCGCATGCAGGA-1","Epithelial_cells","Epithelial_cells"
"sam1_ATTCCCGGTAGCTTTG-1","DC","DC"
"sam1_ATTCCCGGTAGGATAT-1","Macrophage","Macrophage"
"sam1_ATTCCCGTCATTGCCC-1","Macrophage","Unassigned"
"sam1_ATTCCCGTCCTAAACG-1","Hepatocytes","Hepatocytes"
"sam1_ATTCCCGTCGAGCACC-1","Macrophage","Macrophage"
"sam1_ATTCCTACACTGTTCC-1","Epithelial_cells","Epithelial_cells"
"sam1_ATTCCTACATCCGAGC-1","Smooth_muscle_cells","Smooth_muscle_cells"
"sam1_ATTCCTACATGACTCA-1","Fibroblasts","Fibroblasts"
"sam1_ATTCCTAGTCACGCTG-1","Tissue_stem_cells","Tissue_stem_cells"
"sam1_ATTCCTATCCCTCTAG-1","Macrophage","Macrophage"
"sam1_ATTCGTTGTATCGCTA-1","NK_cell","NK_cell"
"sam1_ATTCGTTGTCCAAGAG-1","BM","BM"
"sam1_ATTCGTTTCGTTGTAG-1","Macrophage","Macrophage"
"sam1_ATTCTACAGTTCACTG-1","Macrophage","Macrophage"
"sam1_ATTCTACTCCACGGAC-1","Macrophage","Macrophage"
"sam1_ATTCTACTCCCAGTGG-1","Epithelial_cells","Epithelial_cells"
"sam1_ATTCTACTCGACATAC-1","Epithelial_cells","Epithelial_cells"
"sam1_ATTCTACTCTCCCAAC-1","Epithelial_cells","Epithelial_cells"
"sam1_ATTCTACTCTGTGCGG-1","NK_cell","NK_cell"
"sam1_ATTCTTGAGAGAACCC-1","T_cells","T_cells"
"sam1_ATTCTTGAGTCCCTAA-1","Epithelial_cells","Epithelial_cells"
"sam1_ATTCTTGCAAAGAACT-1","HSC_CD34+","HSC_CD34+"
"sam1_ATTCTTGCAACGTAAA-1","Epithelial_cells","Epithelial_cells"
"sam1_ATTCTTGCACACCGAC-1","Epithelial_cells","Epithelial_cells"
"sam1_ATTCTTGCACTAACCA-1","Pre-B_cell_CD34-","Pre-B_cell_CD34-"
"sam1_ATTCTTGCAGGCACTC-1","Epithelial_cells","Epithelial_cells"
"sam1_ATTCTTGGTATCCTCC-1","Fibroblasts","Fibroblasts"
"sam1_ATTCTTGGTCCAAATC-1","Keratinocytes","Keratinocytes"
"sam1_ATTGGGTAGCGAGTAC-1","Macrophage","Macrophage"
"sam1_ATTGGGTCATCCGCGA-1","Neutrophils","Neutrophils"
"sam1_ATTGGGTGTTCCGCTT-1","DC","DC"
"sam1_ATTGGGTTCACCATCC-1","Fibroblasts","Fibroblasts"
"sam1_ATTGGGTTCCTCAGGG-1","NK_cell","NK_cell"
"sam1_ATTGTTCAGCTGGTGA-1","BM","BM"
"sam1_ATTGTTCAGTACGAGC-1","Macrophage","Macrophage"
"sam1_ATTGTTCCAATTGCAC-1","Epithelial_cells","Epithelial_cells"
"sam1_ATTGTTCCACGAGAAC-1","Neuroepithelial_cell","Neuroepithelial_cell"
"sam1_ATTGTTCGTGACTAAA-1","NK_cell","NK_cell"
"sam1_ATTGTTCTCCCATTCG-1","MSC","MSC"
"sam1_ATTGTTCTCCCTGGTT-1","T_cells","T_cells"
"sam1_ATTGTTCTCTCTAAGG-1","Epithelial_cells","Epithelial_cells"
"sam1_ATTTACCAGACCAGAC-1","Fibroblasts","Fibroblasts"
"sam1_ATTTACCCATAGAGGC-1","T_cells","T_cells"
"sam1_ATTTACCTCGTTCGCT-1","Neuroepithelial_cell","Neuroepithelial_cell"
"sam1_ATTTACCTCTGCGGAC-1","Epithelial_cells","Epithelial_cells"
"sam1_ATTTCACAGAAATGGG-1","Macrophage","Unassigned"
"sam1_ATTTCACAGGTGCTTT-1","Epithelial_cells","Epithelial_cells"
"sam1_ATTTCACAGTGAGCCA-1","NK_cell","NK_cell"
"sam1_ATTTCACAGTGAGTGC-1","T_cells","T_cells"
"sam1_ATTTCACCACCATATG-1","T_cells","T_cells"
"sam1_ATTTCACCACGACCTG-1","Epithelial_cells","Epithelial_cells"
"sam1_ATTTCACGTCTTCAAG-1","DC","DC"
"sam1_ATTTCACGTGTAAATG-1","Smooth_muscle_cells","Smooth_muscle_cells"
"sam1_ATTTCACTCGCCTTGT-1","Smooth_muscle_cells","Smooth_muscle_cells"
"sam1_ATTTCTGCATGCCATA-1","HSC_-G-CSF","HSC_-G-CSF"
"sam1_ATTTCTGGTCGAGTGA-1","NK_cell","NK_cell"
"sam1_ATTTCTGGTGTAAATG-1","Smooth_muscle_cells","Smooth_muscle_cells"
"sam1_CAAAGAAAGTTGAAAC-1","T_cells","T_cells"
"sam1_CAAAGAACACATCATG-1","GMP","GMP"
"sam1_CAAAGAACAGTAGGAC-1","Macrophage","Macrophage"
"sam1_CAAAGAAGTATGACAA-1","Pre-B_cell_CD34-","Pre-B_cell_CD34-"
"sam1_CAACAACAGCCTTTGA-1","Monocyte","Monocyte"
"sam1_CAACAACAGGTAACTA-1","Macrophage","Macrophage"
"sam1_CAACAACCAGTCTTCC-1","Epithelial_cells","Epithelial_cells"
"sam1_CAACAACCATGCCATA-1","Epithelial_cells","Epithelial_cells"
"sam1_CAACAACTCCTCAGGG-1","DC","DC"
"sam1_CAACAACTCGACGATT-1","Fibroblasts","Fibroblasts"
"sam1_CAACAACTCGTGGACC-1","Pro-B_cell_CD34+","Pro-B_cell_CD34+"
"sam1_CAACAACTCTGGAAGG-1","CMP","CMP"
"sam1_CAACAGTAGACCCTTA-1","Epithelial_cells","Epithelial_cells"
"sam1_CAACAGTAGCCACTCG-1","Macrophage","Macrophage"
"sam1_CAACAGTGTAATTAGG-1","Macrophage","Macrophage"
"sam1_CAACAGTGTGTCACAT-1","Fibroblasts","Fibroblasts"
"sam1_CAACAGTTCCCTCTCC-1","BM","BM"
"sam1_CAACAGTTCCGATGCG-1","Pre-B_cell_CD34-","Pre-B_cell_CD34-"
"sam1_CAACCAAAGCCTTTCC-1","Fibroblasts","Fibroblasts"
"sam1_CAACCAACAATTCACG-1","Macrophage","Unassigned"
"sam1_CAACCAACATTCTCTA-1","NK_cell","NK_cell"
"sam1_CAACCAAGTCAAGCCC-1","Epithelial_cells","Epithelial_cells"
"sam1_CAACCAAGTGGTCTGC-1","Macrophage","Macrophage"
"sam1_CAACCAAGTTAGTTCG-1","T_cells","T_cells"
"sam1_CAACCAATCCAACTAG-1","Epithelial_cells","Epithelial_cells"
"sam1_CAACCAATCGCCAGTG-1","Macrophage","Macrophage"
"sam1_CAACCTCAGCCTTCTC-1","Epithelial_cells","Epithelial_cells"
"sam1_CAACCTCAGGGTGAAA-1","Macrophage","Macrophage"
"sam1_CAACCTCCAATTCACG-1","Macrophage","Macrophage"
"sam1_CAACCTCGTCAAGCCC-1","Pre-B_cell_CD34-","Pre-B_cell_CD34-"
"sam1_CAACCTCGTGACCTGC-1","Fibroblasts","Fibroblasts"
"sam1_CAACCTCTCCCGAGAC-1","Epithelial_cells","Epithelial_cells"
"sam1_CAACCTCTCCGTGGCA-1","HSC_CD34+","HSC_CD34+"
"sam1_CAACCTCTCCTCTTTC-1","Smooth_muscle_cells","Smooth_muscle_cells"
"sam1_CAACCTCTCTGCACCT-1","Macrophage","Macrophage"
"sam1_CAACGATAGCTCCATA-1","DC","DC"
"sam1_CAACGATAGCTTCATG-1","Macrophage","Macrophage"
"sam1_CAACGATAGGACAACC-1","Neutrophils","Neutrophils"
"sam1_CAACGATGTCGTTTCC-1","Monocyte","Monocyte"
"sam1_CAACGATGTGAGAGGG-1","Epithelial_cells","Epithelial_cells"
"sam1_CAACGATGTGATAGAT-1","T_cells","T_cells"
"sam1_CAACGATGTTCTATCT-1","Epithelial_cells","Epithelial_cells"
"sam1_CAACGATTCAACTACG-1","HSC_-G-CSF","HSC_-G-CSF"
"sam1_CAACGATTCGACCCAG-1","Macrophage","Macrophage"
"sam1_CAACGATTCGCGTTTC-1","Smooth_muscle_cells","Smooth_muscle_cells"
"sam1_CAACGGCAGTCACAGG-1","Macrophage","Macrophage"
"sam1_CAACGGCCACAAGTGG-1","Smooth_muscle_cells","Smooth_muscle_cells"
"sam1_CAACGGCCACGGATCC-1","Epithelial_cells","Epithelial_cells"
"sam1_CAACGGCGTAGACGTG-1","BM","BM"
"sam1_CAACGGCGTGAGCCAA-1","T_cells","T_cells"
"sam1_CAACGGCTCAGGTAAA-1","Macrophage","Macrophage"
"sam1_CAAGACTGTCCAAAGG-1","Epithelial_cells","Epithelial_cells"
"sam1_CAAGACTGTCCCTGTT-1","Pre-B_cell_CD34-","Pre-B_cell_CD34-"
"sam1_CAAGACTTCAAAGCCT-1","Smooth_muscle_cells","Smooth_muscle_cells"
"sam1_CAAGACTTCAGATTGC-1","Epithelial_cells","Epithelial_cells"
"sam1_CAAGACTTCCTTGAAG-1","T_cells","T_cells"
"sam1_CAAGACTTCTGACAGT-1","Monocyte","Monocyte"
"sam1_CAAGAGGAGCCAACCC-1","Macrophage","Unassigned"
"sam1_CAAGAGGAGTACCATC-1","GMP","GMP"
"sam1_CAAGAGGCAGTTCCAA-1","Macrophage","Macrophage"
"sam1_CAAGAGGGTGTGTGTT-1","Epithelial_cells","Epithelial_cells"
"sam1_CAAGAGGGTTGCTCGG-1","Macrophage","Macrophage"
"sam1_CAAGAGGGTTTCACAG-1","Pre-B_cell_CD34-","Pre-B_cell_CD34-"
"sam1_CAAGCTACAACGTATC-1","NK_cell","NK_cell"
"sam1_CAAGCTACAGAATGTA-1","NK_cell","NK_cell"
"sam1_CAAGCTAGTACTCCGG-1","DC","DC"
"sam1_CAAGCTATCCCGAGTG-1","Neutrophils","Neutrophils"
"sam1_CAAGCTATCCTGGGTG-1","Pre-B_cell_CD34-","Pre-B_cell_CD34-"
"sam1_CAAGCTATCGGCTTCT-1","Macrophage","Macrophage"
"sam1_CAAGCTATCGTTGTGA-1","DC","DC"
"sam1_CAAGCTATCTACTATC-1","Epithelial_cells","Epithelial_cells"
"sam1_CAAGGGAAGACTTCGT-1","Pro-B_cell_CD34+","Pro-B_cell_CD34+"
"sam1_CAAGGGATCCTAGCCT-1","Neutrophils","Neutrophils"
"sam1_CAATACGAGAGCTTTC-1","T_cells","T_cells"
"sam1_CAATACGCAATGAAAC-1","Epithelial_cells","Epithelial_cells"
"sam1_CAATACGCACACACTA-1","Epithelial_cells","Epithelial_cells"
"sam1_CAATACGCATGGAGAC-1","Embryonic_stem_cells","Embryonic_stem_cells"
"sam1_CAATACGGTCCAATCA-1","Fibroblasts","Fibroblasts"
"sam1_CAATACGGTCCCACGA-1","DC","DC"
"sam1_CAATCGAAGGTCTTTG-1","Fibroblasts","Fibroblasts"
"sam1_CAATCGACATAACGGG-1","Pre-B_cell_CD34-","Pre-B_cell_CD34-"
"sam1_CAATCGAGTCCTCCTA-1","Pro-B_cell_CD34+","Pro-B_cell_CD34+"
"sam1_CAATCGATCCCATGGG-1","Chondrocytes","Chondrocytes"
"sam1_CAATCGATCGAATCCA-1","Fibroblasts","Fibroblasts"
"sam1_CAATCGATCTGGAAGG-1","Neutrophils","Neutrophils"
"sam1_CAATGACAGGTAAGAG-1","Macrophage","Macrophage"
"sam1_CAATGACCAAGCTACT-1","Macrophage","Macrophage"
"sam1_CAATGACCATCCGAAT-1","Keratinocytes","Keratinocytes"
"sam1_CAATGACCATGTGGCC-1","Epithelial_cells","Epithelial_cells"
"sam1_CAATGACGTTCCTAGA-1","Epithelial_cells","Epithelial_cells"
"sam1_CAATGACTCCTGTTGC-1","HSC_CD34+","HSC_CD34+"
"sam1_CAATGACTCGCTTGAA-1","T_cells","T_cells"
"sam1_CAATTTCCAAATGGTA-1","NK_cell","NK_cell"
"sam1_CAATTTCCAGAGTTCT-1","Neutrophils","Neutrophils"
"sam1_CAATTTCGTGTAGGAC-1","Neurons","Neurons"
"sam1_CAATTTCTCGAGTACT-1","Pro-B_cell_CD34+","Pro-B_cell_CD34+"
"sam1_CAATTTCTCGGTCGAC-1","Pre-B_cell_CD34-","Pre-B_cell_CD34-"
"sam1_CAATTTCTCTCCGCAT-1","Epithelial_cells","Epithelial_cells"
"sam1_CACAACAAGTGTGTTC-1","MEP","MEP"
"sam1_CACAACACACATAGCT-1","Endothelial_cells","Endothelial_cells"
"sam1_CACAACACACCTGTCT-1","T_cells","T_cells"
"sam1_CACAACACACGTAGTT-1","Epithelial_cells","Epithelial_cells"
"sam1_CACAACACACTCCACT-1","NK_cell","Unassigned"
"sam1_CACAACACACTGTCCT-1","Epithelial_cells","Epithelial_cells"
"sam1_CACAACACATAACAGA-1","Epithelial_cells","Epithelial_cells"
"sam1_CACAACACATTCATCT-1","Epithelial_cells","Epithelial_cells"
"sam1_CACAACAGTCAAGCCC-1","DC","DC"
"sam1_CACAACAGTCACTACA-1","Epithelial_cells","Epithelial_cells"
"sam1_CACAACATCATACGGT-1","NK_cell","NK_cell"
"sam1_CACAACATCCTTCACG-1","Macrophage","Unassigned"
"sam1_CACAACATCGTCCATC-1","NK_cell","NK_cell"
"sam1_CACACAAAGGCGATAC-1","Epithelial_cells","Epithelial_cells"
"sam1_CACACAAAGGTCCCTG-1","Epithelial_cells","Epithelial_cells"
"sam1_CACACAACAATCGTCA-1","Epithelial_cells","Epithelial_cells"
"sam1_CACACAACAGCAGTGA-1","Chondrocytes","Chondrocytes"
"sam1_CACACAATCAGACAAA-1","Epithelial_cells","Epithelial_cells"
"sam1_CACACAATCGGATAAA-1","Chondrocytes","Chondrocytes"
"sam1_CACAGATAGCGGGTTA-1","BM","BM"
"sam1_CACAGATCAGGAATCG-1","Endothelial_cells","Endothelial_cells"
"sam1_CACAGATGTCGTTCAA-1","Smooth_muscle_cells","Smooth_muscle_cells"
"sam1_CACAGATGTGGCTACC-1","Chondrocytes","Unassigned"
"sam1_CACAGATGTGTTCGTA-1","Fibroblasts","Fibroblasts"
"sam1_CACAGATGTTTGAAAG-1","T_cells","T_cells"
"sam1_CACAGATTCGACCATA-1","Epithelial_cells","Epithelial_cells"
"sam1_CACAGGCAGATAGTCA-1","Macrophage","Macrophage"
"sam1_CACAGGCCAACACTAC-1","Macrophage","Unassigned"
"sam1_CACAGGCCATCCGTGG-1","BM","BM"
"sam1_CACAGGCGTGGGAGAG-1","Macrophage","Macrophage"
"sam1_CACAGGCTCACGATAC-1","Macrophage","Macrophage"
"sam1_CACATGAGTAACCAGG-1","Macrophage","Unassigned"
"sam1_CACATGAGTCACGACC-1","Macrophage","Macrophage"
"sam1_CACATGAGTTCCCACT-1","Macrophage","Macrophage"
"sam1_CACATGAGTTGGATCT-1","T_cells","T_cells"
"sam1_CACCAAAAGGATGGCT-1","DC","DC"
"sam1_CACCAAACACATCATG-1","Epithelial_cells","Epithelial_cells"
"sam1_CACCAAACACCATAAC-1","DC","DC"
"sam1_CACCAAACAGTCACGC-1","Epithelial_cells","Epithelial_cells"
"sam1_CACCAAAGTATACGGG-1","Epithelial_cells","Epithelial_cells"
"sam1_CACCAAATCAATCCGA-1","Hepatocytes","Hepatocytes"
"sam1_CACCAAATCTGAGAAA-1","GMP","GMP"
"sam1_CACCGTTAGACCTTTG-1","Epithelial_cells","Epithelial_cells"
"sam1_CACCGTTCAATACGAA-1","Epithelial_cells","Epithelial_cells"
"sam1_CACCGTTCATACTGAC-1","Macrophage","Macrophage"
"sam1_CACCGTTGTAAGTCAA-1","T_cells","T_cells"
"sam1_CACCGTTGTGGCTGCT-1","Epithelial_cells","Epithelial_cells"
"sam1_CACCGTTTCCATCTAT-1","Pro-B_cell_CD34+","Pro-B_cell_CD34+"
"sam1_CACCGTTTCCTTCTGG-1","GMP","GMP"
"sam1_CACCGTTTCTCCGAAA-1","Macrophage","Unassigned"
"sam1_CACGAATAGATGCTAA-1","Pro-B_cell_CD34+","Pro-B_cell_CD34+"
"sam1_CACGAATAGATGTTAG-1","Epithelial_cells","Epithelial_cells"
"sam1_CACGAATCAAACGGCA-1","Neurons","Neurons"
"sam1_CACGAATCAAGACCTT-1","NK_cell","Unassigned"
"sam1_CACGAATTCCGATCTC-1","BM","BM"
"sam1_CACGAATTCTGTCTCG-1","Epithelial_cells","Epithelial_cells"
"sam1_CACGAATTCTTGCAAG-1","Epithelial_cells","Epithelial_cells"
"sam1_CACGAATTCTTTGCTA-1","Macrophage","Macrophage"
"sam1_CACGGGTAGGGCCAAT-1","T_cells","T_cells"
"sam1_CACGGGTAGTGGCCTC-1","Macrophage","Macrophage"
"sam1_CACGGGTCAGAACGCA-1","Monocyte","Monocyte"
"sam1_CACGGGTCAGTCTTCC-1","Epithelial_cells","Epithelial_cells"
"sam1_CACGGGTGTGGCCCAT-1","Pre-B_cell_CD34-","Pre-B_cell_CD34-"
"sam1_CACGGGTTCGCTATTT-1","HSC_CD34+","HSC_CD34+"
"sam1_CACGGGTTCTGATTCT-1","Epithelial_cells","Epithelial_cells"
"sam1_CACGTGGAGAGGACTC-1","Smooth_muscle_cells","Smooth_muscle_cells"
"sam1_CACGTGGAGATCCTAC-1","Macrophage","Macrophage"
"sam1_CACGTGGCAATGGGTG-1","Fibroblasts","Fibroblasts"
"sam1_CACGTGGCACGAAGAC-1","NK_cell","NK_cell"
"sam1_CACGTTCAGGCCCACT-1","Epithelial_cells","Epithelial_cells"
"sam1_CACGTTCAGTTTGCTG-1","T_cells","T_cells"
"sam1_CACGTTCCAATTGCCA-1","Epithelial_cells","Epithelial_cells"
"sam1_CACGTTCCAGCTAACT-1","Fibroblasts","Fibroblasts"
"sam1_CACGTTCCATGTCTAG-1","NK_cell","NK_cell"
"sam1_CACGTTCTCACAGAGG-1","Epithelial_cells","Epithelial_cells"
"sam1_CACGTTCTCACTTGGA-1","BM","BM"
"sam1_CACGTTCTCATACGAC-1","Epithelial_cells","Epithelial_cells"
"sam1_CACGTTCTCCAGCTCT-1","Osteoblasts","Osteoblasts"
"sam1_CACGTTCTCCGCCTAT-1","Fibroblasts","Unassigned"
"sam1_CACGTTCTCTCAGAAC-1","MSC","MSC"
"sam1_CACGTTCTCTGTCTCG-1","Keratinocytes","Keratinocytes"
"sam1_CACTAAGAGAAGTATC-1","Pro-B_cell_CD34+","Pro-B_cell_CD34+"
"sam1_CACTAAGCAATGAACA-1","Macrophage","Macrophage"
"sam1_CACTAAGCATTCACAG-1","Epithelial_cells","Epithelial_cells"
"sam1_CACTAAGTCTGTCCCA-1","Epithelial_cells","Epithelial_cells"
"sam1_CACTGAAAGCTTTCCC-1","Smooth_muscle_cells","Smooth_muscle_cells"
"sam1_CACTGAAAGGGTTGCA-1","CMP","CMP"
"sam1_CACTGAACAACTGTGT-1","Macrophage","Macrophage"
"sam1_CACTGAACAAGCGGAT-1","HSC_CD34+","HSC_CD34+"
"sam1_CACTGAACACATTACG-1","Epithelial_cells","Epithelial_cells"
"sam1_CACTGAACAGCGCGTT-1","Epithelial_cells","Epithelial_cells"
"sam1_CACTGAAGTACAAGTA-1","Fibroblasts","Fibroblasts"
"sam1_CACTGAATCACCGGTG-1","Smooth_muscle_cells","Smooth_muscle_cells"
"sam1_CACTGAATCATGCCCT-1","Myelocyte","Myelocyte"
"sam1_CACTGGGAGAAATCCA-1","Macrophage","Macrophage"
"sam1_CACTGGGAGCCATATC-1","Chondrocytes","Chondrocytes"
"sam1_CACTGGGAGCCGGAAT-1","Smooth_muscle_cells","Smooth_muscle_cells"
"sam1_CACTGGGCACACACTA-1","NK_cell","NK_cell"
"sam1_CACTGGGCAGGCACAA-1","Keratinocytes","Keratinocytes"
"sam1_CACTGGGTCTCATGGA-1","Pre-B_cell_CD34-","Pre-B_cell_CD34-"
"sam1_CACTGTCAGCGAACTG-1","Neutrophils","Neutrophils"
"sam1_CACTGTCAGGTTGCCC-1","Macrophage","Unassigned"
"sam1_CACTGTCCAGACATCT-1","Epithelial_cells","Epithelial_cells"
"sam1_CACTGTCCAGACTCTA-1","Epithelial_cells","Epithelial_cells"
"sam1_CACTGTCCATCCGTTC-1","NK_cell","NK_cell"
"sam1_CACTGTCCATGGCACC-1","Pre-B_cell_CD34-","Pre-B_cell_CD34-"
"sam1_CACTGTCGTTCGCGTG-1","Macrophage","Unassigned"
"sam1_CACTGTCTCTGGGCCA-1","Epithelial_cells","Epithelial_cells"
"sam1_CACTTCGAGCAAGCCA-1","Epithelial_cells","Epithelial_cells"
"sam1_CACTTCGAGCGAACTG-1","Macrophage","Macrophage"
"sam1_CACTTCGCAACCAATC-1","Epithelial_cells","Epithelial_cells"
"sam1_CACTTCGCACAATCTG-1","Epithelial_cells","Epithelial_cells"
"sam1_CACTTCGCACAGGATG-1","DC","DC"
"sam1_CACTTCGCACGCTTAA-1","Fibroblasts","Unassigned"
"sam1_CACTTCGCAGCAGTCC-1","Fibroblasts","Fibroblasts"
"sam1_CACTTCGGTACGATGG-1","NK_cell","NK_cell"
"sam1_CACTTCGGTCCTTTGC-1","Macrophage","Unassigned"
"sam1_CACTTCGTCACCCTCA-1","Keratinocytes","Keratinocytes"
"sam1_CACTTCGTCGAGCCAC-1","Epithelial_cells","Epithelial_cells"
"sam1_CAGAGCCAGATAACGT-1","Chondrocytes","Chondrocytes"
"sam1_CAGAGCCAGGACTGGT-1","GMP","GMP"
"sam1_CAGAGCCAGGGTGAGG-1","Epithelial_cells","Epithelial_cells"
"sam1_CAGAGCCCAGCCGTCA-1","Keratinocytes","Keratinocytes"
"sam1_CAGAGCCCATTCTTCA-1","NK_cell","NK_cell"
"sam1_CAGATACCAACTCGTA-1","Smooth_muscle_cells","Smooth_muscle_cells"
"sam1_CAGATACCAATGTCAC-1","Macrophage","Macrophage"
"sam1_CAGATACCACGGTCTG-1","Pro-B_cell_CD34+","Pro-B_cell_CD34+"
"sam1_CAGATACCACTGAGTT-1","T_cells","T_cells"
"sam1_CAGATACGTCTGTAGT-1","Macrophage","Unassigned"
"sam1_CAGATACGTTAGGAGC-1","Macrophage","Macrophage"
"sam1_CAGATACGTTCCACGG-1","Pro-B_cell_CD34+","Pro-B_cell_CD34+"
"sam1_CAGATACTCTGCATAG-1","Epithelial_cells","Epithelial_cells"
"sam1_CAGATCAGTACACTCA-1","Smooth_muscle_cells","Smooth_muscle_cells"
"sam1_CAGATCAGTATCTCTT-1","Keratinocytes","Keratinocytes"
"sam1_CAGATCAGTCCCTGTT-1","Epithelial_cells","Epithelial_cells"
"sam1_CAGATTGCAAATACGA-1","iPS_cells","iPS_cells"
"sam1_CAGATTGCACATTCGA-1","Hepatocytes","Hepatocytes"
"sam1_CAGATTGGTTTGGAAA-1","Smooth_muscle_cells","Smooth_muscle_cells"
"sam1_CAGATTGTCAGGGATG-1","Macrophage","Unassigned"
"sam1_CAGATTGTCCATTTAC-1","Keratinocytes","Keratinocytes"
"sam1_CAGATTGTCTTACACT-1","Epithelial_cells","Epithelial_cells"
"sam1_CAGCAATAGCGGTAGT-1","Pro-B_cell_CD34+","Pro-B_cell_CD34+"
"sam1_CAGCAATCAAACACGG-1","HSC_-G-CSF","HSC_-G-CSF"
"sam1_CAGCAATCAAACTAAG-1","Macrophage","Unassigned"
"sam1_CAGCAATCAATTTCTC-1","Macrophage","Macrophage"
"sam1_CAGCAATCACATTCTT-1","Epithelial_cells","Epithelial_cells"
"sam1_CAGCAATCAGAACATA-1","Epithelial_cells","Epithelial_cells"
"sam1_CAGCAATGTATGGTTC-1","Fibroblasts","Fibroblasts"
"sam1_CAGCAATGTCATAGTC-1","Pre-B_cell_CD34-","Pre-B_cell_CD34-"
"sam1_CAGCAATTCATTGTGG-1","Epithelial_cells","Epithelial_cells"
"sam1_CAGCAATTCTCGTTTA-1","Epithelial_cells","Epithelial_cells"
"sam1_CAGCACGAGATTACCC-1","B_cell","B_cell"
"sam1_CAGCACGCAACACGTT-1","GMP","GMP"
"sam1_CAGCACGCAAGCTCTA-1","Pro-B_cell_CD34+","Pro-B_cell_CD34+"
"sam1_CAGCACGCACTATCCC-1","T_cells","T_cells"
"sam1_CAGCACGCATCCTTGC-1","Keratinocytes","Keratinocytes"
"sam1_CAGCACGGTATACAGA-1","DC","DC"
"sam1_CAGCACGGTGAGCAGT-1","Macrophage","Macrophage"
"sam1_CAGCACGGTGCCTTCT-1","B_cell","B_cell"
"sam1_CAGCACGTCAAGCTTG-1","Epithelial_cells","Epithelial_cells"
"sam1_CAGCACGTCAGCGGAA-1","Fibroblasts","Fibroblasts"
"sam1_CAGCACGTCAGTCATG-1","T_cells","T_cells"
"sam1_CAGCAGCAGTCCGCGT-1","Smooth_muscle_cells","Smooth_muscle_cells"
"sam1_CAGCAGCAGTTACTCG-1","T_cells","T_cells"
"sam1_CAGCAGCCAAGGCGTA-1","Macrophage","Macrophage"
"sam1_CAGCAGCCAAGTGTCT-1","Smooth_muscle_cells","Smooth_muscle_cells"
"sam1_CAGCAGCCATGGCTAT-1","BM","BM"
"sam1_CAGCAGCGTAAGATCA-1","Macrophage","Macrophage"
"sam1_CAGCAGCGTATTCCGA-1","Smooth_muscle_cells","Smooth_muscle_cells"
"sam1_CAGCAGCGTGGTTTGT-1","Epithelial_cells","Epithelial_cells"
"sam1_CAGCAGCTCCATTCAT-1","Macrophage","Unassigned"
"sam1_CAGCAGCTCGAAGGAC-1","Pro-Myelocyte","Pro-Myelocyte"
"sam1_CAGCAGCTCTCAAAGC-1","Epithelial_cells","Epithelial_cells"
"sam1_CAGCCAGAGCGTTACT-1","Macrophage","Macrophage"
"sam1_CAGCCAGAGGGTCACA-1","Epithelial_cells","Epithelial_cells"
"sam1_CAGCCAGAGGTAAACT-1","Fibroblasts","Fibroblasts"
"sam1_CAGCCAGCAACGCCCA-1","Fibroblasts","Fibroblasts"
"sam1_CAGCCAGCACGCACCA-1","HSC_-G-CSF","HSC_-G-CSF"
"sam1_CAGCCAGGTGGCACTC-1","HSC_CD34+","HSC_CD34+"
"sam1_CAGCCAGTCCGTTTCG-1","Macrophage","Macrophage"
"sam1_CAGCCAGTCTCCCATG-1","Epithelial_cells","Epithelial_cells"
"sam1_CAGCCAGTCTCCGCAT-1","Epithelial_cells","Epithelial_cells"
"sam1_CAGCGTGAGCCATTGT-1","Macrophage","Unassigned"
"sam1_CAGCGTGAGCTCGCAC-1","HSC_CD34+","HSC_CD34+"
"sam1_CAGCGTGGTCAGCTTA-1","Epithelial_cells","Epithelial_cells"
"sam1_CAGCGTGGTTCTCCTG-1","Macrophage","Macrophage"
"sam1_CAGCGTGTCTTGTTAC-1","Epithelial_cells","Epithelial_cells"
"sam1_CAGGCCAAGAAACTAC-1","T_cells","T_cells"
"sam1_CAGGCCAAGGGTCAAC-1","Macrophage","Macrophage"
"sam1_CAGGCCACACGGATCC-1","Pro-B_cell_CD34+","Pro-B_cell_CD34+"
"sam1_CAGGCCACACGTGAGA-1","Macrophage","Macrophage"
"sam1_CAGGCCACATCCTTGC-1","Astrocyte","Astrocyte"
"sam1_CAGGCCAGTAACTTCG-1","T_cells","T_cells"
"sam1_CAGGCCAGTACCAGAG-1","Macrophage","Macrophage"
"sam1_CAGGCCAGTAGATCGG-1","Fibroblasts","Fibroblasts"
"sam1_CAGGCCAGTCCTCCTA-1","Chondrocytes","Chondrocytes"
"sam1_CAGGCCATCACGAGGA-1","Macrophage","Macrophage"
"sam1_CAGGCCATCCCAGTGG-1","Keratinocytes","Keratinocytes"
"sam1_CAGGCCATCGACCAAT-1","Epithelial_cells","Epithelial_cells"
"sam1_CAGGCCATCGAGAATA-1","Chondrocytes","Chondrocytes"
"sam1_CAGGCCATCGTTCGCT-1","NK_cell","NK_cell"
"sam1_CAGGGCTAGCTAAACA-1","Fibroblasts","Fibroblasts"
"sam1_CAGGGCTCAAGTATAG-1","Pre-B_cell_CD34-","Pre-B_cell_CD34-"
"sam1_CAGGGCTCACATATCG-1","Neuroepithelial_cell","Neuroepithelial_cell"
"sam1_CAGGGCTGTTCGGTAT-1","Fibroblasts","Fibroblasts"
"sam1_CAGGTATAGGGTATAT-1","Neutrophils","Neutrophils"
"sam1_CAGGTATCACTACGGC-1","Smooth_muscle_cells","Smooth_muscle_cells"
"sam1_CAGGTATCAGTGTGGA-1","Smooth_muscle_cells","Smooth_muscle_cells"
"sam1_CAGGTATCATCCCGTT-1","Epithelial_cells","Epithelial_cells"
"sam1_CAGGTATCATCGATAC-1","Macrophage","Unassigned"
"sam1_CAGGTATCATGACTGT-1","Smooth_muscle_cells","Smooth_muscle_cells"
"sam1_CAGGTATGTCTTACTT-1","BM","BM"
"sam1_CAGTGCGAGGCGCTTC-1","Macrophage","Macrophage"
"sam1_CAGTGCGCAATTGCAC-1","GMP","GMP"
"sam1_CAGTGCGCACAGAGAC-1","Epithelial_cells","Epithelial_cells"
"sam1_CAGTGCGCACGCTGAC-1","Fibroblasts","Fibroblasts"
"sam1_CAGTGCGCATACCGTA-1","Osteoblasts","Osteoblasts"
"sam1_CAGTGCGGTAGCTTTG-1","Smooth_muscle_cells","Smooth_muscle_cells"
"sam1_CAGTGCGTCATAGGCT-1","Macrophage","Macrophage"
"sam1_CAGTTAGCAAAGGAGA-1","Macrophage","Macrophage"
"sam1_CAGTTAGCACTCAAGT-1","MSC","MSC"
"sam1_CAGTTAGCAGTGGTGA-1","Macrophage","Macrophage"
"sam1_CAGTTAGGTATCCCAA-1","Pre-B_cell_CD34-","Pre-B_cell_CD34-"
"sam1_CAGTTAGGTTGAGAGC-1","Pro-B_cell_CD34+","Pro-B_cell_CD34+"
"sam1_CAGTTAGTCGACACTA-1","Smooth_muscle_cells","Smooth_muscle_cells"
"sam1_CAGTTAGTCTCTCGCA-1","Fibroblasts","Fibroblasts"
"sam1_CAGTTCCAGCAACAAT-1","T_cells","T_cells"
"sam1_CAGTTCCCAAGAGGTC-1","Smooth_muscle_cells","Smooth_muscle_cells"
"sam1_CAGTTCCGTCTCAGAT-1","Keratinocytes","Keratinocytes"
"sam1_CAGTTCCTCATCGACA-1","Macrophage","Macrophage"
"sam1_CAGTTCCTCCTGATAG-1","Epithelial_cells","Epithelial_cells"
"sam1_CAGTTCCTCGCATTAG-1","Epithelial_cells","Epithelial_cells"
"sam1_CAGTTCCTCTGGGCCA-1","Fibroblasts","Fibroblasts"
"sam1_CAGTTCCTCTTAGCCC-1","Hepatocytes","Hepatocytes"
"sam1_CATAAGCAGCCTCAGC-1","Epithelial_cells","Epithelial_cells"
"sam1_CATAAGCAGCTACTGT-1","Chondrocytes","Unassigned"
"sam1_CATAAGCAGGCCACCT-1","Pro-B_cell_CD34+","Pro-B_cell_CD34+"
"sam1_CATAAGCCACATATCG-1","BM","BM"
"sam1_CATAAGCCACCAAATC-1","Epithelial_cells","Epithelial_cells"
"sam1_CATAAGCTCACTCCGT-1","T_cells","T_cells"
"sam1_CATAAGCTCCATTGCC-1","MSC","MSC"
"sam1_CATAAGCTCCCTGTTG-1","Macrophage","Unassigned"
"sam1_CATAAGCTCCTACACC-1","Monocyte","Monocyte"
"sam1_CATAAGCTCTCGACGG-1","NK_cell","NK_cell"
"sam1_CATAAGCTCTCGTGGG-1","DC","DC"
"sam1_CATACAGAGGAGGGTG-1","NK_cell","NK_cell"
"sam1_CATACAGCACCACATA-1","Neurons","Neurons"
"sam1_CATACAGGTAGAATGT-1","T_cells","T_cells"
"sam1_CATACAGGTAGGGTAC-1","DC","DC"
"sam1_CATACAGGTGCCTGAC-1","Keratinocytes","Keratinocytes"
"sam1_CATACAGGTTATTCCT-1","Epithelial_cells","Epithelial_cells"
"sam1_CATACAGTCACCATGA-1","Epithelial_cells","Epithelial_cells"
"sam1_CATACAGTCGTTCTCG-1","Chondrocytes","Chondrocytes"
"sam1_CATACAGTCTCCCAAC-1","Epithelial_cells","Epithelial_cells"
"sam1_CATACAGTCTCCGCAT-1","Keratinocytes","Keratinocytes"
"sam1_CATACCCCAAGACCTT-1","Epithelial_cells","Epithelial_cells"
"sam1_CATACCCCAGACAAGC-1","Pro-B_cell_CD34+","Pro-B_cell_CD34+"
"sam1_CATACCCCATATGGCT-1","iPS_cells","iPS_cells"
"sam1_CATACCCCATCTCGTC-1","Smooth_muscle_cells","Unassigned"
"sam1_CATACCCGTATCGCTA-1","CMP","CMP"
"sam1_CATACCCGTGAAAGTT-1","Macrophage","Macrophage"
"sam1_CATACCCGTGTGTACT-1","Macrophage","Macrophage"
"sam1_CATACCCTCAAAGAAC-1","Macrophage","Unassigned"
"sam1_CATACCCTCACAAGAA-1","Macrophage","Unassigned"
"sam1_CATACCCTCCACGTAA-1","Embryonic_stem_cells","Embryonic_stem_cells"
"sam1_CATACCCTCCTTTGAT-1","DC","DC"
"sam1_CATACCCTCGCATAGT-1","Pro-Myelocyte","Pro-Myelocyte"
"sam1_CATACCCTCGTAGCCG-1","Macrophage","Macrophage"
"sam1_CATACTTAGCACTTTG-1","Pro-B_cell_CD34+","Pro-B_cell_CD34+"
"sam1_CATACTTCAAGTAGTA-1","Epithelial_cells","Epithelial_cells"
"sam1_CATACTTCAAGTTGGG-1","GMP","GMP"
"sam1_CATACTTCACAATGTC-1","Epithelial_cells","Epithelial_cells"
"sam1_CATACTTCAGGCTATT-1","MSC","MSC"
"sam1_CATACTTGTTCTCCCA-1","Erythroblast","Erythroblast"
"sam1_CATACTTTCAGACATC-1","Epithelial_cells","Epithelial_cells"
"sam1_CATACTTTCATCCTGC-1","Epithelial_cells","Epithelial_cells"
"sam1_CATACTTTCCTAGAGT-1","T_cells","T_cells"
"sam1_CATACTTTCGGCCCAA-1","Macrophage","Macrophage"
"sam1_CATAGACAGGATTTCC-1","Macrophage","Macrophage"
"sam1_CATAGACCAAGTCCCG-1","Epithelial_cells","Epithelial_cells"
"sam1_CATAGACCACCAGCTG-1","Smooth_muscle_cells","Smooth_muscle_cells"
"sam1_CATAGACGTAGCTTAC-1","Epithelial_cells","Epithelial_cells"
"sam1_CATAGACTCAAACGTC-1","Macrophage","Macrophage"
"sam1_CATAGACTCACGGTCG-1","BM","BM"
"sam1_CATAGACTCCAAAGGG-1","DC","DC"
"sam1_CATAGACTCCATGCAA-1","Macrophage","Unassigned"
"sam1_CATAGACTCCCAGCGA-1","Macrophage","Macrophage"
"sam1_CATCAAGAGTGTTGAA-1","NK_cell","NK_cell"
"sam1_CATCAAGCATCCTTCG-1","Smooth_muscle_cells","Smooth_muscle_cells"
"sam1_CATCAAGGTATCTCTT-1","Keratinocytes","Keratinocytes"
"sam1_CATCAAGGTGCTCGTG-1","Macrophage","Macrophage"
"sam1_CATCAAGGTGTTAACC-1","Epithelial_cells","Epithelial_cells"
"sam1_CATCAAGTCAAAGCCT-1","Epithelial_cells","Epithelial_cells"
"sam1_CATCAAGTCTAGGCCG-1","Epithelial_cells","Epithelial_cells"
"sam1_CATCAAGTCTCTTAAC-1","T_cells","T_cells"
"sam1_CATCCACAGCGTCTGC-1","Fibroblasts","Fibroblasts"
"sam1_CATCCACAGGTCTGGA-1","Keratinocytes","Keratinocytes"
"sam1_CATCCACCACCTGCGA-1","Epithelial_cells","Epithelial_cells"
"sam1_CATCCACCAGGCTTGC-1","Macrophage","Macrophage"
"sam1_CATCCACGTCGAATGG-1","Macrophage","Unassigned"
"sam1_CATCCACGTTCGGCCA-1","Epithelial_cells","Epithelial_cells"
"sam1_CATCCACTCACACCCT-1","Gametocytes","Gametocytes"
"sam1_CATCCACTCCACTGGG-1","Astrocyte","Astrocyte"
"sam1_CATCCACTCTCTCGAC-1","Fibroblasts","Unassigned"
"sam1_CATCCCAAGCATCAAA-1","NK_cell","NK_cell"
"sam1_CATCCCAAGGATCACG-1","Pre-B_cell_CD34-","Pre-B_cell_CD34-"
"sam1_CATCCCAAGGTGTGAC-1","Macrophage","Macrophage"
"sam1_CATCCCACAACCCGCA-1","DC","DC"
"sam1_CATCCCACAAGCACAG-1","Macrophage","Unassigned"
"sam1_CATCCCACAATGTCTG-1","NK_cell","NK_cell"
"sam1_CATCCCACACCTCTAC-1","Epithelial_cells","Epithelial_cells"
"sam1_CATCCCACAGAGTAAT-1","Embryonic_stem_cells","Embryonic_stem_cells"
"sam1_CATCCCACAGTCGGTC-1","Epithelial_cells","Epithelial_cells"
"sam1_CATCCCAGTCAACCAT-1","Epithelial_cells","Epithelial_cells"
"sam1_CATCCCAGTGGTATGG-1","Fibroblasts","Fibroblasts"
"sam1_CATCCCAGTGTCCGTG-1","T_cells","T_cells"
"sam1_CATCCCAGTTCAGGTT-1","Smooth_muscle_cells","Smooth_muscle_cells"
"sam1_CATCCCATCCAACTGA-1","Epithelial_cells","Epithelial_cells"
"sam1_CATCCCATCCGCTGTT-1","Smooth_muscle_cells","Smooth_muscle_cells"
"sam1_CATCCGTAGATACGAT-1","Macrophage","Unassigned"
"sam1_CATCCGTAGGGCGAAG-1","NK_cell","NK_cell"
"sam1_CATCCGTAGTATTCCG-1","Neutrophils","Neutrophils"
"sam1_CATCCGTCATGGCTGC-1","CMP","CMP"
"sam1_CATCCGTCATGTGGTT-1","Macrophage","Macrophage"
"sam1_CATCCGTTCACCATAG-1","Smooth_muscle_cells","Smooth_muscle_cells"
"sam1_CATCCGTTCATTGTGG-1","Epithelial_cells","Epithelial_cells"
"sam1_CATCGCTAGGAGTCTG-1","Epithelial_cells","Epithelial_cells"
"sam1_CATCGCTCAACGTATC-1","Macrophage","Macrophage"
"sam1_CATCGCTCACCGTCTT-1","Keratinocytes","Keratinocytes"
"sam1_CATCGCTCAGAGTGTG-1","NK_cell","NK_cell"
"sam1_CATCGCTGTACCTTCC-1","Macrophage","Macrophage"
"sam1_CATCGCTTCGTCCTTG-1","Macrophage","Macrophage"
"sam1_CATCGCTTCTGGCCAG-1","Epithelial_cells","Epithelial_cells"
"sam1_CATCGGGAGCTCGCAC-1","Epithelial_cells","Epithelial_cells"
"sam1_CATCGGGAGTCGCTAT-1","NK_cell","NK_cell"
"sam1_CATCGGGCACTCCGGA-1","Myelocyte","Myelocyte"
"sam1_CATCGGGCAGGGATAC-1","Epithelial_cells","Epithelial_cells"
"sam1_CATCGGGCATCGATCA-1","Fibroblasts","Fibroblasts"
"sam1_CATCGTCCAAGTGCAG-1","Fibroblasts","Fibroblasts"
"sam1_CATCGTCCAGCACACC-1","Chondrocytes","Chondrocytes"
"sam1_CATCGTCGTGCCTACG-1","Macrophage","Macrophage"
"sam1_CATGAGTAGGCATTTC-1","Macrophage","Macrophage"
"sam1_CATGAGTGTGGTCCGT-1","HSC_-G-CSF","HSC_-G-CSF"
"sam1_CATGAGTGTTACCGTA-1","Smooth_muscle_cells","Smooth_muscle_cells"
"sam1_CATGAGTTCAGAATAG-1","Macrophage","Macrophage"
"sam1_CATGAGTTCTCCCTAG-1","Smooth_muscle_cells","Unassigned"
"sam1_CATGAGTTCTCGCAGG-1","Macrophage","Macrophage"
"sam1_CATGCAAAGCCATTGT-1","BM","BM"
"sam1_CATGCAAAGCGCTGAA-1","NK_cell","NK_cell"
"sam1_CATGCAAAGTATGAGT-1","Epithelial_cells","Epithelial_cells"
"sam1_CATGCAACAAGGCTTT-1","Pre-B_cell_CD34-","Pre-B_cell_CD34-"
"sam1_CATGCAACAGGCTACC-1","Macrophage","Macrophage"
"sam1_CATGCAACAGTCCCGA-1","T_cells","T_cells"
"sam1_CATGCAATCCGGTAAT-1","T_cells","T_cells"
"sam1_CATGCAATCGAATGCT-1","Monocyte","Monocyte"
"sam1_CATGCAATCGACACCG-1","GMP","GMP"
"sam1_CATGCAATCGATCCAA-1","NK_cell","NK_cell"
"sam1_CATGCCTAGAAGTGTT-1","Astrocyte","Astrocyte"
"sam1_CATGCCTCACAGTCAT-1","Macrophage","Macrophage"
"sam1_CATGCCTCAGATCCTA-1","Epithelial_cells","Epithelial_cells"
"sam1_CATGCCTCATGTCAGT-1","Epithelial_cells","Epithelial_cells"
"sam1_CATGCCTGTCCGGATC-1","NK_cell","NK_cell"
"sam1_CATGCCTGTGCCGAAA-1","Fibroblasts","Fibroblasts"
"sam1_CATGCCTTCACACCCT-1","Epithelial_cells","Epithelial_cells"
"sam1_CATGCCTTCATACAGC-1","NK_cell","NK_cell"
"sam1_CATGCCTTCATCACCC-1","Epithelial_cells","Epithelial_cells"
"sam1_CATGCCTTCGCATTGA-1","Epithelial_cells","Epithelial_cells"
"sam1_CATGCGGAGGTGCTAG-1","Smooth_muscle_cells","Smooth_muscle_cells"
"sam1_CATGCGGAGTCTAACC-1","Pro-Myelocyte","Pro-Myelocyte"
"sam1_CATGCGGGTACGACTT-1","Smooth_muscle_cells","Smooth_muscle_cells"
"sam1_CATGCGGGTACGTGTT-1","Macrophage","Macrophage"
"sam1_CATGCGGGTCAGGTAG-1","Macrophage","Macrophage"
"sam1_CATGCGGGTCTGCATA-1","Pre-B_cell_CD34-","Pre-B_cell_CD34-"
"sam1_CATGCGGTCTGATTCT-1","Smooth_muscle_cells","Smooth_muscle_cells"
"sam1_CATGCTCAGAGCAGTC-1","Fibroblasts","Fibroblasts"
"sam1_CATGCTCAGGTCCTGC-1","Epithelial_cells","Epithelial_cells"
"sam1_CATGCTCAGTAAATGC-1","Pre-B_cell_CD34-","Pre-B_cell_CD34-"
"sam1_CATGCTCCAACCCGCA-1","T_cells","T_cells"
"sam1_CATGCTCCAAGGACAC-1","DC","DC"
"sam1_CATGCTCTCAAGTCGT-1","Fibroblasts","Fibroblasts"
"sam1_CATGCTCTCCAACTAG-1","Epithelial_cells","Epithelial_cells"
"sam1_CATGCTCTCCTCAGAA-1","Epithelial_cells","Epithelial_cells"
"sam1_CATGCTCTCGAGAAAT-1","DC","DC"
"sam1_CATGCTCTCGTAGGAG-1","DC","DC"
"sam1_CATGGATAGGCGTTAG-1","Keratinocytes","Keratinocytes"
"sam1_CATGGATAGTAATTGG-1","NK_cell","NK_cell"
"sam1_CATGGATCATCATTTC-1","DC","DC"
"sam1_CATGGATGTACAATAG-1","Macrophage","Unassigned"
"sam1_CATGGATTCATGAAAG-1","Macrophage","Macrophage"
"sam1_CATGGATTCCAGCCTT-1","Pre-B_cell_CD34-","Pre-B_cell_CD34-"
"sam1_CATGGTAAGCGACTAG-1","Macrophage","Macrophage"
"sam1_CATGGTAGTATCCCAA-1","Epithelial_cells","Epithelial_cells"
"sam1_CATGGTAGTCGCCACA-1","HSC_CD34+","HSC_CD34+"
"sam1_CATGGTAGTGCCTTCT-1","Epithelial_cells","Epithelial_cells"
"sam1_CATGGTATCAAGCCCG-1","DC","DC"
"sam1_CATGGTATCACGATCA-1","T_cells","T_cells"
"sam1_CATTCATAGCACTAGG-1","Epithelial_cells","Epithelial_cells"
"sam1_CATTCATAGGTACATA-1","Fibroblasts","Fibroblasts"
"sam1_CATTCATCACAGAGCA-1","Smooth_muscle_cells","Smooth_muscle_cells"
"sam1_CATTCATGTGAGTCAG-1","Smooth_muscle_cells","Smooth_muscle_cells"
"sam1_CATTCATGTTGGACTT-1","Hepatocytes","Hepatocytes"
"sam1_CATTCATTCCATGATG-1","T_cells","T_cells"
"sam1_CATTCATTCCGTGTCT-1","Epithelial_cells","Epithelial_cells"
"sam1_CATTCATTCGACACTA-1","Epithelial_cells","Epithelial_cells"
"sam1_CATTCATTCTCATGCC-1","Endothelial_cells","Endothelial_cells"
"sam1_CATTCATTCTGTTCAT-1","Neurons","Neurons"
"sam1_CATTCATTCTTCCAGC-1","DC","DC"
"sam1_CATTCCGAGAGTTGAT-1","Epithelial_cells","Epithelial_cells"
"sam1_CATTCCGAGCAATAGT-1","Pro-Myelocyte","Pro-Myelocyte"
"sam1_CATTCCGCAAAGACTA-1","Epithelial_cells","Epithelial_cells"
"sam1_CATTCCGCAAGCAGGT-1","Epithelial_cells","Epithelial_cells"
"sam1_CATTCCGCACAACATC-1","Epithelial_cells","Epithelial_cells"
"sam1_CATTCCGGTCTTGGTA-1","Epithelial_cells","Epithelial_cells"
"sam1_CATTCCGTCCATCAGA-1","DC","DC"
"sam1_CATTCCGTCCCGAGGT-1","Epithelial_cells","Epithelial_cells"
"sam1_CATTCTAAGCCTCAGC-1","Macrophage","Unassigned"
"sam1_CATTCTAAGTAGCAAT-1","BM","BM"
"sam1_CATTGAGAGAGCCGTA-1","Smooth_muscle_cells","Smooth_muscle_cells"
"sam1_CATTGAGCATCATTGG-1","NK_cell","NK_cell"
"sam1_CATTGAGCATTGTAGC-1","NK_cell","NK_cell"
"sam1_CATTGAGGTAGGTTTC-1","Macrophage","Macrophage"
"sam1_CATTGAGGTTACCCTC-1","Fibroblasts","Fibroblasts"
"sam1_CATTGAGTCATCTCTA-1","MSC","MSC"
"sam1_CATTGAGTCCCATGGG-1","Macrophage","Macrophage"
"sam1_CATTGAGTCGCATTAG-1","T_cells","T_cells"
"sam1_CATTGCCAGACACACG-1","Epithelial_cells","Epithelial_cells"
"sam1_CATTGCCAGTGGAAGA-1","Smooth_muscle_cells","Unassigned"
"sam1_CATTGCCGTAACCAGG-1","Smooth_muscle_cells","Smooth_muscle_cells"
"sam1_CATTGCCGTAGCCAGA-1","Epithelial_cells","Epithelial_cells"
"sam1_CATTGCCGTAGGTAGC-1","Fibroblasts","Fibroblasts"
"sam1_CATTGCCGTATCTTCT-1","Fibroblasts","Fibroblasts"
"sam1_CATTGCCGTGGTCCGT-1","Fibroblasts","Fibroblasts"
"sam1_CATTGCCTCGAGAATA-1","Macrophage","Macrophage"
"sam1_CATTGCCTCGGCATTA-1","Pre-B_cell_CD34-","Pre-B_cell_CD34-"
"sam1_CATTGTTAGCATGATA-1","HSC_-G-CSF","HSC_-G-CSF"
"sam1_CATTGTTAGGATCACG-1","Macrophage","Macrophage"
"sam1_CATTGTTAGGCACGAT-1","Epithelial_cells","Epithelial_cells"
"sam1_CATTGTTCAAACTAGA-1","Pre-B_cell_CD34-","Pre-B_cell_CD34-"
"sam1_CATTGTTCAATAAGGT-1","T_cells","T_cells"
"sam1_CATTGTTCACACTTAG-1","NK_cell","NK_cell"
"sam1_CATTGTTGTATGAGCG-1","Keratinocytes","Keratinocytes"
"sam1_CATTGTTGTGTGTGGA-1","NK_cell","NK_cell"
"sam1_CATTGTTTCCCTCATG-1","Fibroblasts","Fibroblasts"
"sam1_CATTGTTTCTCAGAAC-1","Fibroblasts","Fibroblasts"
"sam1_CATTTCAAGCTTACGT-1","Macrophage","Unassigned"
"sam1_CATTTCACACGGCTAC-1","Endothelial_cells","Endothelial_cells"
"sam1_CATTTCACACTGGATT-1","Fibroblasts","Fibroblasts"
"sam1_CATTTCACATCGAGCC-1","Chondrocytes","Chondrocytes"
"sam1_CATTTCACATGTGTCA-1","Epithelial_cells","Epithelial_cells"
"sam1_CATTTCATCATCACCC-1","HSC_CD34+","HSC_CD34+"
"sam1_CATTTCATCCCTCGTA-1","BM","BM"
"sam1_CCAAGCGAGTAAGAGG-1","Pre-B_cell_CD34-","Pre-B_cell_CD34-"
"sam1_CCAAGCGCACGACGCT-1","NK_cell","NK_cell"
"sam1_CCAAGCGCAGCAGAAC-1","Fibroblasts","Fibroblasts"
"sam1_CCAAGCGCAGCTACTA-1","Epithelial_cells","Epithelial_cells"
"sam1_CCAAGCGGTGCGTCGT-1","Macrophage","Macrophage"
"sam1_CCAAGCGTCCACACCT-1","Macrophage","Macrophage"
"sam1_CCAATGAAGGCGATAC-1","Epithelial_cells","Epithelial_cells"
"sam1_CCAATGACAACCGTAT-1","Fibroblasts","Fibroblasts"
"sam1_CCAATGACAGAGGCAT-1","Chondrocytes","Chondrocytes"
"sam1_CCAATGACATCATCTT-1","Epithelial_cells","Epithelial_cells"
"sam1_CCAATGAGTACGGCAA-1","BM","BM"
"sam1_CCAATGATCTCGCCTA-1","Fibroblasts","Fibroblasts"
"sam1_CCAATGATCTTCCGTG-1","Astrocyte","Astrocyte"
"sam1_CCAATTTAGCCATTGT-1","NK_cell","NK_cell"
"sam1_CCAATTTCAGGAATCG-1","Fibroblasts","Fibroblasts"
"sam1_CCAATTTGTCATATGC-1","Macrophage","Macrophage"
"sam1_CCAATTTGTCCGATCG-1","T_cells","T_cells"
"sam1_CCAATTTGTCGTTCAA-1","DC","DC"
"sam1_CCAATTTGTTATGGTC-1","Astrocyte","Astrocyte"
"sam1_CCACAAAAGGATTTAG-1","Macrophage","Macrophage"
"sam1_CCACAAAAGGCACCAA-1","Pro-Myelocyte","Pro-Myelocyte"
"sam1_CCACAAACAACTGGTT-1","Neurons","Neurons"
"sam1_CCACAAAGTCCATAGT-1","Fibroblasts","Fibroblasts"
"sam1_CCACAAATCACGACTA-1","Keratinocytes","Keratinocytes"
"sam1_CCACAAATCATCTGTT-1","Fibroblasts","Unassigned"
"sam1_CCACAAATCCGTGCGA-1","Macrophage","Macrophage"
"sam1_CCACAAATCCGTGGCA-1","Smooth_muscle_cells","Unassigned"
"sam1_CCACACTAGCGAGTAC-1","Smooth_muscle_cells","Smooth_muscle_cells"
"sam1_CCACACTAGGAAAGTG-1","NK_cell","NK_cell"
"sam1_CCACACTAGTCTTCCC-1","Fibroblasts","Unassigned"
"sam1_CCACACTCAGTTCCAA-1","HSC_-G-CSF","HSC_-G-CSF"
"sam1_CCACACTGTCATCCGG-1","Hepatocytes","Hepatocytes"
"sam1_CCACACTGTCCAACGC-1","HSC_CD34+","HSC_CD34+"
"sam1_CCACACTGTTTCGTGA-1","T_cells","T_cells"
"sam1_CCACACTTCGTACACA-1","Smooth_muscle_cells","Smooth_muscle_cells"
"sam1_CCACACTTCTCTGAGA-1","Macrophage","Macrophage"
"sam1_CCACCATAGCACTCAT-1","Epithelial_cells","Epithelial_cells"
"sam1_CCACCATAGGAAAGAC-1","T_cells","T_cells"
"sam1_CCACCATCAACGACTT-1","Macrophage","Macrophage"
"sam1_CCACCATCAATGCAAA-1","Epithelial_cells","Epithelial_cells"
"sam1_CCACCATCACAAATGA-1","T_cells","T_cells"
"sam1_CCACCATCATATCTCT-1","Macrophage","Unassigned"
"sam1_CCACCATCATGCACTA-1","Keratinocytes","Keratinocytes"
"sam1_CCACCATGTCTACGAT-1","Epithelial_cells","Epithelial_cells"
"sam1_CCACCATGTCTTCAAG-1","Macrophage","Macrophage"
"sam1_CCACCATTCCTAACAG-1","Epithelial_cells","Epithelial_cells"
"sam1_CCACCATTCCTGCCAT-1","Epithelial_cells","Epithelial_cells"
"sam1_CCACCATTCTCCTGAC-1","Epithelial_cells","Epithelial_cells"
"sam1_CCACGAGAGAAGTCCG-1","Macrophage","Macrophage"
"sam1_CCACGAGGTTTAAGGA-1","Smooth_muscle_cells","Smooth_muscle_cells"
"sam1_CCACGAGTCACTCCGT-1","HSC_CD34+","HSC_CD34+"
"sam1_CCACGAGTCCACGTAA-1","Macrophage","Macrophage"
"sam1_CCACGAGTCCCGAGAC-1","Fibroblasts","Fibroblasts"
"sam1_CCACGAGTCCTTCGAC-1","Pre-B_cell_CD34-","Pre-B_cell_CD34-"
"sam1_CCACGTTAGGACTAAT-1","BM","BM"
"sam1_CCACGTTAGGTAAGAG-1","Macrophage","Macrophage"
"sam1_CCACGTTCACAATTCG-1","Smooth_muscle_cells","Smooth_muscle_cells"
"sam1_CCACGTTCACATACTG-1","Pre-B_cell_CD34-","Pre-B_cell_CD34-"
"sam1_CCACGTTCATTGAAAG-1","Macrophage","Macrophage"
"sam1_CCACGTTGTGACTCGC-1","Fibroblasts","Fibroblasts"
"sam1_CCACGTTTCAAGCCCG-1","Fibroblasts","Unassigned"
"sam1_CCACGTTTCATCACCC-1","Pro-B_cell_CD34+","Pro-B_cell_CD34+"
"sam1_CCACGTTTCCATGAGT-1","Keratinocytes","Keratinocytes"
"sam1_CCACGTTTCCTTGACC-1","Pro-B_cell_CD34+","Pro-B_cell_CD34+"
"sam1_CCACTTGAGCACTAGG-1","Epithelial_cells","Epithelial_cells"
"sam1_CCACTTGAGCACTCAT-1","T_cells","T_cells"
"sam1_CCACTTGAGGAGTCTG-1","Macrophage","Macrophage"
"sam1_CCACTTGAGGTCCAGA-1","Pro-B_cell_CD34+","Pro-B_cell_CD34+"
"sam1_CCACTTGCAAATTAGG-1","Epithelial_cells","Epithelial_cells"
"sam1_CCACTTGCAACTGAAA-1","Epithelial_cells","Epithelial_cells"
"sam1_CCACTTGCATGGGAAC-1","Keratinocytes","Keratinocytes"
"sam1_CCACTTGTCTCGCGTT-1","Macrophage","Macrophage"
"sam1_CCATAAGAGATGTTGA-1","T_cells","T_cells"
"sam1_CCATAAGAGGTTACAA-1","Macrophage","Macrophage"
"sam1_CCATAAGCAATGTCAC-1","Macrophage","Macrophage"
"sam1_CCATAAGCACTACGGC-1","BM","BM"
"sam1_CCATAAGCACTCCGGA-1","Macrophage","Macrophage"
"sam1_CCATAAGGTCGAAACG-1","DC","DC"
"sam1_CCATAAGTCTACTGCC-1","Macrophage","Macrophage"
"sam1_CCATCACAGCTCATAC-1","Epithelial_cells","Epithelial_cells"
"sam1_CCATCACAGGTGCAGT-1","Smooth_muscle_cells","Smooth_muscle_cells"
"sam1_CCATCACAGTTTCTTC-1","Fibroblasts","Fibroblasts"
"sam1_CCATCACCAGCACAAG-1","Epithelial_cells","Epithelial_cells"
"sam1_CCATCACCAGCTGTAT-1","Epithelial_cells","Epithelial_cells"
"sam1_CCATCACCATTGCAAC-1","NK_cell","NK_cell"
"sam1_CCATCACTCATAAGGA-1","DC","DC"
"sam1_CCATCACTCCATTGCC-1","Macrophage","Macrophage"
"sam1_CCATCACTCGACGAGA-1","Epithelial_cells","Epithelial_cells"
"sam1_CCCAACTAGCACTCGC-1","Epithelial_cells","Epithelial_cells"
"sam1_CCCAACTAGCCGATTT-1","Macrophage","Macrophage"
"sam1_CCCAACTCAAGTGCTT-1","Chondrocytes","Chondrocytes"
"sam1_CCCAACTCATTGACTG-1","DC","DC"
"sam1_CCCAACTGTATGGAAT-1","Epithelial_cells","Epithelial_cells"
"sam1_CCCAACTGTCTAATCG-1","Epithelial_cells","Epithelial_cells"
"sam1_CCCAACTGTCTACGTA-1","Epithelial_cells","Epithelial_cells"
"sam1_CCCAACTTCCTAGCGG-1","Smooth_muscle_cells","Smooth_muscle_cells"
"sam1_CCCAACTTCGTGCGAC-1","Neutrophils","Neutrophils"
"sam1_CCCATTGAGTAAGCAT-1","Macrophage","Macrophage"
"sam1_CCCATTGCAGCGTGCT-1","Macrophage","Macrophage"
"sam1_CCCATTGCATCCGTTC-1","Epithelial_cells","Epithelial_cells"
"sam1_CCCATTGGTAATCAAG-1","NK_cell","NK_cell"
"sam1_CCCATTGGTCTATGAC-1","BM","BM"
"sam1_CCCATTGTCCCTTCCC-1","Pro-Myelocyte","Pro-Myelocyte"
"sam1_CCCATTGTCCGCCTAT-1","Macrophage","Unassigned"
"sam1_CCCATTGTCTTCACGC-1","Fibroblasts","Fibroblasts"
"sam1_CCCGAAGCAAGACCTT-1","Chondrocytes","Chondrocytes"
"sam1_CCCGAAGCAGGGTCTC-1","Macrophage","Macrophage"
"sam1_CCCGAAGGTATGGTTC-1","Pro-B_cell_CD34+","Pro-B_cell_CD34+"
"sam1_CCCGAAGGTTCGGTTA-1","Epithelial_cells","Epithelial_cells"
"sam1_CCCGAAGTCGCTGACG-1","Smooth_muscle_cells","Smooth_muscle_cells"
"sam1_CCCGGAAAGGAATCGC-1","Astrocyte","Astrocyte"
"sam1_CCCGGAACAATACCTG-1","Epithelial_cells","Epithelial_cells"
"sam1_CCCGGAACACAGTGTT-1","Epithelial_cells","Epithelial_cells"
"sam1_CCCGGAACACTTGAGT-1","Pro-B_cell_CD34+","Pro-B_cell_CD34+"
"sam1_CCCGGAACAGTTGGTT-1","NK_cell","NK_cell"
"sam1_CCCGGAAGTGCAATGG-1","Fibroblasts","Fibroblasts"
"sam1_CCCGGAATCTCGCAGG-1","Epithelial_cells","Epithelial_cells"
"sam1_CCCTAACAGCGACCCT-1","T_cells","T_cells"
"sam1_CCCTAACAGGAGGCAG-1","T_cells","T_cells"
"sam1_CCCTAACAGGGATCGT-1","Macrophage","Macrophage"
"sam1_CCCTAACAGTGTACCT-1","HSC_CD34+","HSC_CD34+"
"sam1_CCCTAACCAATACCTG-1","Gametocytes","Gametocytes"
"sam1_CCCTAACCACTGAGGA-1","Pre-B_cell_CD34-","Pre-B_cell_CD34-"
"sam1_CCCTAACCATGGGTTT-1","Macrophage","Macrophage"
"sam1_CCCTAACGTAGACGGT-1","Macrophage","Macrophage"
"sam1_CCCTAACGTCATCCCT-1","Fibroblasts","Fibroblasts"
"sam1_CCCTAACGTTGTCATG-1","NK_cell","NK_cell"
"sam1_CCCTAACTCAACGTGT-1","BM","BM"
"sam1_CCCTAACTCAGAACCT-1","Fibroblasts","Fibroblasts"
"sam1_CCCTAACTCTTAGCAG-1","Keratinocytes","Keratinocytes"
"sam1_CCCTCAAAGAAACTCA-1","Pre-B_cell_CD34-","Pre-B_cell_CD34-"
"sam1_CCCTCAAAGACTACCT-1","Epithelial_cells","Epithelial_cells"
"sam1_CCCTCAAAGCTACTAC-1","Macrophage","Unassigned"
"sam1_CCCTCAAAGTATGAGT-1","T_cells","T_cells"
"sam1_CCCTCAAAGTCACTAC-1","iPS_cells","iPS_cells"
"sam1_CCCTCAACACAGCGCT-1","T_cells","T_cells"
"sam1_CCCTCAACACCTATCC-1","HSC_-G-CSF","HSC_-G-CSF"
"sam1_CCCTCAACACTAAACC-1","Epithelial_cells","Epithelial_cells"
"sam1_CCCTCAATCCATTTAC-1","Macrophage","Macrophage"
"sam1_CCCTCAATCCTTATAC-1","Smooth_muscle_cells","Unassigned"
"sam1_CCCTCAATCTCAGGCG-1","Epithelial_cells","Epithelial_cells"
"sam1_CCCTCAATCTTCTGGC-1","CMP","CMP"
"sam1_CCCTCTCAGAGCAGCT-1","Epithelial_cells","Epithelial_cells"
"sam1_CCCTCTCAGAGTCGAC-1","Epithelial_cells","Epithelial_cells"
"sam1_CCCTCTCCAAAGGGCT-1","Epithelial_cells","Epithelial_cells"
"sam1_CCCTCTCCAATTGCAC-1","Epithelial_cells","Epithelial_cells"
"sam1_CCCTCTCCAATTTCCT-1","Chondrocytes","Unassigned"
"sam1_CCCTCTCCAGGACATG-1","NK_cell","Unassigned"
"sam1_CCCTCTCGTACAAGCG-1","Epithelial_cells","Epithelial_cells"
"sam1_CCCTCTCGTATCGGTT-1","Macrophage","Macrophage"
"sam1_CCCTCTCGTCAACCTA-1","CMP","CMP"
"sam1_CCCTCTCTCAACACCA-1","Epithelial_cells","Epithelial_cells"
"sam1_CCCTCTCTCCTGGGTG-1","NK_cell","NK_cell"
"sam1_CCCTCTCTCTCAATCT-1","Epithelial_cells","Epithelial_cells"
"sam1_CCCTGATAGACACACG-1","Pro-B_cell_CD34+","Pro-B_cell_CD34+"
"sam1_CCCTGATAGTCTAACC-1","Macrophage","Macrophage"
"sam1_CCCTGATAGTGCACCC-1","Epithelial_cells","Epithelial_cells"
"sam1_CCCTGATCAACACAGG-1","NK_cell","NK_cell"
"sam1_CCCTGATCAAGTATAG-1","Macrophage","Macrophage"
"sam1_CCCTGATGTTTGAACC-1","CMP","CMP"
"sam1_CCCTTAGCACGAAGAC-1","Epithelial_cells","Epithelial_cells"
"sam1_CCCTTAGCAGGGTCTC-1","Epithelial_cells","Epithelial_cells"
"sam1_CCCTTAGGTGTATTCG-1","Fibroblasts","Fibroblasts"
"sam1_CCCTTAGTCCTCACGT-1","Epithelial_cells","Epithelial_cells"
"sam1_CCCTTAGTCTACCCAC-1","DC","DC"
"sam1_CCGAACGCAACTCCCT-1","Hepatocytes","Hepatocytes"
"sam1_CCGAACGCACTCATAG-1","Epithelial_cells","Epithelial_cells"
"sam1_CCGAACGCAGATCACT-1","Embryonic_stem_cells","Embryonic_stem_cells"
"sam1_CCGAACGGTCCATACA-1","Chondrocytes","Chondrocytes"
"sam1_CCGAACGTCACCTACC-1","Macrophage","Macrophage"
"sam1_CCGAACGTCCAAATGC-1","Macrophage","Unassigned"
"sam1_CCGATCTAGCCATCCG-1","Epithelial_cells","Epithelial_cells"
"sam1_CCGATCTAGTATTAGG-1","Smooth_muscle_cells","Smooth_muscle_cells"
"sam1_CCGATCTGTCATATGC-1","NK_cell","NK_cell"
"sam1_CCGATCTGTCCTTTGC-1","Macrophage","Unassigned"
"sam1_CCGATCTGTTCGGTAT-1","Chondrocytes","Chondrocytes"
"sam1_CCGATCTTCAAGAATG-1","Macrophage","Macrophage"
"sam1_CCGATGGGTAAGCAAT-1","Macrophage","Macrophage"
"sam1_CCGATGGTCTTCTTCC-1","Epithelial_cells","Epithelial_cells"
"sam1_CCGATGGTCTTGTTAC-1","BM","BM"
"sam1_CCGCAAGAGTGGATAT-1","Smooth_muscle_cells","Smooth_muscle_cells"
"sam1_CCGCAAGCAGCTGGTC-1","Macrophage","Macrophage"
"sam1_CCGCAAGCAGTCTACA-1","CMP","CMP"
"sam1_CCGCAAGTCTGCTTAT-1","Macrophage","Macrophage"
"sam1_CCGGACAAGATGCGAC-1","Macrophage","Macrophage"
"sam1_CCGGACAAGCTGTACT-1","Pro-B_cell_CD34+","Pro-B_cell_CD34+"
"sam1_CCGGACAAGTGACACG-1","NK_cell","NK_cell"
"sam1_CCGGACACAATGAACA-1","T_cells","T_cells"
"sam1_CCGGACACAGATAAAC-1","DC","DC"
"sam1_CCGGACAGTCTAGGCC-1","Epithelial_cells","Epithelial_cells"
"sam1_CCGGACAGTGTCTTGA-1","T_cells","T_cells"
"sam1_CCGGACATCTCGTCGT-1","B_cell","B_cell"
"sam1_CCGGACATCTCTCTTC-1","Epithelial_cells","Epithelial_cells"
"sam1_CCGGGTAAGCTCCATA-1","Macrophage","Unassigned"
"sam1_CCGGGTACACCGTCTT-1","Neutrophils","Neutrophils"
"sam1_CCGGGTACATCTCCCA-1","Fibroblasts","Fibroblasts"
"sam1_CCGGGTAGTAGACAAT-1","BM","BM"
"sam1_CCGGGTAGTTTCAGAC-1","Macrophage","Macrophage"
"sam1_CCGGGTAGTTTGAAAG-1","Macrophage","Macrophage"
"sam1_CCGGTAGCAATTGTGC-1","HSC_CD34+","HSC_CD34+"
"sam1_CCGGTAGCAGATGCGA-1","Macrophage","Macrophage"
"sam1_CCGGTAGGTATGAGAT-1","BM","BM"
"sam1_CCGGTAGGTCCAATCA-1","Neutrophils","Neutrophils"
"sam1_CCGGTAGGTTGCAACT-1","Fibroblasts","Unassigned"
"sam1_CCGGTGAAGATGCTTC-1","Macrophage","Macrophage"
"sam1_CCGGTGACACCCTCTA-1","Neutrophils","Neutrophils"
"sam1_CCGGTGACACCCTTGT-1","Epithelial_cells","Epithelial_cells"
"sam1_CCGGTGACAGCAGTGA-1","NK_cell","NK_cell"
"sam1_CCGGTGACAGTGAGCA-1","Monocyte","Monocyte"
"sam1_CCGGTGACATGATGCT-1","DC","DC"
"sam1_CCGGTGAGTACCTAGT-1","Macrophage","Macrophage"
"sam1_CCGGTGATCATTGGTG-1","iPS_cells","iPS_cells"
"sam1_CCGTAGGAGGAACATT-1","T_cells","T_cells"
"sam1_CCGTAGGCAAGCTACT-1","Macrophage","Macrophage"
"sam1_CCGTAGGCAGTTGTCA-1","Macrophage","Macrophage"
"sam1_CCGTAGGCATCCAACA-1","Epithelial_cells","Epithelial_cells"
"sam1_CCGTAGGCATTGTGCA-1","Fibroblasts","Fibroblasts"
"sam1_CCGTAGGGTCACCACG-1","Epithelial_cells","Epithelial_cells"
"sam1_CCGTAGGTCCTTTGAT-1","Macrophage","Macrophage"
"sam1_CCGTAGGTCGCTTTAT-1","Macrophage","Macrophage"
"sam1_CCGTGAGAGAACCCGA-1","Smooth_muscle_cells","Smooth_muscle_cells"
"sam1_CCGTGAGCAAGTTTGC-1","HSC_-G-CSF","HSC_-G-CSF"
"sam1_CCGTGAGCACGCCACA-1","Fibroblasts","Fibroblasts"
"sam1_CCGTGAGTCCTATTTG-1","Macrophage","Macrophage"
"sam1_CCGTTCAAGGCCCGTT-1","Fibroblasts","Fibroblasts"
"sam1_CCGTTCAGTATTAAGG-1","Epithelial_cells","Epithelial_cells"
"sam1_CCGTTCAGTGGCCTCA-1","NK_cell","NK_cell"
"sam1_CCGTTCAGTTTATGCG-1","NK_cell","NK_cell"
"sam1_CCGTTCATCATTATCC-1","T_cells","T_cells"
"sam1_CCGTTCATCCTCTCTT-1","Neuroepithelial_cell","Neuroepithelial_cell"
"sam1_CCGTTCATCTATACTC-1","Keratinocytes","Keratinocytes"
"sam1_CCTAACCAGGTCACAG-1","Macrophage","Macrophage"
"sam1_CCTAACCCAAAGAACT-1","Pro-B_cell_CD34+","Pro-B_cell_CD34+"
"sam1_CCTAACCGTACCCAGC-1","Fibroblasts","Unassigned"
"sam1_CCTAACCGTACCTTCC-1","Keratinocytes","Keratinocytes"
"sam1_CCTAACCTCAAGATAG-1","Macrophage","Unassigned"
"sam1_CCTAACCTCCTATTTG-1","Keratinocytes","Keratinocytes"
"sam1_CCTAACCTCGACCTAA-1","Keratinocytes","Keratinocytes"
"sam1_CCTAACCTCGTTACCC-1","Keratinocytes","Keratinocytes"
"sam1_CCTAAGAAGCACTTTG-1","Fibroblasts","Fibroblasts"
"sam1_CCTAAGAAGTTGGCGA-1","Macrophage","Macrophage"
"sam1_CCTAAGACAACACACT-1","HSC_-G-CSF","HSC_-G-CSF"
"sam1_CCTAAGACAACGATCT-1","Epithelial_cells","Epithelial_cells"
"sam1_CCTAAGACACACCTTC-1","Epithelial_cells","Epithelial_cells"
"sam1_CCTAAGACAGCTGTCG-1","Epithelial_cells","Epithelial_cells"
"sam1_CCTAAGAGTCGGTACC-1","Macrophage","Macrophage"
"sam1_CCTAAGAGTGTCTTCC-1","Macrophage","Macrophage"
"sam1_CCTAAGATCTGGTCAA-1","Macrophage","Macrophage"
"sam1_CCTACGTAGAATTGTG-1","NK_cell","Unassigned"
"sam1_CCTACGTAGCTGGCCT-1","NK_cell","NK_cell"
"sam1_CCTACGTCAGTCGAGA-1","T_cells","T_cells"
"sam1_CCTACGTGTCTTTATC-1","Smooth_muscle_cells","Smooth_muscle_cells"
"sam1_CCTACGTTCAAGCTTG-1","Epithelial_cells","Epithelial_cells"
"sam1_CCTACGTTCAGACATC-1","Epithelial_cells","Epithelial_cells"
"sam1_CCTACGTTCGGATAAA-1","T_cells","T_cells"
"sam1_CCTATCGCAAAGCACG-1","NK_cell","NK_cell"
"sam1_CCTATCGCAAGACCTT-1","Fibroblasts","Fibroblasts"
"sam1_CCTATCGCACGAGGTA-1","T_cells","T_cells"
"sam1_CCTATCGCACTTGTGA-1","BM","BM"
"sam1_CCTATCGGTGAGAACC-1","Macrophage","Macrophage"
"sam1_CCTATCGTCTCCCATG-1","Epithelial_cells","Epithelial_cells"
"sam1_CCTCAACAGAGCATAT-1","Macrophage","Macrophage"
"sam1_CCTCAACAGGAACGAA-1","Keratinocytes","Keratinocytes"
"sam1_CCTCAACAGGTTGCCC-1","Pro-B_cell_CD34+","Pro-B_cell_CD34+"
"sam1_CCTCAACCAACCGTGC-1","Epithelial_cells","Epithelial_cells"
"sam1_CCTCAACCACGCAGTC-1","Epithelial_cells","Epithelial_cells"
"sam1_CCTCAACCACTCCTTG-1","Pro-B_cell_CD34+","Pro-B_cell_CD34+"
"sam1_CCTCAACCAGGCATTT-1","T_cells","T_cells"
"sam1_CCTCAACCAGTAGATA-1","Smooth_muscle_cells","Unassigned"
"sam1_CCTCAACCAGTAGTGG-1","NK_cell","NK_cell"
"sam1_CCTCAACCATCCTTGC-1","Keratinocytes","Keratinocytes"
"sam1_CCTCAACGTAACACGG-1","Pro-B_cell_CD34+","Pro-B_cell_CD34+"
"sam1_CCTCAACGTCCTCATC-1","Macrophage","Macrophage"
"sam1_CCTCAACGTTACCCTC-1","Pro-Myelocyte","Pro-Myelocyte"
"sam1_CCTCAACGTTCACGAT-1","Macrophage","Macrophage"
"sam1_CCTCAACGTTCCTACC-1","Macrophage","Macrophage"
"sam1_CCTCAACTCACTTCTA-1","BM","BM"
"sam1_CCTCAACTCATTTGCT-1","Keratinocytes","Keratinocytes"
"sam1_CCTCAACTCGGTGTTA-1","T_cells","T_cells"
"sam1_CCTCAACTCTCCGAGG-1","Epithelial_cells","Epithelial_cells"
"sam1_CCTCACACAACGACTT-1","Hepatocytes","Hepatocytes"
"sam1_CCTCACACAACTAGAA-1","Epithelial_cells","Epithelial_cells"
"sam1_CCTCACACAAGACAAT-1","MSC","MSC"
"sam1_CCTCACACAGTGCCTG-1","Macrophage","Macrophage"
"sam1_CCTCACATCATTTGGG-1","Macrophage","Macrophage"
"sam1_CCTCACATCCGATGTA-1","Epithelial_cells","Epithelial_cells"
"sam1_CCTCAGTAGCTTAGTC-1","BM","BM"
"sam1_CCTCAGTCAAACGGCA-1","Macrophage","Macrophage"
"sam1_CCTCAGTGTTCCGGTG-1","Fibroblasts","Fibroblasts"
"sam1_CCTCAGTGTTTACGAC-1","Pro-B_cell_CD34+","Pro-B_cell_CD34+"
"sam1_CCTCAGTTCAAGGCTT-1","T_cells","T_cells"
"sam1_CCTCAGTTCACGAGGA-1","Macrophage","Macrophage"
"sam1_CCTCAGTTCAGCACCG-1","Pro-B_cell_CD34+","Pro-B_cell_CD34+"
"sam1_CCTCAGTTCGAGTCTA-1","Macrophage","Unassigned"
"sam1_CCTCATGAGACCAGCA-1","Pro-Myelocyte","Pro-Myelocyte"
"sam1_CCTCATGCAACCGATT-1","Epithelial_cells","Epithelial_cells"
"sam1_CCTCATGCACTTTAGG-1","Keratinocytes","Keratinocytes"
"sam1_CCTCATGCATGTACGT-1","Epithelial_cells","Epithelial_cells"
"sam1_CCTCATGGTAACCCTA-1","Epithelial_cells","Epithelial_cells"
"sam1_CCTCATGGTCAGCTTA-1","Epithelial_cells","Epithelial_cells"
"sam1_CCTCATGTCCGACAGC-1","HSC_CD34+","HSC_CD34+"
"sam1_CCTCATGTCCGTAGTA-1","Smooth_muscle_cells","Smooth_muscle_cells"
"sam1_CCTCATGTCGGCTGAC-1","T_cells","T_cells"
"sam1_CCTCATGTCTCCATAT-1","Macrophage","Macrophage"
"sam1_CCTCCAAAGCAGATAT-1","Pro-Myelocyte","Pro-Myelocyte"
"sam1_CCTCCAACAACCAGAG-1","Smooth_muscle_cells","Smooth_muscle_cells"
"sam1_CCTCCAAGTCTCGGAC-1","Keratinocytes","Keratinocytes"
"sam1_CCTCCAATCATAGCAC-1","Neurons","Neurons"
"sam1_CCTCCAATCTGTCCCA-1","Epithelial_cells","Epithelial_cells"
"sam1_CCTCCAATCTTAAGGC-1","GMP","GMP"
"sam1_CCTCCTCAGAAATGGG-1","Neuroepithelial_cell","Neuroepithelial_cell"
"sam1_CCTCCTCAGATCCCGC-1","Macrophage","Macrophage"
"sam1_CCTCCTCAGTCCTGTA-1","Fibroblasts","Fibroblasts"
"sam1_CCTCCTCAGTGGTTCT-1","MSC","MSC"
"sam1_CCTCCTCCAAGATCCT-1","Epithelial_cells","Epithelial_cells"
"sam1_CCTCCTCCACGCTATA-1","NK_cell","NK_cell"
"sam1_CCTCCTCCAGCTGAGA-1","T_cells","T_cells"
"sam1_CCTCCTCCAGGCACAA-1","Keratinocytes","Keratinocytes"
"sam1_CCTCCTCGTCGTTATG-1","Smooth_muscle_cells","Unassigned"
"sam1_CCTCCTCGTCTTGAAC-1","Smooth_muscle_cells","Unassigned"
"sam1_CCTCCTCGTTCAGCTA-1","Epithelial_cells","Epithelial_cells"
"sam1_CCTCCTCGTTGTCCCT-1","DC","DC"
"sam1_CCTCCTCTCACCCTCA-1","Macrophage","Macrophage"
"sam1_CCTCCTCTCGACCACG-1","Epithelial_cells","Epithelial_cells"
"sam1_CCTCCTCTCGGCCTTT-1","Chondrocytes","Chondrocytes"
"sam1_CCTCTAGAGCGAAACC-1","Epithelial_cells","Epithelial_cells"
"sam1_CCTCTAGCACAAATAG-1","Pro-B_cell_CD34+","Pro-B_cell_CD34+"
"sam1_CCTCTAGCACACCAGC-1","Keratinocytes","Keratinocytes"
"sam1_CCTCTAGCACACCTGG-1","Fibroblasts","Unassigned"
"sam1_CCTCTAGCACTCACTC-1","Keratinocytes","Keratinocytes"
"sam1_CCTCTAGCACTCCCTA-1","Hepatocytes","Hepatocytes"
"sam1_CCTCTAGCAGAGCCCT-1","Macrophage","Unassigned"
"sam1_CCTCTAGCAGGGTCTC-1","Macrophage","Macrophage"
"sam1_CCTCTAGGTTTACCAG-1","Macrophage","Unassigned"
"sam1_CCTCTAGTCCTACCAC-1","Epithelial_cells","Epithelial_cells"
"sam1_CCTCTAGTCCTCGCAT-1","DC","DC"
"sam1_CCTCTAGTCGACACTA-1","Smooth_muscle_cells","Smooth_muscle_cells"
"sam1_CCTCTCCAGAACTTCC-1","Epithelial_cells","Epithelial_cells"
"sam1_CCTCTCCAGACAACAT-1","Epithelial_cells","Epithelial_cells"
"sam1_CCTCTCCAGTGCTACT-1","Fibroblasts","Fibroblasts"
"sam1_CCTCTCCCACGACTAT-1","DC","DC"
"sam1_CCTCTCCCACTTGGGC-1","Smooth_muscle_cells","Unassigned"
"sam1_CCTCTCCCAGTTCCAA-1","Epithelial_cells","Epithelial_cells"
"sam1_CCTCTCCGTAACCCGC-1","Smooth_muscle_cells","Smooth_muscle_cells"
"sam1_CCTCTCCGTGTATTGC-1","T_cells","T_cells"
"sam1_CCTCTCCTCGACCTAA-1","B_cell","B_cell"
"sam1_CCTCTCCTCTCTCGAC-1","Macrophage","Unassigned"
"sam1_CCTCTCCTCTCTGAGA-1","T_cells","T_cells"
"sam1_CCTGCATAGACATAGT-1","Epithelial_cells","Epithelial_cells"
"sam1_CCTGCATAGCAAGCCA-1","BM","BM"
"sam1_CCTGCATAGGATGCGT-1","Macrophage","Macrophage"
"sam1_CCTGCATCAAATGCTC-1","Epithelial_cells","Epithelial_cells"
"sam1_CCTGCATCACTATCCC-1","BM","BM"
"sam1_CCTGCATGTGCCCAGT-1","Keratinocytes","Keratinocytes"
"sam1_CCTGCATTCCGAGTGC-1","Keratinocytes","Keratinocytes"
"sam1_CCTGCATTCCTCTAAT-1","Epithelial_cells","Epithelial_cells"
"sam1_CCTGCATTCTCCGAAA-1","Pro-B_cell_CD34+","Pro-B_cell_CD34+"
"sam1_CCTGTTGCAACTCCAA-1","DC","DC"
"sam1_CCTGTTGCACCGGTCA-1","Epithelial_cells","Epithelial_cells"
"sam1_CCTGTTGCACTTGGGC-1","Smooth_muscle_cells","Smooth_muscle_cells"
"sam1_CCTGTTGCATCCTTCG-1","Epithelial_cells","Epithelial_cells"
"sam1_CCTGTTGCATCGCTCT-1","Keratinocytes","Keratinocytes"
"sam1_CCTGTTGTCGAGCCAC-1","Macrophage","Unassigned"
"sam1_CCTGTTGTCTAGACCA-1","Smooth_muscle_cells","Smooth_muscle_cells"
"sam1_CCTTCAGAGGTATAGT-1","Chondrocytes","Chondrocytes"
"sam1_CCTTCAGCACTACAGT-1","Fibroblasts","Fibroblasts"
"sam1_CCTTCAGTCAGCTTCC-1","Smooth_muscle_cells","Unassigned"
"sam1_CCTTGTGCACGCCAGT-1","Keratinocytes","Keratinocytes"
"sam1_CCTTGTGCATGCCGGT-1","Chondrocytes","Chondrocytes"
"sam1_CCTTGTGGTTCTCAGA-1","Epithelial_cells","Epithelial_cells"
"sam1_CCTTGTGTCAACGCTA-1","Pro-B_cell_CD34+","Pro-B_cell_CD34+"
"sam1_CCTTGTGTCGTCGGGT-1","Macrophage","Macrophage"
"sam1_CCTTTGGAGTACGTCT-1","HSC_-G-CSF","HSC_-G-CSF"
"sam1_CCTTTGGAGTGTTCCA-1","Macrophage","Macrophage"
"sam1_CCTTTGGGTGGGTATG-1","CMP","CMP"
"sam1_CCTTTGGTCATAGGCT-1","Smooth_muscle_cells","Unassigned"
"sam1_CCTTTGGTCGGTAGAG-1","Macrophage","Macrophage"
"sam1_CGAAGGAAGAATCCCT-1","Macrophage","Macrophage"
"sam1_CGAAGGACAAATCGGG-1","Neurons","Neurons"
"sam1_CGAAGGACATGGTACT-1","T_cells","T_cells"
"sam1_CGAAGGAGTTTGGGTT-1","Macrophage","Macrophage"
"sam1_CGAAGGATCACCTGGG-1","Macrophage","Macrophage"
"sam1_CGAAGGATCCACGGAC-1","Pre-B_cell_CD34-","Pre-B_cell_CD34-"
"sam1_CGAAGGATCTCGCTCA-1","Smooth_muscle_cells","Unassigned"
"sam1_CGAAGTTAGCTAAATG-1","NK_cell","NK_cell"
"sam1_CGAAGTTAGTCATCGT-1","Macrophage","Macrophage"
"sam1_CGAAGTTGTGTTTCTT-1","Fibroblasts","Fibroblasts"
"sam1_CGAAGTTTCAACGCTA-1","MSC","MSC"
"sam1_CGAAGTTTCCTAACAG-1","Macrophage","Unassigned"
"sam1_CGAATTGAGCCAGAGT-1","Fibroblasts","Fibroblasts"
"sam1_CGAATTGAGGTTACCT-1","Pre-B_cell_CD34-","Pre-B_cell_CD34-"
"sam1_CGAATTGCAGAGGGTT-1","Macrophage","Macrophage"
"sam1_CGAATTGCATGATAGA-1","Epithelial_cells","Epithelial_cells"
"sam1_CGAATTGGTGATCATC-1","Epithelial_cells","Epithelial_cells"
"sam1_CGAATTGGTTCTGACA-1","Pre-B_cell_CD34-","Pre-B_cell_CD34-"
"sam1_CGAATTGTCCGGCTTT-1","Epithelial_cells","Epithelial_cells"
"sam1_CGAATTGTCTCATTTG-1","CMP","CMP"
"sam1_CGAATTGTCTCGCCTA-1","DC","DC"
"sam1_CGAATTGTCTTTGCGC-1","Smooth_muscle_cells","Smooth_muscle_cells"
"sam1_CGACAGCAGAATTTGG-1","Epithelial_cells","Epithelial_cells"
"sam1_CGACAGCAGCACCGTC-1","Macrophage","Unassigned"
"sam1_CGACAGCAGCCTGACC-1","Epithelial_cells","Epithelial_cells"
"sam1_CGACAGCAGGGTAATT-1","Epithelial_cells","Epithelial_cells"
"sam1_CGACAGCAGTCACGCC-1","Epithelial_cells","Epithelial_cells"
"sam1_CGACAGCCATTGAAAG-1","Macrophage","Macrophage"
"sam1_CGACAGCCATTGACAC-1","Epithelial_cells","Epithelial_cells"
"sam1_CGACAGCTCATACGAC-1","Fibroblasts","Fibroblasts"
"sam1_CGACAGCTCCTACCGT-1","Epithelial_cells","Epithelial_cells"
"sam1_CGAGAAGAGTTTGTCG-1","Macrophage","Macrophage"
"sam1_CGAGAAGGTTAGAAAC-1","GMP","GMP"
"sam1_CGAGAAGGTTGACTAC-1","B_cell","B_cell"
"sam1_CGAGAAGTCGTAACAC-1","Epithelial_cells","Epithelial_cells"
"sam1_CGAGAAGTCGTTTACT-1","Fibroblasts","Fibroblasts"
"sam1_CGAGGAACAAGTGGCA-1","Fibroblasts","Fibroblasts"
"sam1_CGAGGAACAAGTTCCA-1","Macrophage","Macrophage"
"sam1_CGAGGAACATTGGATC-1","NK_cell","NK_cell"
"sam1_CGAGGAATCTAAGGAA-1","Smooth_muscle_cells","Smooth_muscle_cells"
"sam1_CGAGGCTAGGTTGGAC-1","Fibroblasts","Fibroblasts"
"sam1_CGAGGCTCACTCTAGA-1","Epithelial_cells","Epithelial_cells"
"sam1_CGAGGCTCACTTGTCC-1","Keratinocytes","Keratinocytes"
"sam1_CGAGGCTCATTGACCA-1","Macrophage","Unassigned"
"sam1_CGAGGCTTCCTTCTGG-1","Macrophage","Macrophage"
"sam1_CGAGGCTTCTGCGTCT-1","Macrophage","Unassigned"
"sam1_CGAGTGCCAAGGTCAG-1","Fibroblasts","Fibroblasts"
"sam1_CGAGTGCCATGGCGCT-1","Fibroblasts","Fibroblasts"
"sam1_CGAGTGCGTTCCTTGC-1","Epithelial_cells","Epithelial_cells"
"sam1_CGAGTGCTCCATTGTT-1","Macrophage","Macrophage"
"sam1_CGAGTGCTCTATCGCC-1","Neutrophils","Neutrophils"
"sam1_CGAGTTAAGCAGGCTA-1","Neutrophils","Neutrophils"
"sam1_CGAGTTAAGGTCGACA-1","T_cells","T_cells"
"sam1_CGAGTTACAAAGAGTT-1","Macrophage","Macrophage"
"sam1_CGAGTTACAATAGTAG-1","Macrophage","Macrophage"
"sam1_CGAGTTACAGGTGGAT-1","Epithelial_cells","Epithelial_cells"
"sam1_CGAGTTAGTCAAGGCA-1","Macrophage","Macrophage"
"sam1_CGAGTTAGTGTAGTGG-1","Chondrocytes","Chondrocytes"
"sam1_CGAGTTAGTTCACCGG-1","Fibroblasts","Fibroblasts"
"sam1_CGAGTTATCCTTCTGG-1","Macrophage","Macrophage"
"sam1_CGATCGGCATACTGTG-1","Epithelial_cells","Epithelial_cells"
"sam1_CGATGCGAGAGGGTAA-1","GMP","GMP"
"sam1_CGATGCGAGCATCAAA-1","Fibroblasts","Fibroblasts"
"sam1_CGATGCGAGGTGATCG-1","Pre-B_cell_CD34-","Pre-B_cell_CD34-"
"sam1_CGATGCGCAACAAAGT-1","T_cells","T_cells"
"sam1_CGATGCGCAACGAGGT-1","T_cells","T_cells"
"sam1_CGATGCGCAAGACTGG-1","NK_cell","NK_cell"
"sam1_CGATGCGCAAGCCTGC-1","Epithelial_cells","Epithelial_cells"
"sam1_CGATGCGCACTGAATC-1","T_cells","T_cells"
"sam1_CGATGCGCAGTAACCT-1","Macrophage","Macrophage"
"sam1_CGATGGCAGGTACAAT-1","DC","DC"
"sam1_CGATGGCGTACAGTTC-1","Macrophage","Unassigned"
"sam1_CGATGGCTCTTAGCTT-1","Smooth_muscle_cells","Smooth_muscle_cells"
"sam1_CGATGGCTCTTTCCAA-1","Epithelial_cells","Epithelial_cells"
"sam1_CGCAGGTAGGCTGGAT-1","HSC_CD34+","HSC_CD34+"
"sam1_CGCAGGTCAATCTCGA-1","Fibroblasts","Unassigned"
"sam1_CGCAGGTCACTACTTT-1","Fibroblasts","Fibroblasts"
"sam1_CGCAGGTCATCACAGT-1","Gametocytes","Gametocytes"
"sam1_CGCAGGTCATCGGATT-1","Epithelial_cells","Epithelial_cells"
"sam1_CGCATAAAGCCATGCC-1","Keratinocytes","Keratinocytes"
"sam1_CGCATAAAGCTCTGTA-1","Macrophage","Macrophage"
"sam1_CGCATAAAGGTGCCTC-1","Epithelial_cells","Epithelial_cells"
"sam1_CGCATAACAACCACGC-1","Epithelial_cells","Epithelial_cells"
"sam1_CGCATAACAAGCACAG-1","Epithelial_cells","Epithelial_cells"
"sam1_CGCATAAGTGAGTGAC-1","Pro-B_cell_CD34+","Pro-B_cell_CD34+"
"sam1_CGCATAATCTGTCCCA-1","Pre-B_cell_CD34-","Pre-B_cell_CD34-"
"sam1_CGCATGGAGTTCCGGC-1","T_cells","T_cells"
"sam1_CGCATGGGTGGCTACC-1","Epithelial_cells","Epithelial_cells"
"sam1_CGCATGGGTGGTACAG-1","Macrophage","Macrophage"
"sam1_CGCATGGTCTGCACCT-1","Fibroblasts","Fibroblasts"
"sam1_CGCATGGTCTTAATCC-1","Macrophage","Macrophage"
"sam1_CGCCAGAAGGTCATTC-1","Macrophage","Macrophage"
"sam1_CGCCAGACACCGAATT-1","NK_cell","NK_cell"
"sam1_CGCCAGAGTGAATGAT-1","Macrophage","Macrophage"
"sam1_CGCCAGAGTGATACAA-1","Platelets","Platelets"
"sam1_CGCCAGATCATCGCCT-1","NK_cell","NK_cell"
"sam1_CGCCAGATCGTCCATC-1","Macrophage","Macrophage"
"sam1_CGCCATTAGAATACAC-1","Epithelial_cells","Epithelial_cells"
"sam1_CGCCATTAGTCATGCT-1","Macrophage","Macrophage"
"sam1_CGCCATTGTTCTCCCA-1","Epithelial_cells","Epithelial_cells"
"sam1_CGCCATTTCCCTCATG-1","Myelocyte","Myelocyte"
"sam1_CGCGTGAAGAATAACC-1","Fibroblasts","Fibroblasts"
"sam1_CGCGTGAAGATACATG-1","DC","DC"
"sam1_CGCGTGATCCGCGGAT-1","Epithelial_cells","Epithelial_cells"
"sam1_CGCGTGATCGTTCGCT-1","Smooth_muscle_cells","Smooth_muscle_cells"
"sam1_CGGAACCCACCGTGAC-1","Neutrophils","Neutrophils"
"sam1_CGGAACCCAGTCGGAA-1","Smooth_muscle_cells","Smooth_muscle_cells"
"sam1_CGGAACCGTGACCGTC-1","HSC_-G-CSF","HSC_-G-CSF"
"sam1_CGGAACCGTGGTACAG-1","Macrophage","Macrophage"
"sam1_CGGAACCGTTCGGCCA-1","T_cells","T_cells"
"sam1_CGGAATTAGTAGCTCT-1","Neutrophils","Neutrophils"
"sam1_CGGAATTCAGCGGTCT-1","Smooth_muscle_cells","Smooth_muscle_cells"
"sam1_CGGAATTCAGTCCGTG-1","Epithelial_cells","Epithelial_cells"
"sam1_CGGAATTGTCCCGGTA-1","Epithelial_cells","Epithelial_cells"
"sam1_CGGACACAGACGTCCC-1","NK_cell","NK_cell"
"sam1_CGGACACCACTTGTGA-1","T_cells","T_cells"
"sam1_CGGACACGTGGCCCAT-1","Pro-B_cell_CD34+","Pro-B_cell_CD34+"
"sam1_CGGACACGTTCCAGGC-1","Macrophage","Macrophage"
"sam1_CGGACACGTTCGCGTG-1","Macrophage","Macrophage"
"sam1_CGGACACGTTCGGTCG-1","NK_cell","NK_cell"
"sam1_CGGACACTCACGGACC-1","Epithelial_cells","Epithelial_cells"
"sam1_CGGACACTCAGCTGAT-1","iPS_cells","iPS_cells"
"sam1_CGGACACTCGCACGGT-1","B_cell","B_cell"
"sam1_CGGACACTCGCTCTAC-1","Macrophage","Unassigned"
"sam1_CGGAGAACAAATGAGT-1","T_cells","T_cells"
"sam1_CGGAGAAGTAACAGTA-1","Epithelial_cells","Epithelial_cells"
"sam1_CGGAGAAGTCCGGCAT-1","Chondrocytes","Chondrocytes"
"sam1_CGGAGAAGTTACAGCT-1","BM","BM"
"sam1_CGGAGAAGTTTACGTG-1","Smooth_muscle_cells","Smooth_muscle_cells"
"sam1_CGGAGAATCGAAGGAC-1","Epithelial_cells","Epithelial_cells"
"sam1_CGGCAGTCACAATGCT-1","Epithelial_cells","Epithelial_cells"
"sam1_CGGCAGTCACCCAAGC-1","Pre-B_cell_CD34-","Pre-B_cell_CD34-"
"sam1_CGGCAGTCAGTTGAAA-1","Pre-B_cell_CD34-","Pre-B_cell_CD34-"
"sam1_CGGCAGTGTACAACGG-1","Neurons","Neurons"
"sam1_CGGCAGTGTAGCGCCT-1","Macrophage","Unassigned"
"sam1_CGGCAGTTCCTCTCTT-1","Osteoblasts","Osteoblasts"
"sam1_CGGCAGTTCCTGATAG-1","Pre-B_cell_CD34-","Pre-B_cell_CD34-"
"sam1_CGGGACTAGCTGAGCA-1","Epithelial_cells","Epithelial_cells"
"sam1_CGGGACTCAAACACCT-1","T_cells","T_cells"
"sam1_CGGGACTCAATTTCCT-1","Epithelial_cells","Epithelial_cells"
"sam1_CGGGACTGTATCGCTA-1","BM","BM"
"sam1_CGGGCATAGGCGAACT-1","Macrophage","Macrophage"
"sam1_CGGGCATAGGTCTGGA-1","Endothelial_cells","Endothelial_cells"
"sam1_CGGGCATGTCTGGTTA-1","NK_cell","NK_cell"
"sam1_CGGGCATGTTCACCGG-1","Pre-B_cell_CD34-","Pre-B_cell_CD34-"
"sam1_CGGGCATTCCCAGGCA-1","Macrophage","Unassigned"
"sam1_CGGGTCACAAGCGCTC-1","Epithelial_cells","Epithelial_cells"
"sam1_CGGGTCATCCCTCATG-1","Neutrophils","Neutrophils"
"sam1_CGGGTCATCTGAGGCC-1","Epithelial_cells","Epithelial_cells"
"sam1_CGGGTCATCTGCGAGC-1","Fibroblasts","Fibroblasts"
"sam1_CGGGTCATCTGTCAGA-1","Epithelial_cells","Epithelial_cells"
"sam1_CGGGTGTAGCTAGAGC-1","NK_cell","NK_cell"
"sam1_CGGGTGTCACATCATG-1","Neurons","Neurons"
"sam1_CGGGTGTCACCATATG-1","Macrophage","Macrophage"
"sam1_CGGGTGTCATCCTCAC-1","DC","DC"
"sam1_CGGGTGTGTTATAGAG-1","DC","DC"
"sam1_CGGGTGTTCTGAGAAA-1","Macrophage","Macrophage"
"sam1_CGGGTGTTCTTTCGAT-1","Smooth_muscle_cells","Smooth_muscle_cells"
"sam1_CGGTCAGAGGGCCCTT-1","T_cells","T_cells"
"sam1_CGGTCAGGTAAGTCAA-1","Macrophage","Macrophage"
"sam1_CGGTCAGTCTAGAACC-1","CMP","CMP"
"sam1_CGTAAGTTCACGAACT-1","Pre-B_cell_CD34-","Pre-B_cell_CD34-"
"sam1_CGTAATGAGAAGTCTA-1","Monocyte","Monocyte"
"sam1_CGTAATGAGCGATGAC-1","Smooth_muscle_cells","Smooth_muscle_cells"
"sam1_CGTAATGAGGGAACAA-1","Macrophage","Macrophage"
"sam1_CGTAATGCAATTGTGC-1","DC","DC"
"sam1_CGTAATGCAGTGTACT-1","Macrophage","Macrophage"
"sam1_CGTAATGGTCTCGCGA-1","HSC_-G-CSF","HSC_-G-CSF"
"sam1_CGTAATGTCAGACATC-1","T_cells","T_cells"
"sam1_CGTAATGTCTTCGCTG-1","Macrophage","Macrophage"
"sam1_CGTAGTAAGTAGCATA-1","Macrophage","Macrophage"
"sam1_CGTAGTACAATAGGGC-1","Keratinocytes","Keratinocytes"
"sam1_CGTAGTAGTATGAAGT-1","Epithelial_cells","Epithelial_cells"
"sam1_CGTAGTAGTGATTAGA-1","T_cells","T_cells"
"sam1_CGTAGTAGTTATGACC-1","Macrophage","Macrophage"
"sam1_CGTAGTATCGAACGGA-1","Monocyte","Monocyte"
"sam1_CGTCAAAAGACGGTTG-1","Fibroblasts","Fibroblasts"
"sam1_CGTCAAAAGCAAGGAA-1","Macrophage","Macrophage"
"sam1_CGTCAAACAAGTGATA-1","T_cells","T_cells"
"sam1_CGTCAAACAATGCTCA-1","Macrophage","Macrophage"
"sam1_CGTCAAACATCGCTGG-1","Smooth_muscle_cells","Smooth_muscle_cells"
"sam1_CGTCAAAGTCGATTTG-1","Fibroblasts","Fibroblasts"
"sam1_CGTCAAAGTGCCGGTT-1","Macrophage","Macrophage"
"sam1_CGTCAAATCGGCCCAA-1","Epithelial_cells","Epithelial_cells"
"sam1_CGTCCATCATTCTCTA-1","DC","DC"
"sam1_CGTCCATGTAAGAACT-1","Smooth_muscle_cells","Smooth_muscle_cells"
"sam1_CGTCCATGTCCTTAAG-1","NK_cell","NK_cell"
"sam1_CGTCCATTCCAGCAAT-1","NK_cell","NK_cell"
"sam1_CGTCCATTCTCCCATG-1","MEP","MEP"
"sam1_CGTCCATTCTTCGTAT-1","Macrophage","Macrophage"
"sam1_CGTGAATAGAAACCCG-1","Macrophage","Unassigned"
"sam1_CGTGAATAGCACCTGC-1","Smooth_muscle_cells","Smooth_muscle_cells"
"sam1_CGTGAATAGCCATATC-1","Smooth_muscle_cells","Smooth_muscle_cells"
"sam1_CGTGAATCACATATGC-1","Pro-B_cell_CD34+","Pro-B_cell_CD34+"
"sam1_CGTGAATCACTTCATT-1","DC","DC"
"sam1_CGTGAATGTACAAACA-1","Fibroblasts","Fibroblasts"
"sam1_CGTGAATGTTGGAGAC-1","Macrophage","Unassigned"
"sam1_CGTGAATTCTAGTGTG-1","Keratinocytes","Keratinocytes"
"sam1_CGTGATAAGCGACCCT-1","NK_cell","NK_cell"
"sam1_CGTGATAAGGCACTAG-1","Macrophage","Macrophage"
"sam1_CGTGATAAGGCCGCTT-1","Epithelial_cells","Epithelial_cells"
"sam1_CGTGATACACCTATCC-1","Smooth_muscle_cells","Smooth_muscle_cells"
"sam1_CGTGATAGTTTCCCAC-1","Smooth_muscle_cells","Smooth_muscle_cells"
"sam1_CGTGATATCGGAGTAG-1","Fibroblasts","Fibroblasts"
"sam1_CGTGATATCTTCCTAA-1","T_cells","T_cells"
"sam1_CGTGATATCTTCTGGC-1","NK_cell","NK_cell"
"sam1_CGTGCTTAGTGGGAAA-1","Macrophage","Macrophage"
"sam1_CGTGCTTGTCATATGC-1","Macrophage","Macrophage"
"sam1_CGTGCTTTCGAAGGAC-1","Epithelial_cells","Epithelial_cells"
"sam1_CGTGTCTAGACGCTCC-1","DC","DC"
"sam1_CGTGTCTAGTGGCCTC-1","Pre-B_cell_CD34-","Pre-B_cell_CD34-"
"sam1_CGTGTCTCACATATGC-1","Macrophage","Macrophage"
"sam1_CGTGTCTCAGTAGGAC-1","Macrophage","Macrophage"
"sam1_CGTTAGAAGCTGGCCT-1","iPS_cells","iPS_cells"
"sam1_CGTTAGACACAGAGCA-1","Hepatocytes","Hepatocytes"
"sam1_CGTTAGACATCCCGTT-1","Macrophage","Macrophage"
"sam1_CGTTAGACATCCTGTC-1","Epithelial_cells","Epithelial_cells"
"sam1_CGTTAGACATTGAAGA-1","T_cells","T_cells"
"sam1_CGTTAGAGTAACAAGT-1","Fibroblasts","Fibroblasts"
"sam1_CGTTAGAGTGTAGGAC-1","Epithelial_cells","Epithelial_cells"
"sam1_CGTTAGAGTTCGGCCA-1","Fibroblasts","Fibroblasts"
"sam1_CGTTAGATCGAGTACT-1","Macrophage","Macrophage"
"sam1_CGTTAGATCGTTCTGC-1","Epithelial_cells","Epithelial_cells"
"sam1_CGTTCTGAGAATCTAG-1","Epithelial_cells","Epithelial_cells"
"sam1_CGTTCTGAGAGTGACC-1","Macrophage","Macrophage"
"sam1_CGTTCTGCACTTTAGG-1","Macrophage","Macrophage"
"sam1_CGTTCTGCATTGACCA-1","T_cells","T_cells"
"sam1_CGTTCTGGTCTGTGCG-1","Chondrocytes","Chondrocytes"
"sam1_CGTTCTGGTGCATGAG-1","T_cells","T_cells"
"sam1_CGTTCTGGTGCTGATT-1","Macrophage","Macrophage"
"sam1_CGTTCTGGTTCTGAGT-1","HSC_CD34+","HSC_CD34+"
"sam1_CGTTCTGTCGTTCAGA-1","BM","BM"
"sam1_CGTTGGGAGCATCGAG-1","Keratinocytes","Keratinocytes"
"sam1_CGTTGGGCACCTCGTT-1","Macrophage","Macrophage"
"sam1_CGTTGGGCACCTTCGT-1","Macrophage","Macrophage"
"sam1_CGTTGGGCATATAGCC-1","T_cells","T_cells"
"sam1_CGTTGGGGTATTGGCT-1","Macrophage","Unassigned"
"sam1_CGTTGGGTCTGAGATC-1","HSC_-G-CSF","HSC_-G-CSF"
"sam1_CGTTGGGTCTGTCCCA-1","T_cells","T_cells"
"sam1_CTAACCCCACCAGTAT-1","Monocyte","Monocyte"
"sam1_CTAACCCCACGCTTAA-1","BM","BM"
"sam1_CTAACCCCAGCCATTA-1","Smooth_muscle_cells","Unassigned"
"sam1_CTAACCCGTAGTCCTA-1","Epithelial_cells","Epithelial_cells"
"sam1_CTAACCCGTATCTCGA-1","Monocyte","Monocyte"
"sam1_CTAACCCGTATGCTAC-1","Epithelial_cells","Epithelial_cells"
"sam1_CTAACCCGTTTCTTAC-1","Epithelial_cells","Epithelial_cells"
"sam1_CTAACCCTCTATCGTT-1","Epithelial_cells","Epithelial_cells"
"sam1_CTAACTTAGACGCAGT-1","Epithelial_cells","Epithelial_cells"
"sam1_CTAACTTCACTTGAGT-1","Epithelial_cells","Epithelial_cells"
"sam1_CTAACTTGTTAACAGA-1","Fibroblasts","Fibroblasts"
"sam1_CTAACTTTCAAACTGC-1","Pro-B_cell_CD34+","Pro-B_cell_CD34+"
"sam1_CTAACTTTCCACATAG-1","Embryonic_stem_cells","Embryonic_stem_cells"
"sam1_CTAACTTTCCGGACTG-1","Epithelial_cells","Epithelial_cells"
"sam1_CTAACTTTCGCGAAGA-1","HSC_-G-CSF","HSC_-G-CSF"
"sam1_CTAACTTTCTGGTGCG-1","Macrophage","Unassigned"
"sam1_CTAAGTGAGATCGCCC-1","Macrophage","Macrophage"
"sam1_CTAAGTGCATGACTCA-1","Smooth_muscle_cells","Unassigned"
"sam1_CTAAGTGGTAACCCGC-1","T_cells","T_cells"
"sam1_CTAAGTGGTGGTGATG-1","T_cells","T_cells"
"sam1_CTAAGTGTCACTGCTC-1","NK_cell","NK_cell"
"sam1_CTAAGTGTCTGCGATA-1","Fibroblasts","Fibroblasts"
"sam1_CTACAGAAGGTTGACG-1","Macrophage","Macrophage"
"sam1_CTACAGAAGTAGACAT-1","Fibroblasts","Fibroblasts"
"sam1_CTACAGACAACTCCCT-1","BM","BM"
"sam1_CTACAGAGTACCTTCC-1","Epithelial_cells","Epithelial_cells"
"sam1_CTACAGAGTTCGGTTA-1","CMP","CMP"
"sam1_CTACAGAGTTGGACCC-1","Smooth_muscle_cells","Smooth_muscle_cells"
"sam1_CTACAGATCCCATGGG-1","BM","BM"
"sam1_CTACAGATCTCATTGT-1","NK_cell","NK_cell"
"sam1_CTACATTCACGATTCA-1","HSC_CD34+","HSC_CD34+"
"sam1_CTACATTCACTATCGA-1","NK_cell","NK_cell"
"sam1_CTACATTCACTCTCGT-1","T_cells","T_cells"
"sam1_CTACATTGTGGTCTAT-1","Epithelial_cells","Epithelial_cells"
"sam1_CTACATTTCGGTTAGT-1","Epithelial_cells","Epithelial_cells"
"sam1_CTACATTTCTTGGTCC-1","Epithelial_cells","Epithelial_cells"
"sam1_CTACCCACACCCTGTT-1","Hepatocytes","Hepatocytes"
"sam1_CTACCCAGTACGACAG-1","Macrophage","Macrophage"
"sam1_CTACCCAGTCCGAAAG-1","Epithelial_cells","Epithelial_cells"
"sam1_CTACCCAGTGTATCCA-1","Pre-B_cell_CD34-","Pre-B_cell_CD34-"
"sam1_CTACCCAGTTGCCAAT-1","Keratinocytes","Keratinocytes"
"sam1_CTACCCATCCAGTGCG-1","Macrophage","Macrophage"
"sam1_CTACCCATCCATAAGC-1","DC","DC"
"sam1_CTACCCATCCTCAGAA-1","Keratinocytes","Keratinocytes"
"sam1_CTACCCATCTAACACG-1","Fibroblasts","Unassigned"
"sam1_CTACCTGAGTGACCTT-1","Smooth_muscle_cells","Smooth_muscle_cells"
"sam1_CTACCTGCAACTACGT-1","Epithelial_cells","Epithelial_cells"
"sam1_CTACCTGCAATTCACG-1","Macrophage","Macrophage"
"sam1_CTACCTGCAGCGGATA-1","Hepatocytes","Hepatocytes"
"sam1_CTACCTGCATGGCACC-1","Epithelial_cells","Epithelial_cells"
"sam1_CTACCTGGTACCCGAC-1","Macrophage","Unassigned"
"sam1_CTACCTGTCACACCCT-1","Epithelial_cells","Epithelial_cells"
"sam1_CTACCTGTCAGCATTG-1","Neurons","Neurons"
"sam1_CTACCTGTCCCATTTA-1","NK_cell","NK_cell"
"sam1_CTACCTGTCCTCATAT-1","Epithelial_cells","Epithelial_cells"
"sam1_CTACCTGTCTCGACCT-1","Neurons","Neurons"
"sam1_CTACGGGAGGACACTG-1","Fibroblasts","Fibroblasts"
"sam1_CTACGGGCACGGCGTT-1","Pro-B_cell_CD34+","Pro-B_cell_CD34+"
"sam1_CTACGGGCAGACTGCC-1","Smooth_muscle_cells","Smooth_muscle_cells"
"sam1_CTACGGGGTGCCCTTT-1","Pro-B_cell_CD34+","Pro-B_cell_CD34+"
"sam1_CTACTATAGCAAGCCA-1","Macrophage","Unassigned"
"sam1_CTACTATAGCGGTAGT-1","Fibroblasts","Fibroblasts"
"sam1_CTACTATAGCTTTGTG-1","GMP","GMP"
"sam1_CTACTATCACACCAGC-1","Epithelial_cells","Epithelial_cells"
"sam1_CTACTATCACATATCG-1","Fibroblasts","Unassigned"
"sam1_CTACTATCACGCGCTA-1","NK_cell","NK_cell"
"sam1_CTACTATCACGGATCC-1","Neutrophils","Neutrophils"
"sam1_CTACTATTCCAAACCA-1","Epithelial_cells","Epithelial_cells"
"sam1_CTAGACAAGTTTCTTC-1","Epithelial_cells","Epithelial_cells"
"sam1_CTAGACACACTGTCGG-1","Pro-B_cell_CD34+","Pro-B_cell_CD34+"
"sam1_CTAGACAGTTAAAGTG-1","BM","BM"
"sam1_CTAGACATCCCTTCCC-1","Neurons","Neurons"
"sam1_CTAGACATCTGACCCT-1","Pro-B_cell_CD34+","Pro-B_cell_CD34+"
"sam1_CTAGACATCTGGGCAC-1","NK_cell","NK_cell"
"sam1_CTAGGTACACGTATAC-1","NK_cell","NK_cell"
"sam1_CTAGGTACATCCGTTC-1","Astrocyte","Astrocyte"
"sam1_CTAGGTAGTCTGCGCA-1","BM","BM"
"sam1_CTAGGTAGTCTTTATC-1","Pre-B_cell_CD34-","Pre-B_cell_CD34-"
"sam1_CTAGGTAGTGGTGATG-1","CMP","CMP"
"sam1_CTAGGTATCGCCTCTA-1","Pro-Myelocyte","Pro-Myelocyte"
"sam1_CTATAGGCAAATGATG-1","Epithelial_cells","Epithelial_cells"
"sam1_CTATAGGGTCCACAGC-1","iPS_cells","iPS_cells"
"sam1_CTATAGGTCTGATGGT-1","Neutrophils","Neutrophils"
"sam1_CTATCCGAGGATACAT-1","Pre-B_cell_CD34-","Pre-B_cell_CD34-"
"sam1_CTATCCGAGGTAAACT-1","Epithelial_cells","Epithelial_cells"
"sam1_CTATCCGCAACCCTCT-1","Monocyte","Monocyte"
"sam1_CTATCCGCATACTGAC-1","Smooth_muscle_cells","Smooth_muscle_cells"
"sam1_CTATCCGTCCAAATGC-1","Fibroblasts","Fibroblasts"
"sam1_CTATCCGTCGCGATCG-1","Epithelial_cells","Epithelial_cells"
"sam1_CTATCCGTCTATCGTT-1","DC","DC"
"sam1_CTATCTACAAACACCT-1","Keratinocytes","Keratinocytes"
"sam1_CTATCTACACTTGTGA-1","Myelocyte","Myelocyte"
"sam1_CTATCTAGTCTAGATC-1","Fibroblasts","Fibroblasts"
"sam1_CTATCTATCACGGAGA-1","Epithelial_cells","Epithelial_cells"
"sam1_CTATCTATCACTTCTA-1","Fibroblasts","Fibroblasts"
"sam1_CTATCTATCGTTAGAC-1","Macrophage","Macrophage"
"sam1_CTATCTATCTATCGCC-1","Fibroblasts","Fibroblasts"
"sam1_CTCAACCAGCCATGCC-1","Keratinocytes","Keratinocytes"
"sam1_CTCAACCAGTCACGCC-1","Macrophage","Macrophage"
"sam1_CTCAACCAGTCCGTCG-1","GMP","GMP"
"sam1_CTCAACCAGTTCCATG-1","Macrophage","Unassigned"
"sam1_CTCAACCCAATCGCGC-1","Gametocytes","Gametocytes"
"sam1_CTCAACCCAATTCTTC-1","Smooth_muscle_cells","Unassigned"
"sam1_CTCAACCCACAAATCC-1","Neuroepithelial_cell","Neuroepithelial_cell"
"sam1_CTCAACCCACAAATGA-1","Macrophage","Macrophage"
"sam1_CTCAACCCACAGTCAT-1","Epithelial_cells","Epithelial_cells"
"sam1_CTCAACCCATCATTTC-1","Macrophage","Macrophage"
"sam1_CTCAACCGTCTTCGAA-1","T_cells","T_cells"
"sam1_CTCAACCGTGATACTC-1","Pro-B_cell_CD34+","Pro-B_cell_CD34+"
"sam1_CTCAACCGTGCATACT-1","T_cells","T_cells"
"sam1_CTCAACCTCAACTCTT-1","Smooth_muscle_cells","Unassigned"
"sam1_CTCAACCTCGCGGTAC-1","MSC","MSC"
"sam1_CTCAACCTCTTGGTCC-1","DC","DC"
"sam1_CTCAAGAAGGACAAGA-1","T_cells","T_cells"
"sam1_CTCAAGAAGTGATCGG-1","B_cell","B_cell"
"sam1_CTCAAGAAGTTGCCCG-1","Epithelial_cells","Epithelial_cells"
"sam1_CTCAAGACAAGGCCTC-1","DC","DC"
"sam1_CTCAAGACACCCTCTA-1","Chondrocytes","Unassigned"
"sam1_CTCAAGACACGTTCGG-1","Fibroblasts","Fibroblasts"
"sam1_CTCAAGACATCAGTGT-1","Smooth_muscle_cells","Smooth_muscle_cells"
"sam1_CTCAAGAGTACAGAGC-1","Pre-B_cell_CD34-","Pre-B_cell_CD34-"
"sam1_CTCAAGAGTCACCCTT-1","Fibroblasts","Unassigned"
"sam1_CTCAAGAGTCCAGCGT-1","Smooth_muscle_cells","Smooth_muscle_cells"
"sam1_CTCAAGAGTTGCGGCT-1","Monocyte","Monocyte"
"sam1_CTCAATTAGACTTCCA-1","Smooth_muscle_cells","Smooth_muscle_cells"
"sam1_CTCAATTAGCCAGACA-1","Epithelial_cells","Epithelial_cells"
"sam1_CTCAATTCAGACGATG-1","Fibroblasts","Unassigned"
"sam1_CTCAATTGTAGGACTG-1","Monocyte","Monocyte"
"sam1_CTCAATTGTATCGTTG-1","Macrophage","Macrophage"
"sam1_CTCAATTGTCCAGGTC-1","Embryonic_stem_cells","Embryonic_stem_cells"
"sam1_CTCAATTTCTCATGCC-1","Epithelial_cells","Epithelial_cells"
"sam1_CTCACTGAGGTACTGG-1","Macrophage","Unassigned"
"sam1_CTCACTGCAACGTTAC-1","Monocyte","Monocyte"
"sam1_CTCACTGCATTCAGCA-1","Fibroblasts","Fibroblasts"
"sam1_CTCACTGGTGCTGCAC-1","Macrophage","Macrophage"
"sam1_CTCACTGTCGACCACG-1","Pro-B_cell_CD34+","Pro-B_cell_CD34+"
"sam1_CTCAGAAAGACATACA-1","Epithelial_cells","Epithelial_cells"
"sam1_CTCAGAAAGGACTGGT-1","Pre-B_cell_CD34-","Pre-B_cell_CD34-"
"sam1_CTCAGAACACAAACGG-1","Macrophage","Macrophage"
"sam1_CTCAGAAGTTGAAGTA-1","Macrophage","Macrophage"
"sam1_CTCAGAATCTGGCCTT-1","Pro-Myelocyte","Pro-Myelocyte"
"sam1_CTCAGGGAGACCAACG-1","HSC_CD34+","HSC_CD34+"
"sam1_CTCAGGGAGCCTATTG-1","Epithelial_cells","Epithelial_cells"
"sam1_CTCAGGGGTCGAGCAA-1","Fibroblasts","Fibroblasts"
"sam1_CTCAGGGGTCGCTTAA-1","HSC_-G-CSF","HSC_-G-CSF"
"sam1_CTCAGGGTCGCAACAT-1","B_cell","B_cell"
"sam1_CTCAGGGTCTGTGTGA-1","Chondrocytes","Chondrocytes"
"sam1_CTCAGGGTCTTAGCTT-1","Fibroblasts","Fibroblasts"
"sam1_CTCAGTCAGAAACCCG-1","Fibroblasts","Unassigned"
"sam1_CTCAGTCCAACCGATT-1","Fibroblasts","Fibroblasts"
"sam1_CTCAGTCCACAGCATT-1","Hepatocytes","Hepatocytes"
"sam1_CTCAGTCCACTTGTCC-1","Macrophage","Macrophage"
"sam1_CTCAGTCCAGACAAGC-1","Pro-B_cell_CD34+","Pro-B_cell_CD34+"
"sam1_CTCAGTCGTAGGTAGC-1","Smooth_muscle_cells","Smooth_muscle_cells"
"sam1_CTCAGTCTCCCGAGAC-1","Smooth_muscle_cells","Smooth_muscle_cells"
"sam1_CTCATCGGTTGTGGCC-1","Epithelial_cells","Epithelial_cells"
"sam1_CTCATCGTCCATCTGC-1","Osteoblasts","Osteoblasts"
"sam1_CTCATCGTCGCTACAA-1","HSC_-G-CSF","HSC_-G-CSF"
"sam1_CTCATCGTCTCACTCG-1","Macrophage","Macrophage"
"sam1_CTCATGCAGCTGCGAA-1","Embryonic_stem_cells","Embryonic_stem_cells"
"sam1_CTCATGCAGCTGTTCA-1","Monocyte","Monocyte"
"sam1_CTCATGCCACCTTCGT-1","DC","DC"
"sam1_CTCATGCCAGAGGACT-1","iPS_cells","iPS_cells"
"sam1_CTCATGCCATCCGTGG-1","BM","BM"
"sam1_CTCATGCGTTATCTGG-1","HSC_-G-CSF","HSC_-G-CSF"
"sam1_CTCATGCTCACGAACT-1","Macrophage","Macrophage"
"sam1_CTCATTAAGGAATCGC-1","Pro-B_cell_CD34+","Pro-B_cell_CD34+"
"sam1_CTCATTAAGTATGACA-1","Epithelial_cells","Epithelial_cells"
"sam1_CTCATTACACGTAACT-1","Keratinocytes","Keratinocytes"
"sam1_CTCATTAGTACTGTTG-1","T_cells","T_cells"
"sam1_CTCATTAGTAGCCAGA-1","Fibroblasts","Fibroblasts"
"sam1_CTCATTAGTCTGTGAT-1","Macrophage","Macrophage"
"sam1_CTCATTATCCCTCGAT-1","MSC","MSC"
"sam1_CTCCAACAGAAACACT-1","Epithelial_cells","Epithelial_cells"
"sam1_CTCCAACAGAGAGTTT-1","Epithelial_cells","Epithelial_cells"
"sam1_CTCCAACAGCTGCCAC-1","Keratinocytes","Keratinocytes"
"sam1_CTCCAACAGGGTACAC-1","Gametocytes","Gametocytes"
"sam1_CTCCAACAGGTTCCAT-1","Macrophage","Unassigned"
"sam1_CTCCAACAGTGCAACG-1","NK_cell","NK_cell"
"sam1_CTCCAACCAATGTCAC-1","Pro-B_cell_CD34+","Pro-B_cell_CD34+"
"sam1_CTCCAACCACCGCTGA-1","Epithelial_cells","Epithelial_cells"
"sam1_CTCCAACCAGCATACT-1","Epithelial_cells","Epithelial_cells"
"sam1_CTCCAACCAGTACTAC-1","Epithelial_cells","Epithelial_cells"
"sam1_CTCCAACGTTCCGCAG-1","Smooth_muscle_cells","Unassigned"
"sam1_CTCCAACTCACTTTGT-1","Epithelial_cells","Epithelial_cells"
"sam1_CTCCAACTCATTTCGT-1","Macrophage","Macrophage"
"sam1_CTCCAACTCCTTATCA-1","Epithelial_cells","Epithelial_cells"
"sam1_CTCCAACTCGGTCTAA-1","DC","DC"
"sam1_CTCCACACAGCATACT-1","Macrophage","Macrophage"
"sam1_CTCCACAGTCACAATC-1","Macrophage","Unassigned"
"sam1_CTCCACAGTCACTCTC-1","Endothelial_cells","Endothelial_cells"
"sam1_CTCCACATCATTTCGT-1","NK_cell","NK_cell"
"sam1_CTCCACATCCAAAGGG-1","Macrophage","Unassigned"
"sam1_CTCCACATCCATACAG-1","Epithelial_cells","Epithelial_cells"
"sam1_CTCCACATCTAACACG-1","Hepatocytes","Hepatocytes"
"sam1_CTCCACATCTTAATCC-1","Macrophage","Unassigned"
"sam1_CTCCATGAGATAGCAT-1","Pre-B_cell_CD34-","Pre-B_cell_CD34-"
"sam1_CTCCATGAGCTGAGTG-1","T_cells","T_cells"
"sam1_CTCCATGCAACACTAC-1","DC","DC"
"sam1_CTCCATGCAACCAATC-1","Pre-B_cell_CD34-","Pre-B_cell_CD34-"
"sam1_CTCCATGCAACTTGGT-1","Epithelial_cells","Epithelial_cells"
"sam1_CTCCATGCAGAATTCC-1","Fibroblasts","Fibroblasts"
"sam1_CTCCATGCATGTCTAG-1","DC","DC"
"sam1_CTCCATGGTCACAGAG-1","Neutrophils","Neutrophils"
"sam1_CTCCATGGTCCCTGTT-1","Neutrophils","Neutrophils"
"sam1_CTCCATGGTCGATTAC-1","HSC_CD34+","HSC_CD34+"
"sam1_CTCCATGGTTCACGAT-1","Neuroepithelial_cell","Neuroepithelial_cell"
"sam1_CTCCATGTCATTTCGT-1","Fibroblasts","Fibroblasts"
"sam1_CTCCATGTCCAGCCTT-1","Epithelial_cells","Epithelial_cells"
"sam1_CTCCATGTCGAGAAAT-1","Fibroblasts","Fibroblasts"
"sam1_CTCCCAAAGATTGATG-1","NK_cell","NK_cell"
"sam1_CTCCCAAAGCTGCCAC-1","Macrophage","Macrophage"
"sam1_CTCCCAAAGGAGATAG-1","Epithelial_cells","Epithelial_cells"
"sam1_CTCCCAAAGTAACCGG-1","Epithelial_cells","Epithelial_cells"
"sam1_CTCCCAAAGTACTCGT-1","T_cells","T_cells"
"sam1_CTCCCAACAATCTGCA-1","Macrophage","Unassigned"
"sam1_CTCCCAACACCAGTTA-1","Epithelial_cells","Epithelial_cells"
"sam1_CTCCCAACAGGGTCTC-1","Epithelial_cells","Epithelial_cells"
"sam1_CTCCCAATCCGAGATT-1","Macrophage","Macrophage"
"sam1_CTCCCTCAGAGTTGAT-1","HSC_-G-CSF","HSC_-G-CSF"
"sam1_CTCCCTCAGCTCCCTT-1","T_cells","T_cells"
"sam1_CTCCCTCAGCTGCCTG-1","Epithelial_cells","Epithelial_cells"
"sam1_CTCCCTCAGTTCAACC-1","Keratinocytes","Keratinocytes"
"sam1_CTCCCTCCAAACTAAG-1","Epithelial_cells","Epithelial_cells"
"sam1_CTCCCTCCACTCCCTA-1","Neurons","Neurons"
"sam1_CTCCCTCGTAGCTGCC-1","Epithelial_cells","Epithelial_cells"
"sam1_CTCCCTCGTAGTCCTA-1","Fibroblasts","Fibroblasts"
"sam1_CTCCCTCGTAGTCTGT-1","DC","DC"
"sam1_CTCCCTCGTGGTGATG-1","Smooth_muscle_cells","Smooth_muscle_cells"
"sam1_CTCCCTCGTTCAATCG-1","T_cells","T_cells"
"sam1_CTCCCTCGTTCAGGTT-1","NK_cell","NK_cell"
"sam1_CTCCCTCTCATCCTGC-1","T_cells","T_cells"
"sam1_CTCCCTCTCCTCACCA-1","Macrophage","Macrophage"
"sam1_CTCCCTCTCGCTAATG-1","NK_cell","NK_cell"
"sam1_CTCCCTCTCGCTCTCA-1","Macrophage","Unassigned"
"sam1_CTCCCTCTCTCCTGCA-1","Keratinocytes","Keratinocytes"
"sam1_CTCCGATAGTAGGATT-1","Pre-B_cell_CD34-","Pre-B_cell_CD34-"
"sam1_CTCCGATGTACCGGCT-1","Macrophage","Macrophage"
"sam1_CTCCGATGTACCTGTA-1","Keratinocytes","Keratinocytes"
"sam1_CTCCGATGTAGCTCGC-1","Keratinocytes","Keratinocytes"
"sam1_CTCCGATGTCTCACGG-1","Epithelial_cells","Epithelial_cells"
"sam1_CTCCGATGTGCAACAG-1","Epithelial_cells","Epithelial_cells"
"sam1_CTCCGATTCACTCCGT-1","BM","BM"
"sam1_CTCCTCCAGTGGATTA-1","T_cells","T_cells"
"sam1_CTCCTCCCACAGCTTA-1","Pro-B_cell_CD34+","Pro-B_cell_CD34+"
"sam1_CTCCTCCCACGAGAAC-1","NK_cell","NK_cell"
"sam1_CTCCTCCCACTTCAGA-1","Epithelial_cells","Epithelial_cells"
"sam1_CTCCTCCTCACACCCT-1","Epithelial_cells","Epithelial_cells"
"sam1_CTCCTCCTCACCATGA-1","Macrophage","Macrophage"
"sam1_CTCCTCCTCATCGCCT-1","Epithelial_cells","Epithelial_cells"
"sam1_CTCCTCCTCATTCATC-1","Epithelial_cells","Epithelial_cells"
"sam1_CTCCTCCTCCCGTTCA-1","Embryonic_stem_cells","Embryonic_stem_cells"
"sam1_CTCCTCCTCCGTGTCT-1","Epithelial_cells","Epithelial_cells"
"sam1_CTCCTCCTCCTTGAAG-1","Epithelial_cells","Epithelial_cells"
"sam1_CTCCTCCTCTGCCTCA-1","T_cells","T_cells"
"sam1_CTCCTCCTCTGCTAGA-1","Fibroblasts","Fibroblasts"
"sam1_CTCCTTTAGACGCATG-1","NK_cell","NK_cell"
"sam1_CTCCTTTAGAGGTGCT-1","Epithelial_cells","Epithelial_cells"
"sam1_CTCCTTTCAACGGCCT-1","Neurons","Neurons"
"sam1_CTCCTTTCAATTCTCT-1","Neuroepithelial_cell","Neuroepithelial_cell"
"sam1_CTCCTTTCAATTGAGA-1","Platelets","Platelets"
"sam1_CTCCTTTCAATTGCCA-1","Macrophage","Unassigned"
"sam1_CTCCTTTCACTGGCCA-1","Epithelial_cells","Epithelial_cells"
"sam1_CTCCTTTCAGCCTATA-1","DC","DC"
"sam1_CTCCTTTGTATGACAA-1","Epithelial_cells","Epithelial_cells"
"sam1_CTCCTTTGTCGCTTAA-1","Epithelial_cells","Epithelial_cells"
"sam1_CTCCTTTGTGCCTACG-1","Epithelial_cells","Epithelial_cells"
"sam1_CTCCTTTTCCAAGCAT-1","Keratinocytes","Keratinocytes"
"sam1_CTCCTTTTCCACTAGA-1","Epithelial_cells","Epithelial_cells"
"sam1_CTCCTTTTCGATTTCT-1","Epithelial_cells","Epithelial_cells"
"sam1_CTCCTTTTCTCATTGT-1","Epithelial_cells","Epithelial_cells"
"sam1_CTCGAGGAGAAGATCT-1","DC","DC"
"sam1_CTCGAGGCAACTCATG-1","Epithelial_cells","Epithelial_cells"
"sam1_CTCGAGGCAATTCTTC-1","DC","DC"
"sam1_CTCGAGGCATGCCATA-1","Fibroblasts","Fibroblasts"
"sam1_CTCGAGGTCCGTAGTA-1","T_cells","T_cells"
"sam1_CTCGAGGTCGTGGCGT-1","Macrophage","Macrophage"
"sam1_CTCTCAGAGCACTGGA-1","Pre-B_cell_CD34-","Pre-B_cell_CD34-"
"sam1_CTCTCAGCAACAACAA-1","Epithelial_cells","Epithelial_cells"
"sam1_CTCTCAGGTCCAAGAG-1","Epithelial_cells","Epithelial_cells"
"sam1_CTCTCAGGTGATAGAT-1","Epithelial_cells","Epithelial_cells"
"sam1_CTCTCAGGTTCAAACC-1","Epithelial_cells","Epithelial_cells"
"sam1_CTCTCGAAGGCTTAGG-1","Chondrocytes","Chondrocytes"
"sam1_CTCTCGACACAGCTGC-1","BM","BM"
"sam1_CTCTCGACACCATTCC-1","Keratinocytes","Keratinocytes"
"sam1_CTCTCGACAGCACAGA-1","Macrophage","Macrophage"
"sam1_CTCTCGAGTACGTACT-1","Neutrophils","Neutrophils"
"sam1_CTCTCGAGTAGCTGCC-1","Fibroblasts","Fibroblasts"
"sam1_CTCTCGAGTATGTCAC-1","Macrophage","Macrophage"
"sam1_CTCTCGAGTCAACATC-1","Fibroblasts","Unassigned"
"sam1_CTCTCGATCAGCTTCC-1","NK_cell","NK_cell"
"sam1_CTCTCGATCCACTTTA-1","HSC_CD34+","HSC_CD34+"
"sam1_CTCTCGATCTCCTACG-1","Epithelial_cells","Epithelial_cells"
"sam1_CTCTGGTAGGCTGGAT-1","Macrophage","Macrophage"
"sam1_CTCTGGTCAAACTCTG-1","Chondrocytes","Chondrocytes"
"sam1_CTCTGGTCAGAGTGTG-1","GMP","GMP"
"sam1_CTCTGGTCATGTCGTA-1","Epithelial_cells","Epithelial_cells"
"sam1_CTCTGGTCATTAAGCC-1","NK_cell","NK_cell"
"sam1_CTCTGGTGTTCCTACC-1","BM","BM"
"sam1_CTCTGGTTCGTGCAGC-1","Keratinocytes","Keratinocytes"
"sam1_CTCTGGTTCTCATTGT-1","NK_cell","NK_cell"
"sam1_CTGAATGAGACTCGAG-1","Epithelial_cells","Epithelial_cells"
"sam1_CTGAATGAGGGATCTG-1","T_cells","T_cells"
"sam1_CTGAATGAGTTCTACG-1","Macrophage","Macrophage"
"sam1_CTGAATGCATGAGATA-1","Epithelial_cells","Epithelial_cells"
"sam1_CTGAATGGTAGTCACT-1","Epithelial_cells","Epithelial_cells"
"sam1_CTGAATGGTGGTACAG-1","Epithelial_cells","Epithelial_cells"
"sam1_CTGAATGTCATTGCTT-1","Keratinocytes","Keratinocytes"
"sam1_CTGAATGTCCCAAGCG-1","T_cells","T_cells"
"sam1_CTGAATGTCCTACGGG-1","Macrophage","Macrophage"
"sam1_CTGAATGTCCTTCTAA-1","T_cells","T_cells"
"sam1_CTGAGCGAGAGCAGCT-1","Macrophage","Macrophage"
"sam1_CTGAGCGAGCTTCGTA-1","Fibroblasts","Fibroblasts"
"sam1_CTGAGCGCAAGACAAT-1","Macrophage","Macrophage"
"sam1_CTGAGCGCAATCGCCG-1","Macrophage","Macrophage"
"sam1_CTGAGCGGTCACTTAG-1","Pre-B_cell_CD34-","Pre-B_cell_CD34-"
"sam1_CTGAGCGTCAATCAGC-1","Macrophage","Macrophage"
"sam1_CTGAGCGTCATTTACC-1","Macrophage","Macrophage"
"sam1_CTGAGCGTCTACTTCA-1","Macrophage","Macrophage"
"sam1_CTGAGGCCATGGCTAT-1","Macrophage","Unassigned"
"sam1_CTGAGGCGTCAAGCCC-1","Macrophage","Macrophage"
"sam1_CTGAGGCTCCGCTTAC-1","Macrophage","Macrophage"
"sam1_CTGAGGCTCTCCGATC-1","Fibroblasts","Fibroblasts"
"sam1_CTGAGGCTCTTTGCAT-1","Neurons","Neurons"
"sam1_CTGATCCAGATTAGAC-1","Pro-B_cell_CD34+","Pro-B_cell_CD34+"
"sam1_CTGATCCAGGTACTGG-1","NK_cell","NK_cell"
"sam1_CTGATCCAGTGGTGAC-1","Chondrocytes","Chondrocytes"
"sam1_CTGATCCCAACACACT-1","Macrophage","Macrophage"
"sam1_CTGATCCCAATACCCA-1","Keratinocytes","Keratinocytes"
"sam1_CTGATCCCACGCAGTC-1","CMP","CMP"
"sam1_CTGATCCCAGACTCTA-1","Epithelial_cells","Epithelial_cells"
"sam1_CTGATCCCAGTAGAGC-1","Macrophage","Macrophage"
"sam1_CTGATCCCAGTCAGTT-1","T_cells","T_cells"
"sam1_CTGATCCCAGTTGCGC-1","Epithelial_cells","Epithelial_cells"
"sam1_CTGATCCCATAGCACT-1","HSC_-G-CSF","HSC_-G-CSF"
"sam1_CTGATCCGTAGCCCTG-1","T_cells","T_cells"
"sam1_CTGATCCGTCGGTGAA-1","DC","DC"
"sam1_CTGATCCGTGCATACT-1","Fibroblasts","Fibroblasts"
"sam1_CTGATCCGTTCTTCAT-1","Macrophage","Macrophage"
"sam1_CTGATCCTCACCCTCA-1","Epithelial_cells","Epithelial_cells"
"sam1_CTGATCCTCTTGGAAC-1","Smooth_muscle_cells","Smooth_muscle_cells"
"sam1_CTGCAGGAGCTAATGA-1","Epithelial_cells","Epithelial_cells"
"sam1_CTGCAGGCATGAATCC-1","Fibroblasts","Fibroblasts"
"sam1_CTGCAGGGTAATACCC-1","T_cells","T_cells"
"sam1_CTGCAGGGTGGATCGA-1","Macrophage","Macrophage"
"sam1_CTGCAGGTCATGGCCG-1","Epithelial_cells","Epithelial_cells"
"sam1_CTGCAGGTCTAGGCAT-1","Epithelial_cells","Epithelial_cells"
"sam1_CTGCAGGTCTCTCTAA-1","Epithelial_cells","Epithelial_cells"
"sam1_CTGCATCAGACTACCT-1","Macrophage","Unassigned"
"sam1_CTGCATCAGCCTCTGG-1","Epithelial_cells","Epithelial_cells"
"sam1_CTGCATCCAGAGTGAC-1","Fibroblasts","Fibroblasts"
"sam1_CTGCATCCATTCGATG-1","B_cell","B_cell"
"sam1_CTGCATCGTCGGTACC-1","Chondrocytes","Chondrocytes"
"sam1_CTGCATCTCAAGCCCG-1","Chondrocytes","Chondrocytes"
"sam1_CTGCCATAGCCGTTAT-1","Fibroblasts","Fibroblasts"
"sam1_CTGCCATCAGCCGGTT-1","Macrophage","Macrophage"
"sam1_CTGCCATCAGGCTACC-1","Macrophage","Macrophage"
"sam1_CTGCCATGTACCGCGT-1","Fibroblasts","Fibroblasts"
"sam1_CTGCCATGTCACGCTG-1","Epithelial_cells","Epithelial_cells"
"sam1_CTGCCATGTGCATGTT-1","Macrophage","Macrophage"
"sam1_CTGCCATGTTGGGAAC-1","BM","BM"
"sam1_CTGCCATTCATCGCAA-1","DC","DC"
"sam1_CTGCCTAAGAAACTCA-1","Fibroblasts","Fibroblasts"
"sam1_CTGCCTAAGACGACTG-1","NK_cell","NK_cell"
"sam1_CTGCCTAAGATGTTCC-1","MSC","MSC"
"sam1_CTGCCTAAGATTAGCA-1","Fibroblasts","Fibroblasts"
"sam1_CTGCCTACAAGCTCTA-1","Epithelial_cells","Epithelial_cells"
"sam1_CTGCCTAGTACACGCC-1","T_cells","T_cells"
"sam1_CTGCCTAGTAGGCTGA-1","Smooth_muscle_cells","Smooth_muscle_cells"
"sam1_CTGCCTAGTCAAATCC-1","Embryonic_stem_cells","Embryonic_stem_cells"
"sam1_CTGCCTAGTGAGGCAT-1","Epithelial_cells","Epithelial_cells"
"sam1_CTGCCTATCAAGCTTG-1","Smooth_muscle_cells","Smooth_muscle_cells"
"sam1_CTGCCTATCGCCAATA-1","Macrophage","Macrophage"
"sam1_CTGCCTATCTTGGTCC-1","Fibroblasts","Fibroblasts"
"sam1_CTGCGAGAGACATCCT-1","Epithelial_cells","Epithelial_cells"
"sam1_CTGCGAGAGTGCTACT-1","GMP","GMP"
"sam1_CTGCGAGCACGTTCGG-1","NK_cell","NK_cell"
"sam1_CTGCGAGTCACATCAG-1","Fibroblasts","Fibroblasts"
"sam1_CTGCTCAAGCTACGTT-1","Gametocytes","Gametocytes"
"sam1_CTGCTCACACAGTCGC-1","HSC_-G-CSF","HSC_-G-CSF"
"sam1_CTGCTCACAGATTTCG-1","T_cells","T_cells"
"sam1_CTGCTCACATCCTTCG-1","Fibroblasts","Fibroblasts"
"sam1_CTGCTCAGTATAGGAT-1","Neutrophils","Neutrophils"
"sam1_CTGCTCAGTTAAGCAA-1","Pre-B_cell_CD34-","Pre-B_cell_CD34-"
"sam1_CTGCTCATCGCCTTGT-1","Pro-B_cell_CD34+","Pro-B_cell_CD34+"
"sam1_CTGCTCATCTAGGCCG-1","DC","DC"
"sam1_CTGGACGCACATCATG-1","Keratinocytes","Keratinocytes"
"sam1_CTGGACGCATTACGGT-1","NK_cell","NK_cell"
"sam1_CTGGACGGTACCAATC-1","Epithelial_cells","Epithelial_cells"
"sam1_CTGGACGGTCATTCCC-1","NK_cell","NK_cell"
"sam1_CTGGACGGTGGGAGAG-1","Epithelial_cells","Epithelial_cells"
"sam1_CTGGCAGCACACCTGG-1","Epithelial_cells","Epithelial_cells"
"sam1_CTGGCAGCACATACGT-1","DC","DC"
"sam1_CTGGCAGTCCCTAGGG-1","HSC_-G-CSF","HSC_-G-CSF"
"sam1_CTGGCAGTCCCTTTGG-1","Epithelial_cells","Epithelial_cells"
"sam1_CTGGTCTAGAGCAGTC-1","Fibroblasts","Fibroblasts"
"sam1_CTGGTCTGTACGCTAT-1","Fibroblasts","Fibroblasts"
"sam1_CTGGTCTGTCGATTCA-1","Macrophage","Macrophage"
"sam1_CTGGTCTGTGATTCTG-1","Epithelial_cells","Epithelial_cells"
"sam1_CTGGTCTGTTCCTACC-1","T_cells","T_cells"
"sam1_CTGGTCTTCCACCTGT-1","Epithelial_cells","Epithelial_cells"
"sam1_CTGGTCTTCTAATTCC-1","Fibroblasts","Fibroblasts"
"sam1_CTGGTCTTCTGAGTCA-1","Macrophage","Macrophage"
"sam1_CTGTACCCAATGGCCC-1","Smooth_muscle_cells","Smooth_muscle_cells"
"sam1_CTGTACCCAGAGTAAT-1","Keratinocytes","Keratinocytes"
"sam1_CTGTACCGTGAGATAT-1","DC","DC"
"sam1_CTGTACCGTGATATAG-1","Macrophage","Macrophage"
"sam1_CTGTACCGTTGGATCT-1","Pro-Myelocyte","Pro-Myelocyte"
"sam1_CTGTACCTCTCGTGGG-1","Epithelial_cells","Epithelial_cells"
"sam1_CTGTACCTCTTGATTC-1","T_cells","T_cells"
"sam1_CTGTACCTCTTTACAC-1","Fibroblasts","Fibroblasts"
"sam1_CTGTAGAAGAGCATAT-1","Macrophage","Macrophage"
"sam1_CTGTAGAAGCAAATCA-1","Epithelial_cells","Epithelial_cells"
"sam1_CTGTAGAAGGACAGCT-1","BM","BM"
"sam1_CTGTAGACAGGGTTGA-1","NK_cell","NK_cell"
"sam1_CTGTAGAGTCCCTGAG-1","Macrophage","Macrophage"
"sam1_CTGTAGATCAGTGTGT-1","Smooth_muscle_cells","Smooth_muscle_cells"
"sam1_CTGTAGATCGACCATA-1","Chondrocytes","Chondrocytes"
"sam1_CTGTATTAGATGCTAA-1","Neurons","Neurons"
"sam1_CTGTATTAGTAGCTCT-1","Macrophage","Macrophage"
"sam1_CTGTATTCACCGCTAG-1","Macrophage","Macrophage"
"sam1_CTGTATTCACGACGCT-1","Epithelial_cells","Epithelial_cells"
"sam1_CTGTATTGTCCGACGT-1","Epithelial_cells","Epithelial_cells"
"sam1_CTGTATTGTGATAGTA-1","Neutrophils","Neutrophils"
"sam1_CTGTATTTCCTAGAGT-1","Macrophage","Macrophage"
"sam1_CTGTATTTCTACCACC-1","Hepatocytes","Hepatocytes"
"sam1_CTGTATTTCTAGAACC-1","Monocyte","Monocyte"
"sam1_CTGTCGTCACGGAAGT-1","Smooth_muscle_cells","Smooth_muscle_cells"
"sam1_CTGTCGTCATTCTCCG-1","Hepatocytes","Hepatocytes"
"sam1_CTGTCGTGTTTACTGG-1","Neutrophils","Neutrophils"
"sam1_CTGTGAAAGTGTGTTC-1","Pre-B_cell_CD34-","Pre-B_cell_CD34-"
"sam1_CTGTGAACACGACGCT-1","Pro-B_cell_CD34+","Pro-B_cell_CD34+"
"sam1_CTGTGAAGTAGGACTG-1","Hepatocytes","Hepatocytes"
"sam1_CTGTGAAGTATGGGAC-1","Macrophage","Macrophage"
"sam1_CTGTGAAGTGTCTTCC-1","DC","DC"
"sam1_CTGTGAAGTTGACTAC-1","Epithelial_cells","Epithelial_cells"
"sam1_CTGTGAATCAAGGAGC-1","Smooth_muscle_cells","Smooth_muscle_cells"
"sam1_CTGTGGGAGGGCAAGG-1","Fibroblasts","Fibroblasts"
"sam1_CTGTGGGAGTGCACAG-1","Endothelial_cells","Endothelial_cells"
"sam1_CTGTGGGCACTCACTC-1","Epithelial_cells","Epithelial_cells"
"sam1_CTGTGGGTCTGCAGCG-1","Macrophage","Macrophage"
"sam1_CTTACCGAGGAGGCAG-1","Fibroblasts","Fibroblasts"
"sam1_CTTACCGAGGGCCAAT-1","NK_cell","NK_cell"
"sam1_CTTACCGAGGGTACAC-1","Epithelial_cells","Epithelial_cells"
"sam1_CTTACCGAGTCCCGGT-1","Smooth_muscle_cells","Smooth_muscle_cells"
"sam1_CTTACCGAGTGGAAAG-1","Fibroblasts","Fibroblasts"
"sam1_CTTACCGCAACACACT-1","Epithelial_cells","Epithelial_cells"
"sam1_CTTACCGCACCTCGTT-1","Chondrocytes","Chondrocytes"
"sam1_CTTACCGCAGCTATAC-1","Neurons","Neurons"
"sam1_CTTACCGTCCATTCGC-1","Epithelial_cells","Epithelial_cells"
"sam1_CTTAGGAAGAGAGTGA-1","Hepatocytes","Hepatocytes"
"sam1_CTTAGGAAGTTAGAAC-1","Macrophage","Macrophage"
"sam1_CTTAGGACACTAAACC-1","Epithelial_cells","Epithelial_cells"
"sam1_CTTAGGACACTAGTAC-1","Fibroblasts","Fibroblasts"
"sam1_CTTAGGATCAAACTGC-1","Fibroblasts","Fibroblasts"
"sam1_CTTAGGATCCTTTAGT-1","Macrophage","Macrophage"
"sam1_CTTCAATCACTGGATT-1","Macrophage","Macrophage"
"sam1_CTTCAATCATACGCAT-1","Smooth_muscle_cells","Smooth_muscle_cells"
"sam1_CTTCAATTCACTGGGC-1","Epithelial_cells","Epithelial_cells"
"sam1_CTTCAATTCTTGCAAG-1","Epithelial_cells","Epithelial_cells"
"sam1_CTTCCGACATTCACCC-1","Macrophage","Macrophage"
"sam1_CTTCCGAGTACATTGC-1","Keratinocytes","Keratinocytes"
"sam1_CTTCCGAGTGTTCAGT-1","T_cells","T_cells"
"sam1_CTTCCGATCCATCGTC-1","NK_cell","NK_cell"
"sam1_CTTCCGATCCCTCAAC-1","Astrocyte","Astrocyte"
"sam1_CTTCCTTAGACCTCAT-1","Epithelial_cells","Epithelial_cells"
"sam1_CTTCCTTAGAGGCCAT-1","Macrophage","Macrophage"
"sam1_CTTCCTTAGTAGGCCA-1","GMP","GMP"
"sam1_CTTCCTTCAGTAACAA-1","BM","BM"
"sam1_CTTCCTTGTACAGAAT-1","DC","DC"
"sam1_CTTCCTTGTACAGTTC-1","Epithelial_cells","Epithelial_cells"
"sam1_CTTCCTTGTCTCAGAT-1","Pro-B_cell_CD34+","Pro-B_cell_CD34+"
"sam1_CTTCCTTGTGTTTGCA-1","Epithelial_cells","Epithelial_cells"
"sam1_CTTCCTTGTTCGTACA-1","Astrocyte","Astrocyte"
"sam1_CTTCCTTTCCCAAGCG-1","Epithelial_cells","Epithelial_cells"
"sam1_CTTCCTTTCGGACCAC-1","DC","DC"
"sam1_CTTCGGTGTGATTAGA-1","iPS_cells","iPS_cells"
"sam1_CTTCGGTTCGGAAGGT-1","Epithelial_cells","Epithelial_cells"
"sam1_CTTCTAAAGAGTTGCG-1","Epithelial_cells","Epithelial_cells"
"sam1_CTTCTAAAGGATTACA-1","CMP","CMP"
"sam1_CTTCTAACACGGCTAC-1","Epithelial_cells","Epithelial_cells"
"sam1_CTTCTAACAGATAAAC-1","BM","BM"
"sam1_CTTCTAACATCACGGC-1","Epithelial_cells","Epithelial_cells"
"sam1_CTTCTAACATGAGATA-1","Macrophage","Macrophage"
"sam1_CTTCTAATCGACATTG-1","GMP","GMP"
"sam1_CTTCTCTAGACCATAA-1","Epithelial_cells","Epithelial_cells"
"sam1_CTTCTCTAGGCCACTC-1","Keratinocytes","Keratinocytes"
"sam1_CTTCTCTCAACCCGCA-1","Keratinocytes","Keratinocytes"
"sam1_CTTCTCTCACCGGTCA-1","Smooth_muscle_cells","Unassigned"
"sam1_CTTCTCTCAGCAGACA-1","Pre-B_cell_CD34-","Pre-B_cell_CD34-"
"sam1_CTTCTCTGTCTCTCAC-1","Hepatocytes","Hepatocytes"
"sam1_CTTCTCTGTGGCTCTG-1","DC","DC"
"sam1_CTTCTCTTCACTGCTC-1","Macrophage","Macrophage"
"sam1_CTTCTCTTCCTACTGC-1","B_cell","B_cell"
"sam1_CTTCTCTTCGCTCATC-1","DC","DC"
"sam1_CTTGAGAAGAATCCCT-1","Macrophage","Macrophage"
"sam1_CTTGAGACAAGTACCT-1","Macrophage","Macrophage"
"sam1_CTTGAGACAATCGTCA-1","Macrophage","Macrophage"
"sam1_CTTGAGACACACAGAG-1","Epithelial_cells","Epithelial_cells"
"sam1_CTTGAGACAGATACCT-1","Fibroblasts","Unassigned"
"sam1_CTTGAGAGTTCTCCCA-1","Epithelial_cells","Epithelial_cells"
"sam1_CTTGAGATCATAGAGA-1","Epithelial_cells","Epithelial_cells"
"sam1_CTTGATTCAACCGGAA-1","Macrophage","Macrophage"
"sam1_CTTGATTCAGATAAAC-1","Macrophage","Macrophage"
"sam1_CTTGATTCATTCACCC-1","Chondrocytes","Chondrocytes"
"sam1_CTTGATTGTATCTCTT-1","T_cells","T_cells"
"sam1_CTTGATTGTGGACAGT-1","T_cells","T_cells"
"sam1_CTTGATTTCACAGAGG-1","T_cells","T_cells"
"sam1_CTTGATTTCGCCAGTG-1","Smooth_muscle_cells","Smooth_muscle_cells"
"sam1_CTTGATTTCTTCCAGC-1","Myelocyte","Myelocyte"
"sam1_CTTTCAAAGATCGACG-1","B_cell","B_cell"
"sam1_CTTTCAAAGTCGGCAA-1","Macrophage","Unassigned"
"sam1_CTTTCAACAACGACTT-1","T_cells","T_cells"
"sam1_CTTTCAACAGCGAACA-1","Keratinocytes","Keratinocytes"
"sam1_CTTTCAACATACAGAA-1","Macrophage","Macrophage"
"sam1_CTTTCAAGTACACGTT-1","BM & Prog.","BM & Prog."
"sam1_CTTTCAATCTCAACCC-1","Fibroblasts","Fibroblasts"
"sam1_CTTTCAATCTGCAGCG-1","Epithelial_cells","Epithelial_cells"
"sam1_CTTTCAATCTTTCCGG-1","DC","DC"
"sam1_CTTTCGGGTAATGCGG-1","NK_cell","NK_cell"
"sam1_CTTTCGGGTAGGGTAC-1","NK_cell","NK_cell"
"sam1_CTTTCGGGTCACTCGG-1","Macrophage","Macrophage"
"sam1_CTTTCGGGTCCCGGTA-1","Macrophage","Macrophage"
"sam1_CTTTCGGGTCGGAAAC-1","Smooth_muscle_cells","Smooth_muscle_cells"
"sam1_CTTTCGGTCTAGGAAA-1","Smooth_muscle_cells","Smooth_muscle_cells"
"sam1_GAAACCTAGCCTCAAT-1","Epithelial_cells","Epithelial_cells"
"sam1_GAAACCTAGTTCACTG-1","Keratinocytes","Keratinocytes"
"sam1_GAAACCTCAATAGTCC-1","HSC_CD34+","HSC_CD34+"
"sam1_GAAACCTCACTGGACC-1","Pro-B_cell_CD34+","Pro-B_cell_CD34+"
"sam1_GAAACCTCAGAGATTA-1","Fibroblasts","Fibroblasts"
"sam1_GAAACCTCATGCACTA-1","Fibroblasts","Fibroblasts"
"sam1_GAAACCTGTGTCGATT-1","Epithelial_cells","Epithelial_cells"
"sam1_GAAACCTTCCACTTTA-1","Epithelial_cells","Epithelial_cells"
"sam1_GAAACCTTCCGCTAGG-1","Pre-B_cell_CD34-","Pre-B_cell_CD34-"
"sam1_GAAACCTTCGCATTGA-1","Smooth_muscle_cells","Smooth_muscle_cells"
"sam1_GAAACCTTCTTCACGC-1","Macrophage","Unassigned"
"sam1_GAAATGAAGCCTCCAG-1","Fibroblasts","Fibroblasts"
"sam1_GAAATGAAGTCCCTAA-1","Pre-B_cell_CD34-","Pre-B_cell_CD34-"
"sam1_GAAATGACAAGCGAAC-1","Fibroblasts","Fibroblasts"
"sam1_GAAATGACATCAGCGC-1","iPS_cells","iPS_cells"
"sam1_GAAATGAGTCTGTGCG-1","Macrophage","Macrophage"
"sam1_GAAATGAGTTCAAGTC-1","Monocyte","Monocyte"
"sam1_GAACACTAGCAACTCT-1","HSC_CD34+","HSC_CD34+"
"sam1_GAACACTAGGACCCAA-1","Epithelial_cells","Epithelial_cells"
"sam1_GAACACTCAGACACCC-1","Fibroblasts","Fibroblasts"
"sam1_GAACACTCATACACCA-1","Epithelial_cells","Epithelial_cells"
"sam1_GAACACTGTCCATAGT-1","Chondrocytes","Chondrocytes"
"sam1_GAACACTGTGGCTCTG-1","Epithelial_cells","Epithelial_cells"
"sam1_GAACACTTCTTGCAAG-1","Smooth_muscle_cells","Smooth_muscle_cells"
"sam1_GAACGTTAGACTCGAG-1","Chondrocytes","Chondrocytes"
"sam1_GAACGTTAGTCACGCC-1","Epithelial_cells","Epithelial_cells"
"sam1_GAACGTTCAGAAACCG-1","Pre-B_cell_CD34-","Pre-B_cell_CD34-"
"sam1_GAACGTTTCAAAGACA-1","T_cells","T_cells"
"sam1_GAACGTTTCGGCTTGG-1","DC","DC"
"sam1_GAACGTTTCTTGGAAC-1","Macrophage","Macrophage"
"sam1_GAACTGTAGCACACAG-1","Epithelial_cells","Epithelial_cells"
"sam1_GAACTGTCAAATCGTC-1","Pro-B_cell_CD34+","Pro-B_cell_CD34+"
"sam1_GAACTGTCAACCAACT-1","Epithelial_cells","Epithelial_cells"
"sam1_GAACTGTCACTGAGGA-1","T_cells","T_cells"
"sam1_GAACTGTTCAGCGTCG-1","Fibroblasts","Fibroblasts"
"sam1_GAACTGTTCCCGTAAA-1","Epithelial_cells","Epithelial_cells"
"sam1_GAACTGTTCCGATCGG-1","Fibroblasts","Fibroblasts"
"sam1_GAACTGTTCGGCATCG-1","GMP","GMP"
"sam1_GAACTGTTCTAGTACG-1","DC","DC"
"sam1_GAAGAATCAGAGATGC-1","Monocyte","Monocyte"
"sam1_GAAGAATCATCCGTTC-1","Fibroblasts","Fibroblasts"
"sam1_GAAGAATGTAGCGTAG-1","T_cells","T_cells"
"sam1_GAAGCCCAGGTTGGTG-1","Fibroblasts","Fibroblasts"
"sam1_GAAGCCCCAAGCCCAC-1","Epithelial_cells","Epithelial_cells"
"sam1_GAAGCCCCAGCCGTCA-1","Epithelial_cells","Epithelial_cells"
"sam1_GAAGCCCTCGATCCCT-1","Neutrophils","Neutrophils"
"sam1_GAAGCGACACCTGAAT-1","Fibroblasts","Fibroblasts"
"sam1_GAAGCGAGTATGCAAA-1","Myelocyte","Myelocyte"
"sam1_GAAGCGAGTCCAAGAG-1","T_cells","T_cells"
"sam1_GAAGCGATCATAGACC-1","NK_cell","NK_cell"
"sam1_GAAGGACCAACATACC-1","Neutrophils","Neutrophils"
"sam1_GAAGGACCACGCAGTC-1","Keratinocytes","Keratinocytes"
"sam1_GAAGGACCAGATCATC-1","Epithelial_cells","Epithelial_cells"
"sam1_GAAGGACGTGCCAAGA-1","Macrophage","Unassigned"
"sam1_GAAGGGTAGATGCTGG-1","Chondrocytes","Chondrocytes"
"sam1_GAAGGGTCAGCGTGAA-1","Fibroblasts","Fibroblasts"
"sam1_GAAGGGTCAGTTGTTG-1","T_cells","T_cells"
"sam1_GAAGTAAGTATCCCAA-1","BM","BM"
"sam1_GAAGTAAGTTAGGCCC-1","Epithelial_cells","Epithelial_cells"
"sam1_GAAGTAATCCAATCCC-1","Pre-B_cell_CD34-","Pre-B_cell_CD34-"
"sam1_GAATAGAAGAATCTAG-1","Macrophage","Unassigned"
"sam1_GAATAGAAGACCAAGC-1","Macrophage","Unassigned"
"sam1_GAATAGAAGATGCTAA-1","Fibroblasts","Fibroblasts"
"sam1_GAATAGACAAACTCGT-1","Macrophage","Macrophage"
"sam1_GAATAGACAGGGAATC-1","Chondrocytes","Chondrocytes"
"sam1_GAATAGAGTTAGAAGT-1","Macrophage","Macrophage"
"sam1_GAATCACAGACTCCGC-1","T_cells","T_cells"
"sam1_GAATCACCAGAGACTG-1","Macrophage","Macrophage"
"sam1_GAATCACGTCGTCGGT-1","Epithelial_cells","Epithelial_cells"
"sam1_GAATCACGTGCCGGTT-1","Keratinocytes","Keratinocytes"
"sam1_GAATCACTCAAGGCTT-1","Smooth_muscle_cells","Smooth_muscle_cells"
"sam1_GAATCACTCAGACTGT-1","Epithelial_cells","Epithelial_cells"
"sam1_GAATCACTCAGGAAGC-1","NK_cell","NK_cell"
"sam1_GAATCACTCCTCTAGC-1","CMP","CMP"
"sam1_GAATCACTCTCGTGAA-1","Epithelial_cells","Epithelial_cells"
"sam1_GAATCGTAGAATAGTC-1","DC","DC"
"sam1_GAATCGTAGGTACCTT-1","Fibroblasts","Fibroblasts"
"sam1_GAATCGTAGTTGCCCG-1","Epithelial_cells","Epithelial_cells"
"sam1_GAATCGTTCCACACAA-1","NK_cell","NK_cell"
"sam1_GACACGCCACAGCCTG-1","Fibroblasts","Fibroblasts"
"sam1_GACACGCCACCTGATA-1","BM","BM"
"sam1_GACACGCCATTCGGGC-1","Epithelial_cells","Epithelial_cells"
"sam1_GACACGCGTGTCCACG-1","T_cells","T_cells"
"sam1_GACACGCGTTGGCCTG-1","NK_cell","NK_cell"
"sam1_GACAGCCAGCTAGATA-1","Macrophage","Macrophage"
"sam1_GACAGCCAGGCACCAA-1","Smooth_muscle_cells","Unassigned"
"sam1_GACAGCCAGGCATCGA-1","Fibroblasts","Fibroblasts"
"sam1_GACAGCCCAACAGTGG-1","Epithelial_cells","Epithelial_cells"
"sam1_GACAGCCGTACCCGCA-1","Epithelial_cells","Epithelial_cells"
"sam1_GACAGCCGTAGCGATG-1","HSC_CD34+","HSC_CD34+"
"sam1_GACAGCCGTCCGGTCA-1","Macrophage","Macrophage"
"sam1_GACAGCCTCAGTCACA-1","Epithelial_cells","Epithelial_cells"
"sam1_GACAGCCTCGACCCAG-1","Tissue_stem_cells","Tissue_stem_cells"
"sam1_GACAGCCTCGTAATGC-1","Keratinocytes","Keratinocytes"
"sam1_GACATCACAGGGACTA-1","Smooth_muscle_cells","Smooth_muscle_cells"
"sam1_GACATCAGTGCATGTT-1","Keratinocytes","Keratinocytes"
"sam1_GACATCAGTTTACCAG-1","NK_cell","NK_cell"
"sam1_GACATCATCTGGAGAG-1","T_cells","T_cells"
"sam1_GACCAATCATACACCA-1","Pro-Myelocyte","Pro-Myelocyte"
"sam1_GACCAATGTATTGACC-1","DC","DC"
"sam1_GACCAATGTCTACATG-1","Epithelial_cells","Epithelial_cells"
"sam1_GACCAATGTTCCAGGC-1","Macrophage","Macrophage"
"sam1_GACCAATGTTCCATTT-1","Epithelial_cells","Epithelial_cells"
"sam1_GACCAATTCATTCATC-1","Macrophage","Unassigned"
"sam1_GACCAATTCCGAGTGC-1","T_cells","T_cells"
"sam1_GACCCAGCAATCTCGA-1","Keratinocytes","Keratinocytes"
"sam1_GACCCAGCACCACATA-1","Fibroblasts","Fibroblasts"
"sam1_GACCCAGCAGGATCTT-1","Chondrocytes","Chondrocytes"
"sam1_GACCCAGCATTCACCC-1","Macrophage","Macrophage"
"sam1_GACCCAGTCAAGAATG-1","HSC_CD34+","HSC_CD34+"
"sam1_GACCCAGTCCACACAA-1","Epithelial_cells","Epithelial_cells"
"sam1_GACCCTTAGATTGATG-1","HSC_-G-CSF","HSC_-G-CSF"
"sam1_GACCCTTAGGTTCTTG-1","HSC_-G-CSF","HSC_-G-CSF"
"sam1_GACCCTTAGTATGAAC-1","Macrophage","Macrophage"
"sam1_GACCCTTGTTAATCGC-1","Macrophage","Macrophage"
"sam1_GACCCTTTCAAGCCCG-1","T_cells","T_cells"
"sam1_GACCCTTTCACTGGTA-1","GMP","GMP"
"sam1_GACCCTTTCATCCCGT-1","Hepatocytes","Hepatocytes"
"sam1_GACCCTTTCATTCGGA-1","Macrophage","Macrophage"
"sam1_GACCCTTTCGCCAGAC-1","Smooth_muscle_cells","Smooth_muscle_cells"
"sam1_GACCGTGCACACAGCC-1","Pro-B_cell_CD34+","Pro-B_cell_CD34+"
"sam1_GACCGTGCACGAAGAC-1","Keratinocytes","Keratinocytes"
"sam1_GACCGTGCACGCCAGT-1","Macrophage","Unassigned"
"sam1_GACCGTGGTGGTCTAT-1","Neurons","Neurons"
"sam1_GACCTTCAGAGCATAT-1","Fibroblasts","Unassigned"
"sam1_GACCTTCAGCCTGCCA-1","Epithelial_cells","Epithelial_cells"
"sam1_GACCTTCAGTGTTCAC-1","Macrophage","Macrophage"
"sam1_GACCTTCCAGGAAGTC-1","NK_cell","NK_cell"
"sam1_GACCTTCGTCGTGTTA-1","T_cells","T_cells"
"sam1_GACCTTCTCCAACTAG-1","Fibroblasts","Fibroblasts"
"sam1_GACGCTGAGCACTCCG-1","NK_cell","NK_cell"
"sam1_GACGCTGCAAACGGCA-1","Macrophage","Unassigned"
"sam1_GACGCTGGTCTCAAGT-1","Pro-B_cell_CD34+","Pro-B_cell_CD34+"
"sam1_GACGCTGGTCTTGAGT-1","Macrophage","Macrophage"
"sam1_GACGTTAAGCGACAGT-1","Chondrocytes","Chondrocytes"
"sam1_GACGTTAAGGCTTTCA-1","T_cells","T_cells"
"sam1_GACGTTACACCCAATA-1","MSC","MSC"
"sam1_GACGTTACATTCTTCA-1","Epithelial_cells","Epithelial_cells"
"sam1_GACGTTAGTACAGAGC-1","Chondrocytes","Chondrocytes"
"sam1_GACGTTAGTACCATAC-1","NK_cell","NK_cell"
"sam1_GACGTTAGTCTAGATC-1","Macrophage","Macrophage"
"sam1_GACGTTAGTCTCCCTA-1","Fibroblasts","Fibroblasts"
"sam1_GACGTTATCAAACGAA-1","Pro-B_cell_CD34+","Pro-B_cell_CD34+"
"sam1_GACGTTATCCGCCTAT-1","NK_cell","NK_cell"
"sam1_GACTATGAGCTCGTGC-1","T_cells","T_cells"
"sam1_GACTATGAGTGAACAT-1","Epithelial_cells","Epithelial_cells"
"sam1_GACTATGCATCGAACT-1","Epithelial_cells","Epithelial_cells"
"sam1_GACTATGGTAACACCT-1","Myelocyte","Myelocyte"
"sam1_GACTATGTCCAACACA-1","Fibroblasts","Fibroblasts"
"sam1_GACTATGTCCCATAGA-1","Macrophage","Macrophage"
"sam1_GACTCAAAGACCATTC-1","Macrophage","Unassigned"
"sam1_GACTCAAAGATTAGCA-1","Smooth_muscle_cells","Smooth_muscle_cells"
"sam1_GACTCAACAAGGTACG-1","Pre-B_cell_CD34-","Pre-B_cell_CD34-"
"sam1_GACTCAACAATTGCCA-1","HSC_CD34+","HSC_CD34+"
"sam1_GACTCAACACCATATG-1","HSC_CD34+","HSC_CD34+"
"sam1_GACTCAACACGACGTC-1","Macrophage","Macrophage"
"sam1_GACTCAACAGCACCCA-1","Epithelial_cells","Epithelial_cells"
"sam1_GACTCAACAGGTCAAG-1","Pre-B_cell_CD34-","Pre-B_cell_CD34-"
"sam1_GACTCAACATCAACCA-1","Epithelial_cells","Epithelial_cells"
"sam1_GACTCAAGTCACAGAG-1","Smooth_muscle_cells","Smooth_muscle_cells"
"sam1_GACTCAAGTCTCCCTA-1","Smooth_muscle_cells","Smooth_muscle_cells"
"sam1_GACTCAATCACTGGTA-1","Epithelial_cells","Epithelial_cells"
"sam1_GACTCAATCATACGGT-1","Smooth_muscle_cells","Smooth_muscle_cells"
"sam1_GACTCAATCCCGTGTT-1","Epithelial_cells","Epithelial_cells"
"sam1_GACTCAATCTATTTCG-1","T_cells","T_cells"
"sam1_GACTCTCAGCACCAGA-1","Macrophage","Macrophage"
"sam1_GACTCTCAGGACAAGA-1","T_cells","T_cells"
"sam1_GACTCTCAGGGTTAGC-1","Epithelial_cells","Epithelial_cells"
"sam1_GACTCTCAGTAGTCAA-1","Fibroblasts","Fibroblasts"
"sam1_GACTCTCCAACGTTAC-1","Macrophage","Unassigned"
"sam1_GACTCTCCAAGATCCT-1","Smooth_muscle_cells","Smooth_muscle_cells"
"sam1_GACTCTCCACGACTAT-1","Epithelial_cells","Epithelial_cells"
"sam1_GACTCTCCATCAACCA-1","Macrophage","Macrophage"
"sam1_GACTCTCGTGGCTCTG-1","Keratinocytes","Keratinocytes"
"sam1_GACTCTCGTGGTTTGT-1","Pre-B_cell_CD34-","Pre-B_cell_CD34-"
"sam1_GACTCTCTCTACTGCC-1","Macrophage","Macrophage"
"sam1_GACTGATAGCCTCATA-1","Epithelial_cells","Epithelial_cells"
"sam1_GACTGATCAACAGTGG-1","Fibroblasts","Fibroblasts"
"sam1_GACTGATCACTGAGGA-1","BM","BM"
"sam1_GACTGATCAGACACCC-1","Hepatocytes","Hepatocytes"
"sam1_GACTGATGTAATACCC-1","Macrophage","Macrophage"
"sam1_GACTGATTCTCCACTG-1","Chondrocytes","Chondrocytes"
"sam1_GACTTCCAGACGGTTG-1","Epithelial_cells","Epithelial_cells"
"sam1_GACTTCCAGCTGTTCA-1","Epithelial_cells","Epithelial_cells"
"sam1_GACTTCCCATTGGATC-1","Keratinocytes","Keratinocytes"
"sam1_GACTTCCTCACCCTTG-1","Macrophage","Unassigned"
"sam1_GACTTCCTCATTTGGG-1","Epithelial_cells","Epithelial_cells"
"sam1_GACTTCCTCCCTCGAT-1","Epithelial_cells","Epithelial_cells"
"sam1_GACTTCCTCTACTATC-1","Macrophage","Macrophage"
"sam1_GAGAAATGTGATTGGG-1","Pre-B_cell_CD34-","Pre-B_cell_CD34-"
"sam1_GAGACCCAGTGCGTCC-1","HSC_CD34+","HSC_CD34+"
"sam1_GAGACCCCACTCCGAG-1","Epithelial_cells","Epithelial_cells"
"sam1_GAGACCCCAGGACTAG-1","Keratinocytes","Keratinocytes"
"sam1_GAGACCCCAGTCGGAA-1","NK_cell","NK_cell"
"sam1_GAGACCCGTAAGATAC-1","Keratinocytes","Keratinocytes"
"sam1_GAGACCCGTATCGCTA-1","DC","DC"
"sam1_GAGACCCGTCAACATC-1","Epithelial_cells","Epithelial_cells"
"sam1_GAGACTTAGCTGAAGC-1","Macrophage","Unassigned"
"sam1_GAGACTTCAGCGCTTG-1","B_cell","B_cell"
"sam1_GAGACTTGTCACCACG-1","Macrophage","Macrophage"
"sam1_GAGACTTGTCCGATCG-1","Fibroblasts","Fibroblasts"
"sam1_GAGACTTTCGGTCAGC-1","Smooth_muscle_cells","Smooth_muscle_cells"
"sam1_GAGAGGTAGTTGTACC-1","Epithelial_cells","Epithelial_cells"
"sam1_GAGAGGTCACACTTAG-1","NK_cell","NK_cell"
"sam1_GAGAGGTGTCCCTAAA-1","T_cells","T_cells"
"sam1_GAGAGGTGTGTCACAT-1","Chondrocytes","Chondrocytes"
"sam1_GAGAGGTTCCTTCTTC-1","Macrophage","Macrophage"
"sam1_GAGAGGTTCTGAGGTT-1","Chondrocytes","Chondrocytes"
"sam1_GAGATGGAGGGAGTGG-1","T_cells","T_cells"
"sam1_GAGATGGAGTAGTCCT-1","Keratinocytes","Keratinocytes"
"sam1_GAGATGGGTACCTAAC-1","Macrophage","Macrophage"
"sam1_GAGATGGGTGTTCGAT-1","DC","DC"
"sam1_GAGATGGTCAGATTGC-1","Smooth_muscle_cells","Smooth_muscle_cells"
"sam1_GAGCCTGAGGTTCCAT-1","Smooth_muscle_cells","Smooth_muscle_cells"
"sam1_GAGCCTGAGTAAGGGA-1","Macrophage","Macrophage"
"sam1_GAGCCTGCACGGTAGA-1","Pre-B_cell_CD34-","Pre-B_cell_CD34-"
"sam1_GAGCCTGCAGCTGTGC-1","Pre-B_cell_CD34-","Pre-B_cell_CD34-"
"sam1_GAGCCTGGTTATGGTC-1","Epithelial_cells","Epithelial_cells"
"sam1_GAGCTGCAGCGTGTCC-1","Macrophage","Macrophage"
"sam1_GAGCTGCAGCTGAGCA-1","T_cells","T_cells"
"sam1_GAGCTGCAGTGCAGGT-1","BM","BM"
"sam1_GAGCTGCCAAGGTACG-1","Macrophage","Macrophage"
"sam1_GAGCTGCCACGCCAGT-1","Epithelial_cells","Epithelial_cells"
"sam1_GAGCTGCCACGCGGTT-1","Fibroblasts","Fibroblasts"
"sam1_GAGCTGCGTAGCTTTG-1","Smooth_muscle_cells","Smooth_muscle_cells"
"sam1_GAGGCAAAGGGTTTCT-1","Fibroblasts","Fibroblasts"
"sam1_GAGGCAAAGTTGAAAC-1","Fibroblasts","Fibroblasts"
"sam1_GAGGCAATCCTAGCGG-1","Epithelial_cells","Epithelial_cells"
"sam1_GAGGCCTAGTGGTTGG-1","Epithelial_cells","Epithelial_cells"
"sam1_GAGGCCTCAAGACAAT-1","Epithelial_cells","Epithelial_cells"
"sam1_GAGGCCTGTCACTGAT-1","Epithelial_cells","Epithelial_cells"
"sam1_GAGGCCTGTTCTTAGG-1","Epithelial_cells","Epithelial_cells"
"sam1_GAGGCCTTCGTCGCTT-1","Epithelial_cells","Epithelial_cells"
"sam1_GAGGCCTTCTTCCTAA-1","Epithelial_cells","Epithelial_cells"
"sam1_GAGGGATAGCTCGCAC-1","BM","BM"
"sam1_GAGGGATCACGCTGCA-1","B_cell","B_cell"
"sam1_GAGGGATCAGATACCT-1","Epithelial_cells","Epithelial_cells"
"sam1_GAGGGATCAGCTATTG-1","Smooth_muscle_cells","Smooth_muscle_cells"
"sam1_GAGGGATCATCCGTTC-1","Chondrocytes","Chondrocytes"
"sam1_GAGGGTAAGATGGGCT-1","Epithelial_cells","Epithelial_cells"
"sam1_GAGGGTAAGGGTCTTT-1","Neurons","Neurons"
"sam1_GAGGGTACATGATGCT-1","Macrophage","Macrophage"
"sam1_GAGGGTAGTGTTCCAA-1","Macrophage","Macrophage"
"sam1_GAGGGTAGTTCTCGCT-1","Fibroblasts","Fibroblasts"
"sam1_GAGGGTATCAGGAACG-1","Hepatocytes","Hepatocytes"
"sam1_GAGGGTATCTGGACTA-1","T_cells","T_cells"
"sam1_GAGTCATAGAGAGTTT-1","T_cells","T_cells"
"sam1_GAGTCATAGCGACTTT-1","Epithelial_cells","Epithelial_cells"
"sam1_GAGTCATCACTCCCTA-1","Neurons","Neurons"
"sam1_GAGTCATTCTCGGTCT-1","DC","DC"
"sam1_GAGTCTACAGCCGTCA-1","Smooth_muscle_cells","Smooth_muscle_cells"
"sam1_GAGTCTACATGCCGCA-1","Smooth_muscle_cells","Smooth_muscle_cells"
"sam1_GAGTCTAGTGCTGCAC-1","NK_cell","NK_cell"
"sam1_GAGTCTATCTAGCAAC-1","Neutrophils","Neutrophils"
"sam1_GAGTGAGCAACACACT-1","T_cells","T_cells"
"sam1_GAGTGAGCACAGCTTA-1","Epithelial_cells","Epithelial_cells"
"sam1_GAGTGAGCATCACAGT-1","B_cell","B_cell"
"sam1_GAGTGAGGTACCATAC-1","T_cells","T_cells"
"sam1_GAGTGAGGTCCTGGTG-1","Macrophage","Macrophage"
"sam1_GAGTGAGGTGCCGGTT-1","DC","DC"
"sam1_GAGTGAGGTTTGAAAG-1","Epithelial_cells","Epithelial_cells"
"sam1_GAGTGAGTCACAAGGG-1","DC","DC"
"sam1_GAGTGAGTCGGTAGAG-1","Macrophage","Macrophage"
"sam1_GAGTGTTCAAATACAG-1","Smooth_muscle_cells","Smooth_muscle_cells"
"sam1_GAGTGTTCAAGTGATA-1","Chondrocytes","Chondrocytes"
"sam1_GAGTGTTGTATGAAAC-1","Epithelial_cells","Epithelial_cells"
"sam1_GAGTGTTGTTAGAGAT-1","T_cells","T_cells"
"sam1_GAGTGTTTCATCGCCT-1","DC","DC"
"sam1_GAGTTACCAGCAGGAT-1","Macrophage","Macrophage"
"sam1_GAGTTACCAGTCACGC-1","Epithelial_cells","Epithelial_cells"
"sam1_GAGTTACGTAGTGGCA-1","Smooth_muscle_cells","Smooth_muscle_cells"
"sam1_GAGTTACTCCATCTAT-1","Macrophage","Unassigned"
"sam1_GAGTTACTCCTTACCG-1","T_cells","T_cells"
"sam1_GAGTTACTCGCCCAGA-1","Smooth_muscle_cells","Smooth_muscle_cells"
"sam1_GAGTTACTCTAATTCC-1","Neutrophils","Neutrophils"
"sam1_GAGTTGTAGCACCCAC-1","Macrophage","Macrophage"
"sam1_GAGTTGTAGCTGGAGT-1","iPS_cells","iPS_cells"
"sam1_GAGTTGTAGGACGCTA-1","Keratinocytes","Keratinocytes"
"sam1_GAGTTGTAGTATGACA-1","Macrophage","Macrophage"
"sam1_GAGTTGTCAACTCCAA-1","Epithelial_cells","Epithelial_cells"
"sam1_GAGTTGTTCAGGACGA-1","NK_cell","NK_cell"
"sam1_GAGTTTGAGCAAGCCA-1","Epithelial_cells","Epithelial_cells"
"sam1_GAGTTTGCACAAAGTA-1","Hepatocytes","Hepatocytes"
"sam1_GAGTTTGCACAAGTGG-1","Chondrocytes","Unassigned"
"sam1_GAGTTTGCAGTTACCA-1","Macrophage","Macrophage"
"sam1_GAGTTTGGTAGCTCGC-1","Epithelial_cells","Epithelial_cells"
"sam1_GAGTTTGTCACCATAG-1","Macrophage","Macrophage"
"sam1_GAGTTTGTCATTATCC-1","Macrophage","Macrophage"
"sam1_GATAGAAAGGTTCCAT-1","Epithelial_cells","Epithelial_cells"
"sam1_GATAGAAAGTGACACG-1","Macrophage","Macrophage"
"sam1_GATAGAATCCACCTGT-1","HSC_-G-CSF","HSC_-G-CSF"
"sam1_GATAGCTCAAAGACTA-1","Epithelial_cells","Epithelial_cells"
"sam1_GATAGCTCACACCGCA-1","HSC_CD34+","HSC_CD34+"
"sam1_GATAGCTCACCGGCTA-1","Pre-B_cell_CD34-","Pre-B_cell_CD34-"
"sam1_GATAGCTCACGACAGA-1","Macrophage","Macrophage"
"sam1_GATAGCTCATTGGGAG-1","Epithelial_cells","Epithelial_cells"
"sam1_GATAGCTGTACGTGAG-1","T_cells","T_cells"
"sam1_GATAGCTGTCATATGC-1","Fibroblasts","Unassigned"
"sam1_GATAGCTGTCCGATCG-1","Fibroblasts","Fibroblasts"
"sam1_GATAGCTGTGTCCTAA-1","Macrophage","Macrophage"
"sam1_GATAGCTGTTGCATAC-1","Keratinocytes","Keratinocytes"
"sam1_GATAGCTGTTTACTTC-1","Keratinocytes","Keratinocytes"
"sam1_GATAGCTTCAAGAATG-1","Macrophage","Macrophage"
"sam1_GATAGCTTCACACCCT-1","Epithelial_cells","Epithelial_cells"
"sam1_GATCACAAGCACGGAT-1","Epithelial_cells","Epithelial_cells"
"sam1_GATCACACACAGCCTG-1","DC","DC"
"sam1_GATCACAGTGCATGTT-1","Osteoblasts","Osteoblasts"
"sam1_GATCACAGTTACACTG-1","T_cells","T_cells"
"sam1_GATCACATCGAAACAA-1","Keratinocytes","Keratinocytes"
"sam1_GATCACATCTTTCCAA-1","Osteoblasts","Osteoblasts"
"sam1_GATCAGTAGGAGCTGT-1","Hepatocytes","Hepatocytes"
"sam1_GATCAGTAGGTGATCG-1","Macrophage","Macrophage"
"sam1_GATCAGTAGTATGGCG-1","Pre-B_cell_CD34-","Pre-B_cell_CD34-"
"sam1_GATCAGTAGTGAGTTA-1","Epithelial_cells","Epithelial_cells"
"sam1_GATCAGTCACATGACT-1","Epithelial_cells","Epithelial_cells"
"sam1_GATCAGTTCCCATAGA-1","Macrophage","Macrophage"
"sam1_GATCAGTTCCTGTTGC-1","Macrophage","Macrophage"
"sam1_GATCAGTTCGACGAGA-1","Macrophage","Macrophage"
"sam1_GATCAGTTCGCGTGAC-1","Epithelial_cells","Epithelial_cells"
"sam1_GATCATGAGGACAAGA-1","CMP","CMP"
"sam1_GATCATGAGGCTCCCA-1","DC","DC"
"sam1_GATCATGGTACAAACA-1","Smooth_muscle_cells","Smooth_muscle_cells"
"sam1_GATCATGGTCGCATGC-1","Epithelial_cells","Epithelial_cells"
"sam1_GATCATGTCAGATTGC-1","Smooth_muscle_cells","Smooth_muscle_cells"
"sam1_GATCATGTCCGCAAAT-1","Neurons","Neurons"
"sam1_GATCCCTAGCTGACAG-1","Neurons","Neurons"
"sam1_GATCCCTAGCTGTGCC-1","Fibroblasts","Fibroblasts"
"sam1_GATCCCTAGTATGTAG-1","Pre-B_cell_CD34-","Pre-B_cell_CD34-"
"sam1_GATCCCTCAACGGCCT-1","Epithelial_cells","Epithelial_cells"
"sam1_GATCCCTCAAGAAATC-1","Chondrocytes","Chondrocytes"
"sam1_GATCCCTCAAGCCATT-1","Epithelial_cells","Epithelial_cells"
"sam1_GATCCCTCAAGTATCC-1","Pre-B_cell_CD34-","Pre-B_cell_CD34-"
"sam1_GATCCCTCACAGGATG-1","Epithelial_cells","Epithelial_cells"
"sam1_GATCCCTCACTTGAAC-1","Epithelial_cells","Epithelial_cells"
"sam1_GATCCCTCATACACCA-1","Epithelial_cells","Epithelial_cells"
"sam1_GATCCCTCATCTGTTT-1","T_cells","T_cells"
"sam1_GATCCCTGTAGCTTAC-1","Pro-B_cell_CD34+","Pro-B_cell_CD34+"
"sam1_GATCCCTGTGAGGAAA-1","Macrophage","Macrophage"
"sam1_GATCCCTTCCAACTGA-1","HSC_CD34+","HSC_CD34+"
"sam1_GATCCCTTCCCGAACG-1","Pro-B_cell_CD34+","Pro-B_cell_CD34+"
"sam1_GATCCCTTCGGCATTA-1","Fibroblasts","Fibroblasts"
"sam1_GATCCCTTCTACCACC-1","Epithelial_cells","Epithelial_cells"
"sam1_GATCCCTTCTCTATGT-1","Neurons","Neurons"
"sam1_GATCGTAAGAGATGCC-1","Epithelial_cells","Epithelial_cells"
"sam1_GATCGTACATCCTCAC-1","Macrophage","Macrophage"
"sam1_GATCGTAGTGCAATAA-1","DC","DC"
"sam1_GATCGTATCATGAGGG-1","HSC_-G-CSF","HSC_-G-CSF"
"sam1_GATCGTATCGACGACC-1","Macrophage","Unassigned"
"sam1_GATGACTAGGTTGGAC-1","Smooth_muscle_cells","Smooth_muscle_cells"
"sam1_GATGACTCATACAGAA-1","Epithelial_cells","Epithelial_cells"
"sam1_GATGACTTCATTTACC-1","iPS_cells","iPS_cells"
"sam1_GATGACTTCCTCAGAA-1","Macrophage","Macrophage"
"sam1_GATGACTTCTAGGCCG-1","Platelets","Platelets"
"sam1_GATGAGGAGAGTGTTA-1","Epithelial_cells","Epithelial_cells"
"sam1_GATGAGGCACCTCGTT-1","Pro-B_cell_CD34+","Pro-B_cell_CD34+"
"sam1_GATGAGGGTATACCCA-1","Smooth_muscle_cells","Smooth_muscle_cells"
"sam1_GATGAGGGTATTGACC-1","Macrophage","Macrophage"
"sam1_GATGAGGGTCTTGTCC-1","Fibroblasts","Fibroblasts"
"sam1_GATGATCAGTCCCTAA-1","Hepatocytes","Hepatocytes"
"sam1_GATGATCCAACCGTGC-1","Epithelial_cells","Epithelial_cells"
"sam1_GATGATCCAATACAGA-1","B_cell","B_cell"
"sam1_GATGATCCACCTCTGT-1","Hepatocytes","Hepatocytes"
"sam1_GATGATCGTACTCAAC-1","Macrophage","Macrophage"
"sam1_GATGATCGTTGTCAGT-1","Smooth_muscle_cells","Smooth_muscle_cells"
"sam1_GATGATCTCCCTCTCC-1","Keratinocytes","Keratinocytes"
"sam1_GATGATCTCCTACACC-1","Epithelial_cells","Epithelial_cells"
"sam1_GATGCTACATTCCTCG-1","Macrophage","Macrophage"
"sam1_GATGCTAGTGACTATC-1","Epithelial_cells","Epithelial_cells"
"sam1_GATGCTATCCGCTAGG-1","Osteoblasts","Osteoblasts"
"sam1_GATGGAGCACAACGTT-1","Epithelial_cells","Epithelial_cells"
"sam1_GATGGAGTCCGAGGCT-1","Smooth_muscle_cells","Smooth_muscle_cells"
"sam1_GATGTTGAGACGGAAA-1","Smooth_muscle_cells","Smooth_muscle_cells"
"sam1_GATGTTGAGTTTAGGA-1","Macrophage","Macrophage"
"sam1_GATGTTGCAGTAGAAT-1","Epithelial_cells","Epithelial_cells"
"sam1_GATGTTGGTAAGTCAA-1","Fibroblasts","Fibroblasts"
"sam1_GATGTTGGTCCATCTC-1","NK_cell","NK_cell"
"sam1_GATGTTGTCCATGCAA-1","T_cells","T_cells"
"sam1_GATGTTGTCCCTGGTT-1","Epithelial_cells","Epithelial_cells"
"sam1_GATTCGAGTATGAAGT-1","Macrophage","Macrophage"
"sam1_GATTCGAGTCTCACGG-1","Neutrophils","Neutrophils"
"sam1_GATTCGATCAATCCGA-1","Fibroblasts","Fibroblasts"
"sam1_GATTCGATCCCTTCCC-1","Epithelial_cells","Epithelial_cells"
"sam1_GATTCGATCGATCCCT-1","Smooth_muscle_cells","Unassigned"
"sam1_GATTCGATCTGAGGCC-1","NK_cell","NK_cell"
"sam1_GATTCGATCTGCAGCG-1","Pre-B_cell_CD34-","Pre-B_cell_CD34-"
"sam1_GATTCTTAGTGCACTT-1","Macrophage","Unassigned"
"sam1_GATTCTTAGTTGGGAC-1","Macrophage","Macrophage"
"sam1_GATTCTTGTCGATTCA-1","DC","DC"
"sam1_GATTCTTGTGGGAGAG-1","Macrophage","Macrophage"
"sam1_GATTCTTGTTGCCAAT-1","Keratinocytes","Keratinocytes"
"sam1_GATTCTTTCCATCTCG-1","T_cells","T_cells"
"sam1_GATTCTTTCCGCGGAT-1","Smooth_muscle_cells","Smooth_muscle_cells"
"sam1_GATTGGTAGACAGCTG-1","Epithelial_cells","Epithelial_cells"
"sam1_GATTGGTAGAGCCTGA-1","Pro-B_cell_CD34+","Pro-B_cell_CD34+"
"sam1_GATTGGTAGCTACTAC-1","Epithelial_cells","Epithelial_cells"
"sam1_GATTGGTCACAGCCAC-1","Epithelial_cells","Epithelial_cells"
"sam1_GATTGGTCACAGGATG-1","Fibroblasts","Fibroblasts"
"sam1_GATTGGTCAGACACAG-1","GMP","GMP"
"sam1_GATTGGTCATGTGGTT-1","T_cells","T_cells"
"sam1_GATTGGTGTCCTCCTA-1","Epithelial_cells","Epithelial_cells"
"sam1_GATTGGTTCATGGCCG-1","Embryonic_stem_cells","Embryonic_stem_cells"
"sam1_GATTGGTTCGGAGCAA-1","Macrophage","Macrophage"
"sam1_GATTTCTAGGATGAGA-1","Pro-B_cell_CD34+","Pro-B_cell_CD34+"
"sam1_GATTTCTCAATCTCTT-1","Macrophage","Macrophage"
"sam1_GATTTCTCACCCATAA-1","Keratinocytes","Keratinocytes"
"sam1_GATTTCTCAGTCGCTG-1","NK_cell","NK_cell"
"sam1_GATTTCTCATAGTCAC-1","Epithelial_cells","Epithelial_cells"
"sam1_GATTTCTGTCACAGTT-1","Fibroblasts","Fibroblasts"
"sam1_GATTTCTGTCCCTCAT-1","Epithelial_cells","Epithelial_cells"
"sam1_GATTTCTTCACTAGCA-1","Neutrophils","Neutrophils"
"sam1_GATTTCTTCCTACAAG-1","Epithelial_cells","Epithelial_cells"
"sam1_GATTTCTTCCTCGATC-1","Epithelial_cells","Epithelial_cells"
"sam1_GATTTCTTCCTTGAAG-1","Macrophage","Macrophage"
"sam1_GATTTCTTCGCTACAA-1","Macrophage","Macrophage"
"sam1_GCAACATAGACTCAAA-1","Epithelial_cells","Epithelial_cells"
"sam1_GCAACATCAACTCCCT-1","T_cells","T_cells"
"sam1_GCAACATCACAAACGG-1","B_cell","B_cell"
"sam1_GCAACATCACATCCCT-1","T_cells","T_cells"
"sam1_GCAACATCAGTTGTCA-1","Epithelial_cells","Epithelial_cells"
"sam1_GCAACATCATTAAAGG-1","Macrophage","Macrophage"
"sam1_GCAACATGTCCGTTTC-1","Macrophage","Unassigned"
"sam1_GCAACATTCATTGAGC-1","NK_cell","NK_cell"
"sam1_GCAACATTCCATACAG-1","NK_cell","NK_cell"
"sam1_GCAACCGAGAAGTATC-1","Macrophage","Unassigned"
"sam1_GCAACCGCATCTTAGG-1","Epithelial_cells","Epithelial_cells"
"sam1_GCAACCGCATGGGAAC-1","T_cells","T_cells"
"sam1_GCAACCGGTAGTATAG-1","Smooth_muscle_cells","Smooth_muscle_cells"
"sam1_GCAACCGGTATTGACC-1","Macrophage","Macrophage"
"sam1_GCAACCGGTTCGAAGG-1","Macrophage","Macrophage"
"sam1_GCAACCGTCCGTGCGA-1","NK_cell","NK_cell"
"sam1_GCAACCGTCCGTTGAA-1","Macrophage","Macrophage"
"sam1_GCACATACAAATGGAT-1","Macrophage","Macrophage"
"sam1_GCACATAGTTAAACCC-1","Epithelial_cells","Epithelial_cells"
"sam1_GCACATATCTACACAG-1","Neutrophils","Neutrophils"
"sam1_GCACATATCTTAATCC-1","Epithelial_cells","Epithelial_cells"
"sam1_GCACGGTAGAAGCCTG-1","T_cells","T_cells"
"sam1_GCACGGTGTATCTCGA-1","Macrophage","Macrophage"
"sam1_GCACGGTGTTAGAGTA-1","Macrophage","Unassigned"
"sam1_GCACGTGAGATGAACT-1","Macrophage","Macrophage"
"sam1_GCACGTGAGATTAGTG-1","Macrophage","Macrophage"
"sam1_GCACGTGCACAAGTGG-1","Epithelial_cells","Epithelial_cells"
"sam1_GCACGTGCACCAACAT-1","Macrophage","Unassigned"
"sam1_GCACGTGGTATCGCTA-1","HSC_-G-CSF","HSC_-G-CSF"
"sam1_GCACGTGGTCATGGCC-1","Macrophage","Macrophage"
"sam1_GCACGTGGTTGAAGTA-1","Fibroblasts","Fibroblasts"
"sam1_GCACGTGTCGACCACG-1","Epithelial_cells","Epithelial_cells"
"sam1_GCACGTGTCTTAGGAC-1","Pro-Myelocyte","Pro-Myelocyte"
"sam1_GCACTAAAGACAGCGT-1","B_cell","B_cell"
"sam1_GCACTAAAGACATATG-1","NK_cell","NK_cell"
"sam1_GCACTAACAAGATCCT-1","Pro-B_cell_CD34+","Pro-B_cell_CD34+"
"sam1_GCACTAATCAACCGAT-1","Epithelial_cells","Epithelial_cells"
"sam1_GCACTAATCTCAGGCG-1","Epithelial_cells","Epithelial_cells"
"sam1_GCAGCCAAGGCCCGTT-1","Macrophage","Unassigned"
"sam1_GCAGCCACAATTTCCT-1","Macrophage","Macrophage"
"sam1_GCAGCCACACTTCAGA-1","Fibroblasts","Fibroblasts"
"sam1_GCAGCCACAGCAGTAG-1","Macrophage","Macrophage"
"sam1_GCAGCCAGTGGTCTAT-1","Epithelial_cells","Epithelial_cells"
"sam1_GCAGCCATCGCATTGA-1","Epithelial_cells","Epithelial_cells"
"sam1_GCAGCCATCTGAACGT-1","CMP","CMP"
"sam1_GCAGCTGCAACAGAGC-1","T_cells","T_cells"
"sam1_GCAGCTGCAGGCTATT-1","Neutrophils","Neutrophils"
"sam1_GCAGCTGCATCACAGT-1","Fibroblasts","Fibroblasts"
"sam1_GCAGCTGGTAGCTGAG-1","Macrophage","Macrophage"
"sam1_GCAGCTGTCGATTGGT-1","Myelocyte","Myelocyte"
"sam1_GCAGGCTAGGTGCCTC-1","Epithelial_cells","Epithelial_cells"
"sam1_GCAGGCTGTAGGCTGA-1","Macrophage","Macrophage"
"sam1_GCAGGCTGTGCAGGAT-1","BM & Prog.","BM & Prog."
"sam1_GCAGGCTGTGTAGTGG-1","Fibroblasts","Fibroblasts"
"sam1_GCAGGCTGTTGCTAGT-1","Fibroblasts","Fibroblasts"
"sam1_GCAGGCTTCCATCTCG-1","Keratinocytes","Keratinocytes"
"sam1_GCAGGCTTCCTGTTGC-1","Fibroblasts","Fibroblasts"
"sam1_GCAGGCTTCGAATGCT-1","NK_cell","NK_cell"
"sam1_GCAGTTAAGAAGAGCA-1","Epithelial_cells","Epithelial_cells"
"sam1_GCAGTTAAGGCTAGCA-1","HSC_CD34+","HSC_CD34+"
"sam1_GCAGTTAAGGGACACT-1","Pre-B_cell_CD34-","Pre-B_cell_CD34-"
"sam1_GCAGTTAAGTCTGTAC-1","T_cells","T_cells"
"sam1_GCAGTTAGTACGTTCA-1","Chondrocytes","Chondrocytes"
"sam1_GCAGTTAGTAGCGCTC-1","Epithelial_cells","Epithelial_cells"
"sam1_GCAGTTAGTAGTCACT-1","Epithelial_cells","Epithelial_cells"
"sam1_GCAGTTAGTGACACGA-1","Gametocytes","Gametocytes"
"sam1_GCAGTTATCAGCTTGA-1","Fibroblasts","Fibroblasts"
"sam1_GCATCGGAGTTCACTG-1","DC","DC"
"sam1_GCATCGGCAAGTGGGT-1","T_cells","T_cells"
"sam1_GCATCGGCACTCCGGA-1","HSC_CD34+","HSC_CD34+"
"sam1_GCATCGGGTTAGGCCC-1","Epithelial_cells","Epithelial_cells"
"sam1_GCATCGGTCAAAGCCT-1","Smooth_muscle_cells","Smooth_muscle_cells"
"sam1_GCATCTCAGAGCCGTA-1","Keratinocytes","Keratinocytes"
"sam1_GCATCTCAGCAACCAG-1","Myelocyte","Myelocyte"
"sam1_GCATCTCAGCCATATC-1","Smooth_muscle_cells","Unassigned"
"sam1_GCATCTCAGCTCTATG-1","Macrophage","Unassigned"
"sam1_GCATCTCAGTTTCGAC-1","Epithelial_cells","Epithelial_cells"
"sam1_GCATCTCCAAAGACTA-1","Fibroblasts","Fibroblasts"
"sam1_GCATCTCCAATTCTCT-1","Macrophage","Unassigned"
"sam1_GCATCTCGTAACGATA-1","Hepatocytes","Hepatocytes"
"sam1_GCATCTCGTCTCTCTG-1","HSC_CD34+","HSC_CD34+"
"sam1_GCATCTCTCCCATACC-1","Epithelial_cells","Epithelial_cells"
"sam1_GCATCTCTCCTACACC-1","Epithelial_cells","Epithelial_cells"
"sam1_GCATCTCTCTGAGGTT-1","Pre-B_cell_CD34-","Pre-B_cell_CD34-"
"sam1_GCATGATAGGGTGGGA-1","T_cells","T_cells"
"sam1_GCATGATAGTCCGTCG-1","Macrophage","Macrophage"
"sam1_GCATGATCACTGTCGG-1","Epithelial_cells","Epithelial_cells"
"sam1_GCATGATGTAACCAGG-1","HSC_CD34+","HSC_CD34+"
"sam1_GCATTAGAGGTATCTC-1","Endothelial_cells","Endothelial_cells"
"sam1_GCATTAGCACATCATG-1","Neurons","Neurons"
"sam1_GCATTAGGTACACGCC-1","Keratinocytes","Keratinocytes"
"sam1_GCATTAGGTGCCGAAA-1","BM","BM"
"sam1_GCATTAGGTTTGGAAA-1","Macrophage","Macrophage"
"sam1_GCATTAGTCGACGCTG-1","Epithelial_cells","Epithelial_cells"
"sam1_GCCAACGAGTTCGGTT-1","T_cells","T_cells"
"sam1_GCCAACGCACGTCGGT-1","Smooth_muscle_cells","Unassigned"
"sam1_GCCAACGCAGTACTAC-1","Smooth_muscle_cells","Smooth_muscle_cells"
"sam1_GCCAACGCATCACCAA-1","Epithelial_cells","Epithelial_cells"
"sam1_GCCAACGCATCGTCCT-1","Epithelial_cells","Epithelial_cells"
"sam1_GCCAACGTCATTTCCA-1","HSC_CD34+","HSC_CD34+"
"sam1_GCCAACGTCTATTCGT-1","Epithelial_cells","Epithelial_cells"
"sam1_GCCAACGTCTCGCCTA-1","Epithelial_cells","Epithelial_cells"
"sam1_GCCAGCAGTCCAGCCA-1","T_cells","T_cells"
"sam1_GCCAGGTAGAATAGTC-1","Hepatocytes","Hepatocytes"
"sam1_GCCAGGTAGCCGCACT-1","Macrophage","Macrophage"
"sam1_GCCAGGTCAACCGTGC-1","Macrophage","Unassigned"
"sam1_GCCAGGTCACCAATTG-1","Neurons","Neurons"
"sam1_GCCAGGTCACGCCAGT-1","Fibroblasts","Fibroblasts"
"sam1_GCCAGGTGTAAGACCG-1","GMP","GMP"
"sam1_GCCAGGTTCACCGACG-1","HSC_-G-CSF","HSC_-G-CSF"
"sam1_GCCAGGTTCCCATGGG-1","Fibroblasts","Fibroblasts"
"sam1_GCCAGGTTCGCCAGAC-1","Epithelial_cells","Epithelial_cells"
"sam1_GCCAGGTTCTTAGCAG-1","Epithelial_cells","Epithelial_cells"
"sam1_GCCAGTGCAAGGTTGG-1","Smooth_muscle_cells","Smooth_muscle_cells"
"sam1_GCCAGTGGTCATCGCG-1","GMP","GMP"
"sam1_GCCAGTGGTCATTCCC-1","Macrophage","Macrophage"
"sam1_GCCAGTGGTCGCATCG-1","BM","BM"
"sam1_GCCAGTGGTTGGAGGT-1","Macrophage","Macrophage"
"sam1_GCCAGTGGTTGGGATG-1","Smooth_muscle_cells","Unassigned"
"sam1_GCCAGTGTCAGCTTCC-1","T_cells","T_cells"
"sam1_GCCAGTGTCCGGCAGT-1","Pre-B_cell_CD34-","Pre-B_cell_CD34-"
"sam1_GCCATGGAGTGCTAGG-1","HSC_-G-CSF","HSC_-G-CSF"
"sam1_GCCATGGCACGACTAT-1","Macrophage","Macrophage"
"sam1_GCCATGGCAGGCAATG-1","Epithelial_cells","Epithelial_cells"
"sam1_GCCATGGGTTCTTGTT-1","Endothelial_cells","Endothelial_cells"
"sam1_GCCATGGTCCCAGGAC-1","DC","DC"
"sam1_GCCATGGTCGGTAACT-1","NK_cell","NK_cell"
"sam1_GCCATTCCACACGGTC-1","Epithelial_cells","Epithelial_cells"
"sam1_GCCATTCGTAGTGATA-1","Epithelial_cells","Epithelial_cells"
"sam1_GCCATTCGTCCTCCAT-1","Epithelial_cells","Epithelial_cells"
"sam1_GCCATTCGTCTTTATC-1","DC","DC"
"sam1_GCCATTCTCGGCCCAA-1","Epithelial_cells","Epithelial_cells"
"sam1_GCCATTCTCTGCGTCT-1","Embryonic_stem_cells","Embryonic_stem_cells"
"sam1_GCCCAGAAGGCTAAAT-1","Macrophage","Macrophage"
"sam1_GCCCAGATCCCTCGTA-1","Epithelial_cells","Epithelial_cells"
"sam1_GCCCAGATCCGCAGTG-1","Neutrophils","Neutrophils"
"sam1_GCCCGAAAGAGTCCGA-1","Fibroblasts","Fibroblasts"
"sam1_GCCCGAACAACCCGCA-1","Epithelial_cells","Epithelial_cells"
"sam1_GCCCGAACACAATGTC-1","Epithelial_cells","Epithelial_cells"
"sam1_GCCCGAACACGCGCAT-1","T_cells","T_cells"
"sam1_GCCCGAACATCGATAC-1","Epithelial_cells","Epithelial_cells"
"sam1_GCCCGAAGTATTGCCA-1","HSC_CD34+","HSC_CD34+"
"sam1_GCCCGAAGTCGATGCC-1","Neutrophils","Neutrophils"
"sam1_GCCCGAATCCAATCTT-1","Smooth_muscle_cells","Smooth_muscle_cells"
"sam1_GCCCGAATCGGTCACG-1","B_cell","B_cell"
"sam1_GCCGATGAGCGAAACC-1","Macrophage","Macrophage"
"sam1_GCCGATGTCAGTGTTG-1","Macrophage","Macrophage"
"sam1_GCCGTGAAGCCATCCG-1","Smooth_muscle_cells","Smooth_muscle_cells"
"sam1_GCCGTGACATCGAAGG-1","DC","DC"
"sam1_GCCGTGACATGGAATA-1","Neuroepithelial_cell","Neuroepithelial_cell"
"sam1_GCCGTGAGTGATGTAA-1","Fibroblasts","Fibroblasts"
"sam1_GCCGTGAGTGCATTTG-1","Fibroblasts","Fibroblasts"
"sam1_GCCGTGATCCAAGCTA-1","Pre-B_cell_CD34-","Pre-B_cell_CD34-"
"sam1_GCCTGTTGTAGACGTG-1","BM","BM"
"sam1_GCCTGTTTCAAAGACA-1","Macrophage","Unassigned"
"sam1_GCCTGTTTCACCGGTG-1","Epithelial_cells","Epithelial_cells"
"sam1_GCCTGTTTCTGTGTGA-1","Smooth_muscle_cells","Unassigned"
"sam1_GCGAGAAAGAATTCAG-1","Smooth_muscle_cells","Smooth_muscle_cells"
"sam1_GCGAGAAAGATAACGT-1","Macrophage","Macrophage"
"sam1_GCGAGAACATCGATGT-1","Macrophage","Macrophage"
"sam1_GCGAGAATCGTCAACA-1","BM","BM"
"sam1_GCGATCGAGAGTCAGC-1","CMP","CMP"
"sam1_GCGATCGCATTCACAG-1","Macrophage","Unassigned"
"sam1_GCGATCGTCTGCGAGC-1","Macrophage","Macrophage"
"sam1_GCGGAAACACTATGTG-1","Smooth_muscle_cells","Smooth_muscle_cells"
"sam1_GCGGAAACAGTTTCGA-1","HSC_CD34+","HSC_CD34+"
"sam1_GCGGAAAGTCGACTGC-1","Macrophage","Macrophage"
"sam1_GCGGAAAGTTTCGCTC-1","T_cells","T_cells"
"sam1_GCGGAAATCCGGACGT-1","Macrophage","Macrophage"
"sam1_GCGGAAATCGGTCATA-1","NK_cell","NK_cell"
"sam1_GCGGATCCATCTTTCA-1","Epithelial_cells","Epithelial_cells"
"sam1_GCGGATCGTGATTCAC-1","Macrophage","Macrophage"
"sam1_GCGGATCTCCCTCGTA-1","Fibroblasts","Unassigned"
"sam1_GCGTGCAAGCTGTCCG-1","Epithelial_cells","Epithelial_cells"
"sam1_GCGTGCACAATGCAGG-1","Macrophage","Macrophage"
"sam1_GCGTGCAGTCCTTTGC-1","Epithelial_cells","Epithelial_cells"
"sam1_GCGTGCATCCTGTTAT-1","Epithelial_cells","Epithelial_cells"
"sam1_GCGTTTCAGCTGACAG-1","Macrophage","Unassigned"
"sam1_GCGTTTCCAGCGTATT-1","Pro-B_cell_CD34+","Pro-B_cell_CD34+"
"sam1_GCGTTTCGTACGAAAT-1","Keratinocytes","Keratinocytes"
"sam1_GCGTTTCTCGCTAAAC-1","Epithelial_cells","Epithelial_cells"
"sam1_GCGTTTCTCGGTCGAC-1","Hepatocytes","Hepatocytes"
"sam1_GCTACAAAGGTAGCAC-1","T_cells","T_cells"
"sam1_GCTACAAAGTTCAACC-1","Smooth_muscle_cells","Smooth_muscle_cells"
"sam1_GCTACAACAAACCACT-1","DC","DC"
"sam1_GCTACAAGTACTGGGA-1","Epithelial_cells","Epithelial_cells"
"sam1_GCTACAAGTCAACATC-1","T_cells","T_cells"
"sam1_GCTACAAGTCAGGTGA-1","T_cells","T_cells"
"sam1_GCTACAATCGAAGGAC-1","Macrophage","Macrophage"
"sam1_GCTACAATCGTCAAAC-1","NK_cell","NK_cell"
"sam1_GCTACAATCTATCGCC-1","BM","BM"
"sam1_GCTACCTAGTGAGGCT-1","Smooth_muscle_cells","Smooth_muscle_cells"
"sam1_GCTACCTCAGCCGTTG-1","Keratinocytes","Keratinocytes"
"sam1_GCTACCTGTCATACCA-1","NK_cell","NK_cell"
"sam1_GCTACCTGTCGTCGGT-1","Smooth_muscle_cells","Smooth_muscle_cells"
"sam1_GCTACCTGTTACTCAG-1","Macrophage","Macrophage"
"sam1_GCTACCTGTTCGGGTC-1","Chondrocytes","Chondrocytes"
"sam1_GCTACCTGTTGCCGCA-1","T_cells","T_cells"
"sam1_GCTACCTTCATCTCTA-1","Fibroblasts","Fibroblasts"
"sam1_GCTACCTTCTAGGCCG-1","Neutrophils","Neutrophils"
"sam1_GCTCAAAAGTCCTGTA-1","Smooth_muscle_cells","Smooth_muscle_cells"
"sam1_GCTCAAACAAGAGGCT-1","Fibroblasts","Fibroblasts"
"sam1_GCTCAAACACTATCGA-1","Macrophage","Macrophage"
"sam1_GCTCAAACAGACCAGA-1","Smooth_muscle_cells","Smooth_muscle_cells"
"sam1_GCTCAAAGTAGGCTCC-1","Epithelial_cells","Epithelial_cells"
"sam1_GCTCAAAGTCAGACTT-1","Macrophage","Unassigned"
"sam1_GCTCAAAGTCCATACA-1","Pro-B_cell_CD34+","Pro-B_cell_CD34+"
"sam1_GCTCAAATCATACGAC-1","Monocyte","Monocyte"
"sam1_GCTCAAATCCAGCCTT-1","Fibroblasts","Fibroblasts"
"sam1_GCTCAAATCGCGCTGA-1","Macrophage","Macrophage"
"sam1_GCTCAAATCTAGATCG-1","Neutrophils","Neutrophils"
"sam1_GCTCAAATCTCCCATG-1","Keratinocytes","Keratinocytes"
"sam1_GCTGAATAGCAATTCC-1","Epithelial_cells","Epithelial_cells"
"sam1_GCTGAATAGTTTAGGA-1","Macrophage","Unassigned"
"sam1_GCTGAATCAAAGACTA-1","T_cells","T_cells"
"sam1_GCTGAATCAAGACCTT-1","Epithelial_cells","Epithelial_cells"
"sam1_GCTGAATCAGTATGAA-1","HSC_CD34+","HSC_CD34+"
"sam1_GCTGAATGTACGAAAT-1","DC","DC"
"sam1_GCTGAATGTAGTAAGT-1","T_cells","T_cells"
"sam1_GCTGAATGTGGACTAG-1","NK_cell","NK_cell"
"sam1_GCTGAATGTGGCCACT-1","Neurons","Neurons"
"sam1_GCTGAATTCCATGAGT-1","Keratinocytes","Keratinocytes"
"sam1_GCTGAATTCGCTACGG-1","Epithelial_cells","Epithelial_cells"
"sam1_GCTGCAGCACAATGAA-1","Epithelial_cells","Epithelial_cells"
"sam1_GCTGCAGCACGTACTA-1","Osteoblasts","Osteoblasts"
"sam1_GCTGCAGCAGACCAGA-1","Fibroblasts","Fibroblasts"
"sam1_GCTGCAGCATCATCCC-1","Macrophage","Macrophage"
"sam1_GCTGCAGCATCCTATT-1","Hepatocytes","Hepatocytes"
"sam1_GCTGCAGCATGTCAGT-1","Pre-B_cell_CD34-","Pre-B_cell_CD34-"
"sam1_GCTGCAGGTGTCCCTT-1","Astrocyte","Astrocyte"
"sam1_GCTGCAGTCATCACTT-1","Smooth_muscle_cells","Unassigned"
"sam1_GCTGCAGTCATGAAAG-1","HSC_-G-CSF","HSC_-G-CSF"
"sam1_GCTGCAGTCTATCACT-1","Epithelial_cells","Epithelial_cells"
"sam1_GCTGGGTCAATAGTCC-1","Macrophage","Macrophage"
"sam1_GCTGGGTCATGACTTG-1","Macrophage","Macrophage"
"sam1_GCTGGGTGTGGCGTAA-1","Pre-B_cell_CD34-","Pre-B_cell_CD34-"
"sam1_GCTGGGTTCACTAGCA-1","T_cells","T_cells"
"sam1_GCTTCACAGTCACTCA-1","Fibroblasts","Fibroblasts"
"sam1_GCTTCACCACAGCCTG-1","Epithelial_cells","Epithelial_cells"
"sam1_GCTTCACCACTTCTCG-1","Smooth_muscle_cells","Smooth_muscle_cells"
"sam1_GCTTCACGTATTGGCT-1","HSC_CD34+","HSC_CD34+"
"sam1_GCTTCACTCATCACAG-1","Pre-B_cell_CD34-","Pre-B_cell_CD34-"
"sam1_GCTTGGGAGTTTGGCT-1","Smooth_muscle_cells","Smooth_muscle_cells"
"sam1_GCTTGGGCAATGGCCC-1","Pre-B_cell_CD34-","Pre-B_cell_CD34-"
"sam1_GCTTGGGCACACACGC-1","Keratinocytes","Keratinocytes"
"sam1_GCTTGGGCACCTGCAG-1","Chondrocytes","Chondrocytes"
"sam1_GCTTGGGGTGTTCCAA-1","Chondrocytes","Chondrocytes"
"sam1_GCTTGGGTCCAAACCA-1","Epithelial_cells","Epithelial_cells"
"sam1_GCTTGGGTCCTATGGA-1","Macrophage","Macrophage"
"sam1_GCTTGGGTCGTAGAGG-1","Pro-B_cell_CD34+","Pro-B_cell_CD34+"
"sam1_GCTTTCGAGTAGTCAA-1","Macrophage","Macrophage"
"sam1_GCTTTCGCACCAACAT-1","Pro-B_cell_CD34+","Pro-B_cell_CD34+"
"sam1_GCTTTCGCAGATCCTA-1","Fibroblasts","Fibroblasts"
"sam1_GCTTTCGCAGTGTATC-1","Epithelial_cells","Epithelial_cells"
"sam1_GCTTTCGGTGCCAAGA-1","Macrophage","Macrophage"
"sam1_GCTTTCGTCCAGCCTT-1","Smooth_muscle_cells","Smooth_muscle_cells"
"sam1_GGAACCCAGAGCGACT-1","NK_cell","NK_cell"
"sam1_GGAACCCAGATCACTC-1","Neurons","Neurons"
"sam1_GGAACCCAGGGTTAAT-1","Epithelial_cells","Epithelial_cells"
"sam1_GGAACCCAGTCATAGA-1","NK_cell","NK_cell"
"sam1_GGAACCCCATGGACAG-1","Smooth_muscle_cells","Smooth_muscle_cells"
"sam1_GGAACCCGTGCAATGG-1","Macrophage","Macrophage"
"sam1_GGAAGTGGTAGTTAGA-1","BM","BM"
"sam1_GGAAGTGTCGACATTG-1","T_cells","T_cells"
"sam1_GGAATCTAGAGTCAGC-1","Macrophage","Macrophage"
"sam1_GGAATCTAGGGTTAGC-1","Fibroblasts","Unassigned"
"sam1_GGAATCTAGTGCTCAT-1","NK_cell","NK_cell"
"sam1_GGAATCTCAACTTCTT-1","Macrophage","Macrophage"
"sam1_GGAATCTCACCCTATC-1","Pro-Myelocyte","Pro-Myelocyte"
"sam1_GGAATCTTCCAATGCA-1","Smooth_muscle_cells","Smooth_muscle_cells"
"sam1_GGAATCTTCGACGATT-1","Smooth_muscle_cells","Unassigned"
"sam1_GGAATGGAGTTCATCG-1","Smooth_muscle_cells","Smooth_muscle_cells"
"sam1_GGAATGGCACTCTCGT-1","Macrophage","Macrophage"
"sam1_GGAATGGGTCGCTTGG-1","Macrophage","Macrophage"
"sam1_GGAATGGTCGAGCACC-1","NK_cell","NK_cell"
"sam1_GGACGTCAGGTAAGGA-1","DC","DC"
"sam1_GGACGTCCACAAGTTC-1","HSC_CD34+","HSC_CD34+"
"sam1_GGACGTCCAGATTTCG-1","DC","DC"
"sam1_GGACGTCCAGTTGAAA-1","DC","DC"
"sam1_GGACGTCGTCGAACAG-1","NK_cell","NK_cell"
"sam1_GGACGTCGTTCCGCTT-1","Fibroblasts","Fibroblasts"
"sam1_GGACGTCTCCCTTCCC-1","Pre-B_cell_CD34-","Pre-B_cell_CD34-"
"sam1_GGACGTCTCTCGTGGG-1","T_cells","T_cells"
"sam1_GGAGAACAGGAACATT-1","Monocyte","Monocyte"
"sam1_GGAGAACAGTTGAAGT-1","Epithelial_cells","Epithelial_cells"
"sam1_GGAGAACCAGCGAGTA-1","Epithelial_cells","Epithelial_cells"
"sam1_GGAGAACCAGGCTACC-1","Fibroblasts","Fibroblasts"
"sam1_GGAGAACCAGGTGTTT-1","Neurons","Neurons"
"sam1_GGAGAACGTAACACCT-1","Chondrocytes","Chondrocytes"
"sam1_GGAGATGAGTCATTGC-1","Macrophage","Unassigned"
"sam1_GGAGATGCACCATTCC-1","Fibroblasts","Fibroblasts"
"sam1_GGAGATGCAGATACTC-1","Epithelial_cells","Epithelial_cells"
"sam1_GGAGATGGTGAATTGA-1","Smooth_muscle_cells","Smooth_muscle_cells"
"sam1_GGAGATGGTGCCGTAC-1","Macrophage","Macrophage"
"sam1_GGAGATGTCAAAGGAT-1","Macrophage","Macrophage"
"sam1_GGAGATGTCGGTGAAG-1","Smooth_muscle_cells","Smooth_muscle_cells"
"sam1_GGAGATGTCGTAGCCG-1","Chondrocytes","Chondrocytes"
"sam1_GGAGATGTCTGTCGTC-1","Macrophage","Macrophage"
"sam1_GGAGCAAAGACGGAAA-1","Epithelial_cells","Epithelial_cells"
"sam1_GGAGCAAAGATTTGCC-1","Platelets","Platelets"
"sam1_GGAGCAACACTGTCGG-1","T_cells","T_cells"
"sam1_GGAGCAAGTAACGATA-1","Pre-B_cell_CD34-","Pre-B_cell_CD34-"
"sam1_GGAGCAAGTGCCGGTT-1","Fibroblasts","Fibroblasts"
"sam1_GGAGCAAGTTGGATCT-1","Smooth_muscle_cells","Smooth_muscle_cells"
"sam1_GGAGCAATCCGTACGG-1","Macrophage","Unassigned"
"sam1_GGAGGATCACGCCAGT-1","T_cells","T_cells"
"sam1_GGAGGATGTACCCAGC-1","Fibroblasts","Fibroblasts"
"sam1_GGAGGATTCAACTTTC-1","T_cells","T_cells"
"sam1_GGAGGATTCTTCTAAC-1","Smooth_muscle_cells","Smooth_muscle_cells"
"sam1_GGAGGTACACTCCGAG-1","T_cells","T_cells"
"sam1_GGAGGTACAGTTGAAA-1","Smooth_muscle_cells","Smooth_muscle_cells"
"sam1_GGAGGTAGTGATACCT-1","Smooth_muscle_cells","Smooth_muscle_cells"
"sam1_GGATCTAAGAGGCGGA-1","Macrophage","Macrophage"
"sam1_GGATCTACAAGAATGT-1","Epithelial_cells","Epithelial_cells"
"sam1_GGATCTACAAGTATCC-1","Epithelial_cells","Epithelial_cells"
"sam1_GGATCTACACTGCTTC-1","Macrophage","Macrophage"
"sam1_GGATCTACATTGTGCA-1","Epithelial_cells","Epithelial_cells"
"sam1_GGATCTATCTATACGG-1","Fibroblasts","Fibroblasts"
"sam1_GGATCTATCTCATGCC-1","Pro-Myelocyte","Pro-Myelocyte"
"sam1_GGATGTTCAACACACT-1","Macrophage","Macrophage"
"sam1_GGATGTTCAGCGACAA-1","Macrophage","Macrophage"
"sam1_GGATGTTCAGTAGTGG-1","Smooth_muscle_cells","Smooth_muscle_cells"
"sam1_GGATGTTGTACGGCAA-1","Pre-B_cell_CD34-","Pre-B_cell_CD34-"
"sam1_GGATGTTGTCACTCGG-1","Smooth_muscle_cells","Smooth_muscle_cells"
"sam1_GGATGTTTCTCATAGG-1","T_cells","T_cells"
"sam1_GGCACGTAGCCGTTAT-1","Embryonic_stem_cells","Embryonic_stem_cells"
"sam1_GGCACGTAGCTGAGTG-1","HSC_CD34+","HSC_CD34+"
"sam1_GGCACGTCAAATTAGG-1","Macrophage","Unassigned"
"sam1_GGCACGTCAAGAGTTA-1","Neuroepithelial_cell","Neuroepithelial_cell"
"sam1_GGCACGTCACACCGAC-1","Neuroepithelial_cell","Neuroepithelial_cell"
"sam1_GGCACGTCAGACTGCC-1","Macrophage","Macrophage"
"sam1_GGCACGTGTGCTTCAA-1","Macrophage","Macrophage"
"sam1_GGCACGTTCCGGACGT-1","Macrophage","Unassigned"
"sam1_GGCAGTCAGCATGTTC-1","Epithelial_cells","Epithelial_cells"
"sam1_GGCAGTCAGCTGCCAC-1","Fibroblasts","Fibroblasts"
"sam1_GGCAGTCGTACACGCC-1","Macrophage","Macrophage"
"sam1_GGCAGTCGTAGTAAGT-1","Pre-B_cell_CD34-","Pre-B_cell_CD34-"
"sam1_GGCAGTCGTCATCCCT-1","Macrophage","Unassigned"
"sam1_GGCGTCAAGCCGATAG-1","Monocyte","Monocyte"
"sam1_GGCGTCACACGCTGCA-1","T_cells","T_cells"
"sam1_GGCGTCAGTCGCTTGG-1","Macrophage","Macrophage"
"sam1_GGCGTCAGTCTGCATA-1","T_cells","T_cells"
"sam1_GGCGTCAGTGATACAA-1","Macrophage","Macrophage"
"sam1_GGCGTCAGTTCTCGCT-1","Macrophage","Macrophage"
"sam1_GGCTGTGCAGGCACTC-1","Epithelial_cells","Epithelial_cells"
"sam1_GGCTGTGGTTTGGGAG-1","DC","DC"
"sam1_GGCTGTGTCGAGAGAC-1","Epithelial_cells","Epithelial_cells"
"sam1_GGCTTGGAGACTCTTG-1","Neurons","Neurons"
"sam1_GGCTTGGAGCAGCAGT-1","T_cells","T_cells"
"sam1_GGCTTGGAGGGAGTGG-1","T_cells","T_cells"
"sam1_GGCTTGGCAGCAGATG-1","B_cell","B_cell"
"sam1_GGCTTGGGTACAACGG-1","HSC_-G-CSF","HSC_-G-CSF"
"sam1_GGCTTGGGTACAGCGA-1","Macrophage","Macrophage"
"sam1_GGCTTGGGTGCAAGAC-1","T_cells","T_cells"
"sam1_GGCTTGGTCCACGAAT-1","Epithelial_cells","Epithelial_cells"
"sam1_GGCTTTCAGAGTCCGA-1","DC","DC"
"sam1_GGCTTTCCACCATTCC-1","Monocyte","Monocyte"
"sam1_GGCTTTCCAGCTCCTT-1","Epithelial_cells","Epithelial_cells"
"sam1_GGCTTTCCATCCGTTC-1","NK_cell","NK_cell"
"sam1_GGCTTTCGTATTTCTC-1","T_cells","T_cells"
"sam1_GGCTTTCGTTAAGACA-1","T_cells","T_cells"
"sam1_GGCTTTCGTTAGAGAT-1","Smooth_muscle_cells","Smooth_muscle_cells"
"sam1_GGCTTTCTCACTGAAC-1","Hepatocytes","Hepatocytes"
"sam1_GGCTTTCTCAGTCCGG-1","Macrophage","Macrophage"
"sam1_GGCTTTCTCATTGAGC-1","Keratinocytes","Keratinocytes"
"sam1_GGGAAGTCAGCTACTA-1","Macrophage","Macrophage"
"sam1_GGGACAAAGTTGCTCA-1","Epithelial_cells","Epithelial_cells"
"sam1_GGGACAATCAAGCCTA-1","Pro-B_cell_CD34+","Pro-B_cell_CD34+"
"sam1_GGGACAATCCTGCTAC-1","Epithelial_cells","Epithelial_cells"
"sam1_GGGACAATCTGCATGA-1","Pre-B_cell_CD34-","Pre-B_cell_CD34-"
"sam1_GGGACCTAGCACTAGG-1","Macrophage","Macrophage"
"sam1_GGGACCTAGGTTCCAT-1","Epithelial_cells","Epithelial_cells"
"sam1_GGGACCTAGTCGGCAA-1","Epithelial_cells","Epithelial_cells"
"sam1_GGGACCTAGTCTAGCT-1","Fibroblasts","Unassigned"
"sam1_GGGACCTAGTTAGAAC-1","Epithelial_cells","Epithelial_cells"
"sam1_GGGACCTCAACTTCTT-1","Epithelial_cells","Epithelial_cells"
"sam1_GGGACCTCAGCTATAC-1","Keratinocytes","Keratinocytes"
"sam1_GGGACCTGTAGCCCTG-1","Macrophage","Macrophage"
"sam1_GGGACCTGTCGTCGGT-1","HSC_-G-CSF","HSC_-G-CSF"
"sam1_GGGACCTGTTCCACGG-1","Neurons","Neurons"
"sam1_GGGACCTTCCCAAGTA-1","HSC_-G-CSF","HSC_-G-CSF"
"sam1_GGGACCTTCGCGAAGA-1","Macrophage","Macrophage"
"sam1_GGGACTCAGACCCGCT-1","Epithelial_cells","Epithelial_cells"
"sam1_GGGACTCAGACTAAGT-1","NK_cell","NK_cell"
"sam1_GGGACTCAGCATCAGG-1","Macrophage","Macrophage"
"sam1_GGGACTCAGCGACCCT-1","CMP","CMP"
"sam1_GGGACTCAGGATTTCC-1","Neuroepithelial_cell","Neuroepithelial_cell"
"sam1_GGGACTCCACTTGTCC-1","T_cells","T_cells"
"sam1_GGGACTCCATGGGTTT-1","Hepatocytes","Hepatocytes"
"sam1_GGGACTCGTATTGACC-1","Macrophage","Macrophage"
"sam1_GGGACTCTCGATGGAG-1","Epithelial_cells","Epithelial_cells"
"sam1_GGGAGATAGTACGAGC-1","Macrophage","Macrophage"
"sam1_GGGAGATCACCCTTGT-1","Pro-B_cell_CD34+","Pro-B_cell_CD34+"
"sam1_GGGAGATTCCAACTGA-1","Macrophage","Macrophage"
"sam1_GGGAGATTCCATCAGA-1","Keratinocytes","Keratinocytes"
"sam1_GGGAGTAAGAGCCCAA-1","Macrophage","Macrophage"
"sam1_GGGAGTAAGATGCTAA-1","Platelets","Platelets"
"sam1_GGGAGTAAGGTCGACA-1","Epithelial_cells","Epithelial_cells"
"sam1_GGGAGTACAATGTTGC-1","HSC_CD34+","HSC_CD34+"
"sam1_GGGAGTATCACTCGAA-1","Epithelial_cells","Epithelial_cells"
"sam1_GGGAGTATCAGACAAA-1","Epithelial_cells","Epithelial_cells"
"sam1_GGGAGTATCGGTAGAG-1","Macrophage","Macrophage"
"sam1_GGGATCCAGGCTGAAC-1","Epithelial_cells","Epithelial_cells"
"sam1_GGGATCCCACCAAATC-1","Fibroblasts","Fibroblasts"
"sam1_GGGATCCCATGTGCTA-1","BM","BM"
"sam1_GGGATCCTCACTGTTT-1","NK_cell","NK_cell"
"sam1_GGGATGAAGGAACGCT-1","Macrophage","Macrophage"
"sam1_GGGATGACAGCATGCC-1","HSC_CD34+","HSC_CD34+"
"sam1_GGGATGAGTCCTCCAT-1","Osteoblasts","Osteoblasts"
"sam1_GGGATGAGTGCATGAG-1","Fibroblasts","Fibroblasts"
"sam1_GGGATGATCCCTATTA-1","Keratinocytes","Keratinocytes"
"sam1_GGGATGATCTCTGACC-1","Epithelial_cells","Epithelial_cells"
"sam1_GGGCCATAGCACGTCC-1","Macrophage","Unassigned"
"sam1_GGGCCATCACTGTGTA-1","T_cells","T_cells"
"sam1_GGGCCATCACTTGAGT-1","Embryonic_stem_cells","Embryonic_stem_cells"
"sam1_GGGCCATCAGTTCCAA-1","Fibroblasts","Fibroblasts"
"sam1_GGGCCATCATTCCTAT-1","Fibroblasts","Fibroblasts"
"sam1_GGGCCATGTCATACCA-1","T_cells","T_cells"
"sam1_GGGCCATGTGAGCGAT-1","T_cells","T_cells"
"sam1_GGGCCATTCACATTGG-1","DC","DC"
"sam1_GGGCCATTCATCTATC-1","Smooth_muscle_cells","Smooth_muscle_cells"
"sam1_GGGCCATTCATTCGTT-1","Epithelial_cells","Epithelial_cells"
"sam1_GGGCGTTAGTAGACCG-1","Macrophage","Macrophage"
"sam1_GGGCGTTGTAGATCCT-1","Embryonic_stem_cells","Embryonic_stem_cells"
"sam1_GGGCGTTGTCAGGTAG-1","Fibroblasts","Fibroblasts"
"sam1_GGGCGTTTCACCTACC-1","NK_cell","NK_cell"
"sam1_GGGCGTTTCAGTGCGC-1","T_cells","T_cells"
"sam1_GGGCGTTTCGCATAGT-1","Monocyte","Monocyte"
"sam1_GGGCGTTTCGCATTGA-1","Keratinocytes","Keratinocytes"
"sam1_GGGCTACCATCAACCA-1","MSC","MSC"
"sam1_GGGCTACCATTCACAG-1","Macrophage","Macrophage"
"sam1_GGGCTACGTTCCCAAA-1","Macrophage","Unassigned"
"sam1_GGGCTACTCTGTCGCT-1","NK_cell","NK_cell"
"sam1_GGGCTCAAGGCCTGCT-1","Fibroblasts","Fibroblasts"
"sam1_GGGCTCAAGTAGACCG-1","T_cells","T_cells"
"sam1_GGGCTCACAACTCCCT-1","Epithelial_cells","Epithelial_cells"
"sam1_GGGCTCAGTCGAAACG-1","Endothelial_cells","Endothelial_cells"
"sam1_GGGCTCAGTCTCTCAC-1","HSC_CD34+","HSC_CD34+"
"sam1_GGGCTCATCGCTCATC-1","Epithelial_cells","Epithelial_cells"
"sam1_GGGTAGACAATCTGCA-1","T_cells","T_cells"
"sam1_GGGTAGAGTGCTCCGA-1","Macrophage","Macrophage"
"sam1_GGGTAGAGTTAGGGTG-1","Macrophage","Macrophage"
"sam1_GGGTAGATCAATCCGA-1","CMP","CMP"
"sam1_GGGTATTAGAAGCCTG-1","Macrophage","Macrophage"
"sam1_GGGTATTCAGAGGACT-1","DC","DC"
"sam1_GGGTATTCATCTCCCA-1","Fibroblasts","Fibroblasts"
"sam1_GGGTATTGTAGGTGCA-1","Astrocyte","Astrocyte"
"sam1_GGGTATTGTGCTCGTG-1","DC","DC"
"sam1_GGGTATTGTTCGAGCC-1","NK_cell","NK_cell"
"sam1_GGGTATTGTTGAAGTA-1","Platelets","Platelets"
"sam1_GGGTATTTCAGCCTTC-1","T_cells","T_cells"
"sam1_GGGTATTTCCCGTGTT-1","Pro-Myelocyte","Pro-Myelocyte"
"sam1_GGGTATTTCGGCCAAC-1","DC","DC"
"sam1_GGGTATTTCTACCAGA-1","Fibroblasts","Fibroblasts"
"sam1_GGGTCACTCGGTCGAC-1","Macrophage","Unassigned"
"sam1_GGGTCTGAGCGTTACT-1","Monocyte","Monocyte"
"sam1_GGGTCTGCAACTCGAT-1","Chondrocytes","Chondrocytes"
"sam1_GGGTCTGCACAGTGTT-1","Fibroblasts","Fibroblasts"
"sam1_GGGTCTGCACTGCATA-1","BM","BM"
"sam1_GGGTCTGCAGGCCTGT-1","Macrophage","Macrophage"
"sam1_GGGTCTGCAGTTGAAA-1","Pro-Myelocyte","Pro-Myelocyte"
"sam1_GGGTCTGGTCGGCACT-1","Gametocytes","Gametocytes"
"sam1_GGGTCTGGTTGGTACT-1","NK_cell","NK_cell"
"sam1_GGGTCTGTCTAGTACG-1","Neutrophils","Neutrophils"
"sam1_GGGTGAAAGTTCTCTT-1","Chondrocytes","Chondrocytes"
"sam1_GGGTGAATCGGTCATA-1","T_cells","T_cells"
"sam1_GGGTGTCCAGCGAGTA-1","Macrophage","Macrophage"
"sam1_GGGTGTCTCATTCATC-1","NK_cell","NK_cell"
"sam1_GGGTTATAGATGGTAT-1","HSC_-G-CSF","HSC_-G-CSF"
"sam1_GGGTTATCACGTAACT-1","Smooth_muscle_cells","Smooth_muscle_cells"
"sam1_GGGTTATCAGCAGTGA-1","NK_cell","NK_cell"
"sam1_GGGTTATGTGGGACAT-1","HSC_-G-CSF","HSC_-G-CSF"
"sam1_GGGTTTAAGTAACGTA-1","Macrophage","Macrophage"
"sam1_GGGTTTAAGTATCCTG-1","Epithelial_cells","Epithelial_cells"
"sam1_GGGTTTAGTACTCGAT-1","Epithelial_cells","Epithelial_cells"
"sam1_GGGTTTAGTGCACATT-1","T_cells","T_cells"
"sam1_GGGTTTAGTTGCTCGG-1","Epithelial_cells","Epithelial_cells"
"sam1_GGGTTTATCGAAGGAC-1","MEP","MEP"
"sam1_GGTAACTAGCACACCC-1","NK_cell","Unassigned"
"sam1_GGTAACTAGCATTTCG-1","Macrophage","Macrophage"
"sam1_GGTAACTAGGTGCTGA-1","Smooth_muscle_cells","Smooth_muscle_cells"
"sam1_GGTAACTCACCAGGTC-1","Macrophage","Macrophage"
"sam1_GGTAACTGTGGTCCCA-1","Chondrocytes","Chondrocytes"
"sam1_GGTAACTTCACATCAG-1","Macrophage","Macrophage"
"sam1_GGTAATCAGATTAGCA-1","Smooth_muscle_cells","Smooth_muscle_cells"
"sam1_GGTAATCCAAGCTGTT-1","HSC_CD34+","HSC_CD34+"
"sam1_GGTAATCCACCAGCTG-1","Chondrocytes","Chondrocytes"
"sam1_GGTAATCCATTCAGCA-1","Macrophage","Macrophage"
"sam1_GGTAATCGTCGGAAAC-1","GMP","GMP"
"sam1_GGTAGAGAGCCACTCG-1","Epithelial_cells","Epithelial_cells"
"sam1_GGTAGAGAGTCTGGTT-1","MEP","MEP"
"sam1_GGTAGAGCACGCGCAT-1","Chondrocytes","Chondrocytes"
"sam1_GGTCACGAGGGATCGT-1","Macrophage","Macrophage"
"sam1_GGTCACGAGGTCCCTG-1","Epithelial_cells","Epithelial_cells"
"sam1_GGTCACGCAAGCCATT-1","NK_cell","NK_cell"
"sam1_GGTCACGCACACCTAA-1","Keratinocytes","Keratinocytes"
"sam1_GGTCACGGTACTCAAC-1","Macrophage","Macrophage"
"sam1_GGTCACGGTACTGAGG-1","Osteoblasts","Osteoblasts"
"sam1_GGTCACGGTCCCTGAG-1","Epithelial_cells","Epithelial_cells"
"sam1_GGTCTGGGTAACACGG-1","Macrophage","Macrophage"
"sam1_GGTCTGGGTGGTTCTA-1","Smooth_muscle_cells","Smooth_muscle_cells"
"sam1_GGTGAAGCACTTGGGC-1","NK_cell","NK_cell"
"sam1_GGTGAAGCATGTCAGT-1","Keratinocytes","Keratinocytes"
"sam1_GGTGAAGGTAGACGTG-1","Osteoblasts","Osteoblasts"
"sam1_GGTGAAGGTAGGACCA-1","T_cells","T_cells"
"sam1_GGTGAAGTCAGCACCG-1","Epithelial_cells","Epithelial_cells"
"sam1_GGTGAAGTCCGTGCGA-1","Fibroblasts","Fibroblasts"
"sam1_GGTGATTAGGAACGAA-1","Pro-B_cell_CD34+","Pro-B_cell_CD34+"
"sam1_GGTGATTAGTAACCGG-1","Fibroblasts","Fibroblasts"
"sam1_GGTGATTCACAAATCC-1","Epithelial_cells","Epithelial_cells"
"sam1_GGTGATTCACTCCTTG-1","T_cells","T_cells"
"sam1_GGTGATTGTTCTTGTT-1","DC","DC"
"sam1_GGTGATTTCAAAGGAT-1","Epithelial_cells","Epithelial_cells"
"sam1_GGTGATTTCCAACACA-1","NK_cell","NK_cell"
"sam1_GGTGATTTCGTGCTCT-1","Macrophage","Macrophage"
"sam1_GGTGGCTAGCCGCACT-1","Macrophage","Unassigned"
"sam1_GGTGGCTCATTGCCGG-1","T_cells","T_cells"
"sam1_GGTGTCGAGTCCTGCG-1","Epithelial_cells","Epithelial_cells"
"sam1_GGTGTCGCAAGATCCT-1","Embryonic_stem_cells","Embryonic_stem_cells"
"sam1_GGTGTCGCAGGCGAAT-1","Macrophage","Macrophage"
"sam1_GGTGTCGGTCCACAGC-1","Platelets","Platelets"
"sam1_GGTGTCGGTCCACTTC-1","Macrophage","Macrophage"
"sam1_GGTGTCGGTCGTCAGC-1","B_cell","B_cell"
"sam1_GGTGTTAAGACTGGGT-1","Fibroblasts","Fibroblasts"
"sam1_GGTGTTAGTCATTGCA-1","Epithelial_cells","Epithelial_cells"
"sam1_GGTGTTAGTTCCAGGC-1","Smooth_muscle_cells","Smooth_muscle_cells"
"sam1_GGTGTTATCGACGACC-1","Pro-Myelocyte","Pro-Myelocyte"
"sam1_GGTGTTATCGGTTGTA-1","NK_cell","NK_cell"
"sam1_GGTTAACAGGCTGTAG-1","Epithelial_cells","Epithelial_cells"
"sam1_GGTTAACAGTATGGAT-1","Smooth_muscle_cells","Smooth_muscle_cells"
"sam1_GGTTAACCAAAGACTA-1","Epithelial_cells","Epithelial_cells"
"sam1_GGTTAACCAACAAGAT-1","Chondrocytes","Chondrocytes"
"sam1_GGTTAACCAAGCTGTT-1","Epithelial_cells","Epithelial_cells"
"sam1_GGTTAACGTGATTGGG-1","Macrophage","Macrophage"
"sam1_GGTTCTCAGAGATGCC-1","Chondrocytes","Chondrocytes"
"sam1_GGTTCTCAGTAATCCC-1","Epithelial_cells","Epithelial_cells"
"sam1_GGTTCTCTCGCCTTGT-1","Epithelial_cells","Epithelial_cells"
"sam1_GGTTGTAAGCAATTAG-1","Fibroblasts","Fibroblasts"
"sam1_GGTTGTACAAACCGGA-1","Pro-B_cell_CD34+","Pro-B_cell_CD34+"
"sam1_GGTTGTAGTACAAGCG-1","Fibroblasts","Fibroblasts"
"sam1_GGTTGTAGTGCGAGTA-1","Macrophage","Macrophage"
"sam1_GGTTGTAGTTCGCGTG-1","Epithelial_cells","Epithelial_cells"
"sam1_GGTTGTATCCCTGTTG-1","Epithelial_cells","Epithelial_cells"
"sam1_GTAACACAGATACCAA-1","Epithelial_cells","Epithelial_cells"
"sam1_GTAACACCAACCGTGC-1","Chondrocytes","Chondrocytes"
"sam1_GTAACACCAACTCCAA-1","CMP","CMP"
"sam1_GTAACACCAGTCGGTC-1","DC","DC"
"sam1_GTAACACGTAACACCT-1","Pre-B_cell_CD34-","Pre-B_cell_CD34-"
"sam1_GTAACACGTACAAGCG-1","Pre-B_cell_CD34-","Pre-B_cell_CD34-"
"sam1_GTAACACGTACCTGTA-1","Endothelial_cells","Endothelial_cells"
"sam1_GTAACACGTATCCCTC-1","Embryonic_stem_cells","Embryonic_stem_cells"
"sam1_GTAACACTCTCGCTCA-1","Pro-B_cell_CD34+","Pro-B_cell_CD34+"
"sam1_GTAACCAAGATGACAT-1","Epithelial_cells","Epithelial_cells"
"sam1_GTAACCAAGTTGCCTA-1","DC","DC"
"sam1_GTAACCAGTAGTCTGT-1","Monocyte","Monocyte"
"sam1_GTAACCAGTCACGACC-1","Epithelial_cells","Epithelial_cells"
"sam1_GTAACCAGTGCATTAC-1","NK_cell","NK_cell"
"sam1_GTAACCATCCTGGTCT-1","Platelets","Platelets"
"sam1_GTAAGTCAGTATTCCG-1","Fibroblasts","Fibroblasts"
"sam1_GTAAGTCCAATTCTCT-1","Macrophage","Macrophage"
"sam1_GTAAGTCCACGCGCTA-1","Macrophage","Macrophage"
"sam1_GTAAGTCCAGACCAAG-1","NK_cell","NK_cell"
"sam1_GTAAGTCGTGCCCGTA-1","DC","DC"
"sam1_GTAAGTCTCCGATAGT-1","T_cells","T_cells"
"sam1_GTAATCGAGATAGCAT-1","Macrophage","Macrophage"
"sam1_GTAATCGAGCTAATCC-1","Fibroblasts","Fibroblasts"
"sam1_GTAATCGAGTAATTGG-1","Fibroblasts","Fibroblasts"
"sam1_GTAATCGAGTATCTGC-1","T_cells","T_cells"
"sam1_GTAATCGAGTCAACAA-1","Epithelial_cells","Epithelial_cells"
"sam1_GTAATCGCAATTCTTC-1","BM","BM"
"sam1_GTAATCGCACTGGACC-1","Macrophage","Macrophage"
"sam1_GTAATCGGTCCTATAG-1","Macrophage","Macrophage"
"sam1_GTAATCGGTGTTAACC-1","Smooth_muscle_cells","Smooth_muscle_cells"
"sam1_GTAATCGTCATTTCGT-1","Fibroblasts","Fibroblasts"
"sam1_GTAATCGTCTAGACAC-1","Epithelial_cells","Epithelial_cells"
"sam1_GTAATGCGTCCCTGAG-1","HSC_CD34+","HSC_CD34+"
"sam1_GTACAACTCCACATAG-1","Macrophage","Macrophage"
"sam1_GTACAACTCCTACCGT-1","Macrophage","Macrophage"
"sam1_GTACAACTCTACCACC-1","Pre-B_cell_CD34-","Pre-B_cell_CD34-"
"sam1_GTACAGTAGAGTGAAG-1","Macrophage","Macrophage"
"sam1_GTACAGTGTAGCGATG-1","T_cells","T_cells"
"sam1_GTACAGTTCCGGCAAC-1","Macrophage","Macrophage"
"sam1_GTAGAAACAGAGATTA-1","Macrophage","Unassigned"
"sam1_GTAGAGGAGGTTTGAA-1","Macrophage","Unassigned"
"sam1_GTAGAGGCACCCTGAG-1","HSC_-G-CSF","HSC_-G-CSF"
"sam1_GTAGAGGTCCATTGGA-1","Macrophage","Macrophage"
"sam1_GTAGATCGTCACTACA-1","HSC_-G-CSF","HSC_-G-CSF"
"sam1_GTAGATCGTCAGGTGA-1","MSC","MSC"
"sam1_GTAGATCGTTTGTTCT-1","NK_cell","NK_cell"
"sam1_GTAGATCTCCTCTTTC-1","T_cells","T_cells"
"sam1_GTAGCTACAGATTAAG-1","Osteoblasts","Osteoblasts"
"sam1_GTAGCTACAGCGAACA-1","DC","DC"
"sam1_GTAGCTAGTTTCGTAG-1","Pre-B_cell_CD34-","Pre-B_cell_CD34-"
"sam1_GTAGCTAGTTTGACAC-1","Macrophage","Macrophage"
"sam1_GTAGCTATCCATTCAT-1","Macrophage","Macrophage"
"sam1_GTAGCTATCTCATGGA-1","T_cells","T_cells"
"sam1_GTAGCTATCTCGCTCA-1","Macrophage","Macrophage"
"sam1_GTAGGAGAGTCCCAAT-1","Epithelial_cells","Epithelial_cells"
"sam1_GTAGGTTCACCCAATA-1","Macrophage","Unassigned"
"sam1_GTAGGTTGTGGATCGA-1","Fibroblasts","Fibroblasts"
"sam1_GTAGGTTTCGACGCGT-1","Macrophage","Macrophage"
"sam1_GTAGGTTTCTCACTCG-1","Epithelial_cells","Epithelial_cells"
"sam1_GTAGGTTTCTCTGACC-1","Macrophage","Macrophage"
"sam1_GTAGTACCACCATATG-1","Keratinocytes","Keratinocytes"
"sam1_GTAGTACCAGCTGTGC-1","Epithelial_cells","Epithelial_cells"
"sam1_GTAGTACGTATGAGCG-1","Fibroblasts","Fibroblasts"
"sam1_GTAGTACGTGGATCAG-1","Macrophage","Macrophage"
"sam1_GTAGTACGTTATAGAG-1","Epithelial_cells","Epithelial_cells"
"sam1_GTAGTACGTTGTGTTG-1","Fibroblasts","Fibroblasts"
"sam1_GTAGTACTCCTCACCA-1","Keratinocytes","Keratinocytes"
"sam1_GTATTGGAGAGCAACC-1","Keratinocytes","Keratinocytes"
"sam1_GTATTGGCAAGCTGTT-1","Macrophage","Macrophage"
"sam1_GTATTGGCACCGCTGA-1","Smooth_muscle_cells","Smooth_muscle_cells"
"sam1_GTATTGGCATCTTTCA-1","Macrophage","Macrophage"
"sam1_GTATTGGCATTCTCTA-1","Monocyte","Monocyte"
"sam1_GTATTGGGTAGAGCTG-1","Fibroblasts","Fibroblasts"
"sam1_GTATTGGGTGAGTCAG-1","Macrophage","Macrophage"
"sam1_GTATTGGGTGGGTATG-1","Macrophage","Macrophage"
"sam1_GTATTGGTCAGCTGTA-1","Fibroblasts","Fibroblasts"
"sam1_GTATTGGTCTAGATCG-1","T_cells","T_cells"
"sam1_GTATTGGTCTCCCATG-1","Macrophage","Unassigned"
"sam1_GTATTTCAGACTCCGC-1","Epithelial_cells","Epithelial_cells"
"sam1_GTATTTCAGGGCCAAT-1","Pro-B_cell_CD34+","Pro-B_cell_CD34+"
"sam1_GTATTTCAGTTCCGGC-1","Macrophage","Macrophage"
"sam1_GTATTTCCAGTAACCT-1","Keratinocytes","Keratinocytes"
"sam1_GTATTTCCATTAAGCC-1","Epithelial_cells","Epithelial_cells"
"sam1_GTATTTCCATTCAGCA-1","Epithelial_cells","Epithelial_cells"
"sam1_GTATTTCGTCCGTACG-1","DC","DC"
"sam1_GTATTTCGTGCAACAG-1","Macrophage","Macrophage"
"sam1_GTATTTCTCATCGCTC-1","Pre-B_cell_CD34-","Pre-B_cell_CD34-"
"sam1_GTATTTCTCTATTTCG-1","Epithelial_cells","Epithelial_cells"
"sam1_GTCAAACGTGGACAGT-1","Smooth_muscle_cells","Smooth_muscle_cells"
"sam1_GTCAAACGTTCTCGTC-1","MSC","MSC"
"sam1_GTCAAACTCTCGTGGG-1","Macrophage","Macrophage"
"sam1_GTCAAGTAGGTTACCT-1","Monocyte","Monocyte"
"sam1_GTCAAGTCAATTAGGA-1","Macrophage","Macrophage"
"sam1_GTCAAGTCACAGTACT-1","Smooth_muscle_cells","Smooth_muscle_cells"
"sam1_GTCAAGTGTCAAGCGA-1","BM","BM"
"sam1_GTCAAGTTCAGCGGAA-1","Macrophage","Macrophage"
"sam1_GTCAAGTTCTTTCTAG-1","Epithelial_cells","Epithelial_cells"
"sam1_GTCACGGCACAGCCTG-1","GMP","GMP"
"sam1_GTCACGGCACTGAGTT-1","Fibroblasts","Fibroblasts"
"sam1_GTCACGGGTCTAACGT-1","Epithelial_cells","Epithelial_cells"
"sam1_GTCACGGTCTTCTCAA-1","Chondrocytes","Chondrocytes"
"sam1_GTCACTCCAACAAGTA-1","Macrophage","Unassigned"
"sam1_GTCACTCCAAGGAGTC-1","Keratinocytes","Keratinocytes"
"sam1_GTCACTCGTTAGGCTT-1","Macrophage","Macrophage"
"sam1_GTCAGCGAGGCATCAG-1","Epithelial_cells","Epithelial_cells"
"sam1_GTCAGCGCAACGATCT-1","Epithelial_cells","Epithelial_cells"
"sam1_GTCATCCAGGCATCTT-1","Macrophage","Macrophage"
"sam1_GTCATCCCAGTGCCTG-1","Fibroblasts","Fibroblasts"
"sam1_GTCATCCCATCCTGTC-1","GMP","GMP"
"sam1_GTCATCCCATGGTACT-1","Epithelial_cells","Epithelial_cells"
"sam1_GTCATCCTCCGGCTTT-1","Epithelial_cells","Epithelial_cells"
"sam1_GTCATGAAGAGAATCT-1","Fibroblasts","Fibroblasts"
"sam1_GTCATGAAGTAATCCC-1","Macrophage","Macrophage"
"sam1_GTCATGAAGTATCTGC-1","Epithelial_cells","Epithelial_cells"
"sam1_GTCATGAGTGCTGATT-1","Epithelial_cells","Epithelial_cells"
"sam1_GTCATGAGTGTTGACT-1","Pre-B_cell_CD34-","Pre-B_cell_CD34-"
"sam1_GTCATGATCAAGCCCG-1","Keratinocytes","Keratinocytes"
"sam1_GTCATTTCACGCGGTT-1","DC","DC"
"sam1_GTCATTTCACTAACGT-1","MSC","MSC"
"sam1_GTCATTTCATGGAATA-1","Platelets","Platelets"
"sam1_GTCATTTGTCATCCGG-1","Epithelial_cells","Epithelial_cells"
"sam1_GTCATTTTCGACCATA-1","MSC","MSC"
"sam1_GTCCACTAGCAGATAT-1","Fibroblasts","Fibroblasts"
"sam1_GTCCACTCACCGTGGT-1","CMP","CMP"
"sam1_GTCCACTGTGCGAGTA-1","Epithelial_cells","Epithelial_cells"
"sam1_GTCCACTTCAAGCTGT-1","Macrophage","Macrophage"
"sam1_GTCCACTTCGCCACTT-1","Macrophage","Macrophage"
"sam1_GTCCACTTCTGATGGT-1","Macrophage","Macrophage"
"sam1_GTCCCATAGTTGGCGA-1","NK_cell","NK_cell"
"sam1_GTCCCATCAAACCGGA-1","BM","BM"
"sam1_GTCCCATCAAGCTACT-1","Macrophage","Macrophage"
"sam1_GTCCCATCAATGGGTG-1","Smooth_muscle_cells","Smooth_muscle_cells"
"sam1_GTCCCATCACGAAGAC-1","T_cells","T_cells"
"sam1_GTCCCATCAGCAGTAG-1","T_cells","T_cells"
"sam1_GTCCCATCAGTAGATA-1","Macrophage","Macrophage"
"sam1_GTCCCATTCAGAACCT-1","DC","DC"
"sam1_GTCCCATTCCATCTAT-1","T_cells","T_cells"
"sam1_GTCCCATTCGACATAC-1","HSC_CD34+","HSC_CD34+"
"sam1_GTCCTCAAGACCTGGA-1","Pre-B_cell_CD34-","Pre-B_cell_CD34-"
"sam1_GTCCTCAAGTCTTCCC-1","Epithelial_cells","Epithelial_cells"
"sam1_GTCCTCAGTCAACGCC-1","Macrophage","Macrophage"
"sam1_GTCCTCAGTCCAGGTC-1","Epithelial_cells","Epithelial_cells"
"sam1_GTCCTCAGTGGCCACT-1","Smooth_muscle_cells","Smooth_muscle_cells"
"sam1_GTCGAATAGAGCTTTC-1","Fibroblasts","Fibroblasts"
"sam1_GTCGAATAGGAGTCTG-1","Macrophage","Macrophage"
"sam1_GTCGAATAGGGATGTC-1","Macrophage","Macrophage"
"sam1_GTCGAATCACTGTGTA-1","HSC_CD34+","HSC_CD34+"
"sam1_GTCGAATGTCAATGGG-1","Epithelial_cells","Epithelial_cells"
"sam1_GTCGAATGTGACACGA-1","T_cells","T_cells"
"sam1_GTCGCGAAGAAGGGAT-1","Macrophage","Macrophage"
"sam1_GTCGCGAAGCCGTAAG-1","Epithelial_cells","Epithelial_cells"
"sam1_GTCGCGAAGCGATCGA-1","HSC_-G-CSF","HSC_-G-CSF"
"sam1_GTCGCGAAGGAACGAA-1","Macrophage","Unassigned"
"sam1_GTCGCGAAGTTTCGGT-1","Chondrocytes","Chondrocytes"
"sam1_GTCGCGAGTGCTCGTG-1","Gametocytes","Gametocytes"
"sam1_GTCGCGATCATTTGGG-1","T_cells","T_cells"
"sam1_GTCGTAAAGGTAACTA-1","Macrophage","Unassigned"
"sam1_GTCGTTCCACAATTCG-1","T_cells","T_cells"
"sam1_GTCGTTCGTATAGCTC-1","Fibroblasts","Fibroblasts"
"sam1_GTCGTTCGTGTCTTGA-1","Epithelial_cells","Epithelial_cells"
"sam1_GTCGTTCGTTGCCTAA-1","Fibroblasts","Fibroblasts"
"sam1_GTCGTTCTCTCCTGTG-1","Chondrocytes","Chondrocytes"
"sam1_GTCTACCAGCAAGTCG-1","Fibroblasts","Fibroblasts"
"sam1_GTCTACCAGCATCAGG-1","Fibroblasts","Fibroblasts"
"sam1_GTCTACCAGCTGTACT-1","Smooth_muscle_cells","Unassigned"
"sam1_GTCTACCAGTTCCGGC-1","Macrophage","Unassigned"
"sam1_GTCTACCCACTTTATC-1","Epithelial_cells","Epithelial_cells"
"sam1_GTCTACCGTATCATGC-1","DC","DC"
"sam1_GTCTACCGTCTTAGTG-1","Smooth_muscle_cells","Smooth_muscle_cells"
"sam1_GTCTACCTCCGTTTCG-1","Keratinocytes","Keratinocytes"
"sam1_GTCTACCTCGCGGTAC-1","Fibroblasts","Fibroblasts"
"sam1_GTCTACCTCGGAACTT-1","Pro-B_cell_CD34+","Pro-B_cell_CD34+"
"sam1_GTCTAGAAGCACTCTA-1","Fibroblasts","Unassigned"
"sam1_GTCTAGAAGGTCACTT-1","Macrophage","Macrophage"
"sam1_GTCTAGACAAGCTCTA-1","Epithelial_cells","Epithelial_cells"
"sam1_GTCTAGACACTCCTTG-1","Epithelial_cells","Epithelial_cells"
"sam1_GTCTAGAGTATCGGTT-1","Epithelial_cells","Epithelial_cells"
"sam1_GTCTAGAGTGAGCAGT-1","Smooth_muscle_cells","Smooth_muscle_cells"
"sam1_GTCTAGAGTGGAGAAA-1","NK_cell","NK_cell"
"sam1_GTCTAGATCGGTCTAA-1","Osteoblasts","Osteoblasts"
"sam1_GTCTAGATCGTGGGAA-1","Macrophage","Unassigned"
"sam1_GTCTCACAGCCACTCG-1","Epithelial_cells","Epithelial_cells"
"sam1_GTCTCACCATCTTAGG-1","Smooth_muscle_cells","Smooth_muscle_cells"
"sam1_GTCTCACGTAATGCGG-1","GMP","GMP"
"sam1_GTCTCACTCAACCTCC-1","NK_cell","NK_cell"
"sam1_GTCTGTCAGCGCCATC-1","Smooth_muscle_cells","Smooth_muscle_cells"
"sam1_GTCTGTCCATAATGCC-1","Keratinocytes","Keratinocytes"
"sam1_GTCTTTAAGCAACAGC-1","Fibroblasts","Unassigned"
"sam1_GTCTTTAAGCCACTCG-1","T_cells","T_cells"
"sam1_GTCTTTAAGGTAATCA-1","DC","DC"
"sam1_GTCTTTACAACAGAGC-1","Fibroblasts","Fibroblasts"
"sam1_GTCTTTAGTACATTGC-1","T_cells","T_cells"
"sam1_GTCTTTATCAGTGCGC-1","Pro-B_cell_CD34+","Pro-B_cell_CD34+"
"sam1_GTGACGCGTACTCCCT-1","Chondrocytes","Unassigned"
"sam1_GTGACGCTCGATTCCC-1","Epithelial_cells","Epithelial_cells"
"sam1_GTGAGCCAGCGTACAG-1","Fibroblasts","Fibroblasts"
"sam1_GTGAGCCAGTGAGGTC-1","Macrophage","Unassigned"
"sam1_GTGAGCCCACAGAGCA-1","T_cells","T_cells"
"sam1_GTGAGCCCAGGGCTTC-1","HSC_-G-CSF","HSC_-G-CSF"
"sam1_GTGAGCCGTCGATGCC-1","Smooth_muscle_cells","Smooth_muscle_cells"
"sam1_GTGAGCCTCAAAGGAT-1","Macrophage","Macrophage"
"sam1_GTGAGGAAGAGAGAAC-1","Keratinocytes","Keratinocytes"
"sam1_GTGAGGAAGCCGCTTG-1","Macrophage","Macrophage"
"sam1_GTGAGGAAGGATACGC-1","Epithelial_cells","Epithelial_cells"
"sam1_GTGAGGAAGTCCCGGT-1","Smooth_muscle_cells","Smooth_muscle_cells"
"sam1_GTGAGGACACAGCTTA-1","Fibroblasts","Fibroblasts"
"sam1_GTGAGGACACTTCATT-1","Neuroepithelial_cell","Neuroepithelial_cell"
"sam1_GTGAGGACAGAACTTC-1","Macrophage","Macrophage"
"sam1_GTGAGGAGTTTCGCTC-1","NK_cell","NK_cell"
"sam1_GTGAGTTAGGACAGTC-1","Macrophage","Macrophage"
"sam1_GTGAGTTCAATAACCC-1","Fibroblasts","Fibroblasts"
"sam1_GTGATGTAGAGTCCGA-1","Epithelial_cells","Epithelial_cells"
"sam1_GTGATGTAGTCACTGT-1","NK_cell","NK_cell"
"sam1_GTGATGTCACTTCATT-1","Macrophage","Macrophage"
"sam1_GTGATGTCAGACTCTA-1","DC","DC"
"sam1_GTGATGTCAGATCACT-1","Epithelial_cells","Epithelial_cells"
"sam1_GTGATGTCAGTGGGTA-1","Smooth_muscle_cells","Smooth_muscle_cells"
"sam1_GTGATGTTCGCTTGCT-1","Macrophage","Macrophage"
"sam1_GTGCACGAGTGGTGAC-1","HSC_CD34+","HSC_CD34+"
"sam1_GTGCACGCAATCTGCA-1","Smooth_muscle_cells","Smooth_muscle_cells"
"sam1_GTGCACGGTAACGTTC-1","Fibroblasts","Fibroblasts"
"sam1_GTGCACGGTTCGTACA-1","Monocyte","Monocyte"
"sam1_GTGCAGCAGCCTGAGA-1","Smooth_muscle_cells","Smooth_muscle_cells"
"sam1_GTGCAGCAGGATATAC-1","Hepatocytes","Hepatocytes"
"sam1_GTGCAGCCACGTAACT-1","T_cells","T_cells"
"sam1_GTGCAGCGTCACGACC-1","Macrophage","Macrophage"
"sam1_GTGCAGCGTGGCTGCT-1","Macrophage","Macrophage"
"sam1_GTGCGTGCAATACGCT-1","Pre-B_cell_CD34-","Pre-B_cell_CD34-"
"sam1_GTGCGTGGTGGCTTAT-1","Embryonic_stem_cells","Embryonic_stem_cells"
"sam1_GTGCGTGTCGTTCCCA-1","Smooth_muscle_cells","Smooth_muscle_cells"
"sam1_GTGCTGGAGGTAGACC-1","Keratinocytes","Keratinocytes"
"sam1_GTGCTGGCAACCTATG-1","T_cells","T_cells"
"sam1_GTGCTGGCAATCCTTT-1","Macrophage","Macrophage"
"sam1_GTGCTGGGTCAACACT-1","Keratinocytes","Keratinocytes"
"sam1_GTGCTGGGTCCCGTGA-1","Smooth_muscle_cells","Smooth_muscle_cells"
"sam1_GTGCTGGTCAAGAGGC-1","Epithelial_cells","Epithelial_cells"
"sam1_GTGCTGGTCACTGATG-1","Macrophage","Macrophage"
"sam1_GTGCTGGTCCGAAGGA-1","Neutrophils","Neutrophils"
"sam1_GTGCTGGTCGTCAGAT-1","Fibroblasts","Fibroblasts"
"sam1_GTGCTTCAGAGATCGC-1","Epithelial_cells","Epithelial_cells"
"sam1_GTGCTTCAGCACAAAT-1","Neutrophils","Neutrophils"
"sam1_GTGCTTCCACCGTACG-1","Epithelial_cells","Epithelial_cells"
"sam1_GTGCTTCCACTTGAAC-1","Astrocyte","Astrocyte"
"sam1_GTGCTTCCAGACTGCC-1","Macrophage","Macrophage"
"sam1_GTGCTTCCATGAAAGT-1","Macrophage","Macrophage"
"sam1_GTGCTTCTCGTTGTGA-1","Pro-B_cell_CD34+","Pro-B_cell_CD34+"
"sam1_GTGGAAGCAGTGGTGA-1","Fibroblasts","Fibroblasts"
"sam1_GTGGAAGCATACGCAT-1","Pre-B_cell_CD34-","Pre-B_cell_CD34-"
"sam1_GTGGAAGGTCCAGTTA-1","T_cells","T_cells"
"sam1_GTGGAAGTCAGTGTTG-1","T_cells","T_cells"
"sam1_GTGGAGACACCCTTGT-1","Pre-B_cell_CD34-","Pre-B_cell_CD34-"
"sam1_GTGGAGACACGCGGTT-1","Macrophage","Macrophage"
"sam1_GTGGAGAGTGGATCGA-1","T_cells","T_cells"
"sam1_GTGGAGATCCGAGGCT-1","Fibroblasts","Fibroblasts"
"sam1_GTGGAGATCGCACTCT-1","HSC_CD34+","HSC_CD34+"
"sam1_GTGGAGATCTTGTTAC-1","Macrophage","Macrophage"
"sam1_GTGGCGTCACGATAGG-1","T_cells","T_cells"
"sam1_GTGGCGTCAGTAGTTC-1","Macrophage","Macrophage"
"sam1_GTGGCGTGTCACCCTT-1","Smooth_muscle_cells","Smooth_muscle_cells"
"sam1_GTGGGAACAAGAGAGA-1","T_cells","T_cells"
"sam1_GTGGGAACACCGCTAG-1","CMP","CMP"
"sam1_GTGGGAACACTGCACG-1","Monocyte","Monocyte"
"sam1_GTGGGAACATGGAGAC-1","T_cells","T_cells"
"sam1_GTGGGAAGTATACGGG-1","Smooth_muscle_cells","Smooth_muscle_cells"
"sam1_GTGGGAAGTTCCGCGA-1","Macrophage","Macrophage"
"sam1_GTGGTTAAGGGCAGAG-1","Tissue_stem_cells","Tissue_stem_cells"
"sam1_GTGGTTACACAAGCTT-1","B_cell","B_cell"
"sam1_GTGGTTACACCCATAA-1","NK_cell","NK_cell"
"sam1_GTGGTTACAGTCAACT-1","iPS_cells","iPS_cells"
"sam1_GTGGTTACAGTCAGCC-1","Fibroblasts","Fibroblasts"
"sam1_GTGGTTACATCACCAA-1","Epithelial_cells","Epithelial_cells"
"sam1_GTGGTTAGTATTAAGG-1","Macrophage","Macrophage"
"sam1_GTGGTTAGTGTACGCC-1","Macrophage","Macrophage"
"sam1_GTGGTTATCCGCACGA-1","GMP","GMP"
"sam1_GTGTAACAGCGCCTCA-1","Fibroblasts","Fibroblasts"
"sam1_GTGTAACCATCGAACT-1","Fibroblasts","Fibroblasts"
"sam1_GTGTAACTCACTGATG-1","Pro-B_cell_CD34+","Pro-B_cell_CD34+"
"sam1_GTGTAACTCCTTGGAA-1","Macrophage","Macrophage"
"sam1_GTGTCCTAGCAAGTCG-1","Smooth_muscle_cells","Smooth_muscle_cells"
"sam1_GTGTCCTCAAAGCGTG-1","Fibroblasts","Fibroblasts"
"sam1_GTGTCCTCACCCTAGG-1","Smooth_muscle_cells","Smooth_muscle_cells"
"sam1_GTGTCCTCACTGTGTA-1","T_cells","T_cells"
"sam1_GTGTCCTGTAAGATAC-1","Smooth_muscle_cells","Smooth_muscle_cells"
"sam1_GTGTCCTGTGCATCTA-1","Fibroblasts","Fibroblasts"
"sam1_GTGTCCTTCAAGCCAT-1","Fibroblasts","Unassigned"
"sam1_GTGTGATAGCTCGTGC-1","DC","DC"
"sam1_GTGTGATCAAACTAGA-1","Macrophage","Macrophage"
"sam1_GTGTGATGTATCGCTA-1","NK_cell","NK_cell"
"sam1_GTGTGATGTGCATACT-1","HSC_-G-CSF","HSC_-G-CSF"
"sam1_GTGTGATGTTCCCAAA-1","Macrophage","Macrophage"
"sam1_GTGTGATTCGACACTA-1","Smooth_muscle_cells","Smooth_muscle_cells"
"sam1_GTGTGATTCTGGGCAC-1","Macrophage","Macrophage"
"sam1_GTGTGGCAGGATTTCC-1","Macrophage","Macrophage"
"sam1_GTGTGGCCAACTTCTT-1","T_cells","T_cells"
"sam1_GTGTGGCCACAAAGCG-1","Epithelial_cells","Epithelial_cells"
"sam1_GTGTGGCCAGAGATTA-1","Embryonic_stem_cells","Embryonic_stem_cells"
"sam1_GTGTGGCCATTGAAGA-1","T_cells","T_cells"
"sam1_GTGTGGCGTAGCTTGT-1","DC","DC"
"sam1_GTGTGGCTCCAATGCA-1","Macrophage","Macrophage"
"sam1_GTGTGGCTCTATACGG-1","DC","DC"
"sam1_GTGTGGCTCTGACCCT-1","Epithelial_cells","Epithelial_cells"
"sam1_GTGTTAGGTAGAGACC-1","Fibroblasts","Fibroblasts"
"sam1_GTGTTAGGTCTGTCCT-1","NK_cell","NK_cell"
"sam1_GTGTTCCCACGGCCAT-1","Macrophage","Macrophage"
"sam1_GTGTTCCCAGTTGTTG-1","Erythroblast","Erythroblast"
"sam1_GTGTTCCGTACAAGTA-1","CMP","CMP"
"sam1_GTGTTCCGTGAGTGAC-1","Fibroblasts","Fibroblasts"
"sam1_GTGTTCCTCAAACCTG-1","Epithelial_cells","Epithelial_cells"
"sam1_GTGTTCCTCAAGTGTC-1","Fibroblasts","Fibroblasts"
"sam1_GTGTTCCTCCGGACTG-1","Macrophage","Macrophage"
"sam1_GTGTTCCTCGCACTCT-1","BM","BM"
"sam1_GTTACAGAGATCACCT-1","Epithelial_cells","Epithelial_cells"
"sam1_GTTACAGAGCTCCGAC-1","HSC_-G-CSF","HSC_-G-CSF"
"sam1_GTTACAGGTGGGTTGA-1","GMP","GMP"
"sam1_GTTACAGTCACAGAGG-1","T_cells","T_cells"
"sam1_GTTACCCCAAGACGGT-1","Pro-B_cell_CD34+","Pro-B_cell_CD34+"
"sam1_GTTACCCCACCGTCTT-1","Pro-B_cell_CD34+","Pro-B_cell_CD34+"
"sam1_GTTACCCCACTGCATA-1","Neurons","Neurons"
"sam1_GTTACCCCAGGGAGAG-1","Fibroblasts","Fibroblasts"
"sam1_GTTACCCCATTCAGGT-1","Macrophage","Macrophage"
"sam1_GTTACCCGTAATCAAG-1","T_cells","T_cells"
"sam1_GTTACCCGTACAGCGA-1","Epithelial_cells","Epithelial_cells"
"sam1_GTTACCCGTAGGCAGT-1","Smooth_muscle_cells","Unassigned"
"sam1_GTTACCCGTGAGGCAT-1","Epithelial_cells","Epithelial_cells"
"sam1_GTTACGAAGGTACATA-1","Keratinocytes","Keratinocytes"
"sam1_GTTACGACAGACCATT-1","Epithelial_cells","Epithelial_cells"
"sam1_GTTACGACAGCGATTT-1","BM","BM"
"sam1_GTTACGAGTACGGCAA-1","MSC","MSC"
"sam1_GTTACGAGTCGTGGTC-1","Epithelial_cells","Epithelial_cells"
"sam1_GTTACGAGTTCTCCTG-1","Fibroblasts","Fibroblasts"
"sam1_GTTACGATCTCATAGG-1","Fibroblasts","Fibroblasts"
"sam1_GTTAGACAGCTGTTCA-1","Macrophage","Macrophage"
"sam1_GTTAGACAGTCAGGGT-1","Chondrocytes","Chondrocytes"
"sam1_GTTAGACCAATTCACG-1","T_cells","T_cells"
"sam1_GTTAGACCAGCGCGTT-1","Smooth_muscle_cells","Smooth_muscle_cells"
"sam1_GTTAGACCATTGACCA-1","Epithelial_cells","Epithelial_cells"
"sam1_GTTAGACGTAGGGAGG-1","Fibroblasts","Fibroblasts"
"sam1_GTTAGACTCCATGCAA-1","Pre-B_cell_CD34-","Pre-B_cell_CD34-"
"sam1_GTTAGACTCCATTCAT-1","Macrophage","Macrophage"
"sam1_GTTAGACTCCGTGCGA-1","Macrophage","Macrophage"
"sam1_GTTAGTGAGCTTAAGA-1","Epithelial_cells","Epithelial_cells"
"sam1_GTTAGTGAGTCCTACA-1","Epithelial_cells","Epithelial_cells"
"sam1_GTTAGTGCACATAGCT-1","Smooth_muscle_cells","Unassigned"
"sam1_GTTAGTGCAGTTTCAG-1","Epithelial_cells","Epithelial_cells"
"sam1_GTTAGTGGTCCGACGT-1","Epithelial_cells","Epithelial_cells"
"sam1_GTTAGTGGTCGCATGC-1","Macrophage","Macrophage"
"sam1_GTTAGTGTCACCTACC-1","T_cells","T_cells"
"sam1_GTTAGTGTCCTCGCAT-1","Macrophage","Macrophage"
"sam1_GTTATGGCAGCAATTC-1","Neurons","Neurons"
"sam1_GTTATGGGTAGCTGTT-1","Pro-B_cell_CD34+","Pro-B_cell_CD34+"
"sam1_GTTATGGGTGCGGTAA-1","Chondrocytes","Unassigned"
"sam1_GTTATGGTCGCATTGA-1","NK_cell","NK_cell"
"sam1_GTTATGGTCGGCTGGT-1","Fibroblasts","Fibroblasts"
"sam1_GTTATGGTCTCAATCT-1","Fibroblasts","Fibroblasts"
"sam1_GTTCATTAGCGAATGC-1","Macrophage","Macrophage"
"sam1_GTTCATTCACACCTGG-1","Macrophage","Macrophage"
"sam1_GTTCATTGTAACATAG-1","Epithelial_cells","Epithelial_cells"
"sam1_GTTCATTGTTACCCTC-1","Macrophage","Macrophage"
"sam1_GTTCATTTCTGCTTAT-1","Macrophage","Unassigned"
"sam1_GTTCCGTAGAGCACTG-1","DC","DC"
"sam1_GTTCCGTAGCCATTTG-1","Macrophage","Macrophage"
"sam1_GTTCCGTAGCTGAGTG-1","Macrophage","Macrophage"
"sam1_GTTCCGTTCGTCTACC-1","Fibroblasts","Fibroblasts"
"sam1_GTTCGCTTCTAGACCA-1","GMP","GMP"
"sam1_GTTCGCTTCTCGCTTG-1","Keratinocytes","Keratinocytes"
"sam1_GTTCTATAGAAGAGCA-1","HSC_CD34+","HSC_CD34+"
"sam1_GTTCTATAGCACTCGC-1","Macrophage","Macrophage"
"sam1_GTTCTATAGTCAACAA-1","Epithelial_cells","Epithelial_cells"
"sam1_GTTCTATCACAGAGAC-1","T_cells","T_cells"
"sam1_GTTCTATGTCTCTCAC-1","Epithelial_cells","Epithelial_cells"
"sam1_GTTCTATTCGAATGCT-1","Epithelial_cells","Epithelial_cells"
"sam1_GTTCTATTCTGATTCT-1","BM","BM"
"sam1_GTTCTATTCTGGACTA-1","Fibroblasts","Fibroblasts"
"sam1_GTTGAACCAACTTGGT-1","Chondrocytes","Chondrocytes"
"sam1_GTTGAACCACACCAGC-1","Neutrophils","Neutrophils"
"sam1_GTTGAACCATATCTCT-1","NK_cell","NK_cell"
"sam1_GTTGAACCATGTGGTT-1","Smooth_muscle_cells","Smooth_muscle_cells"
"sam1_GTTGAACGTTGGACCC-1","HSC_-G-CSF","HSC_-G-CSF"
"sam1_GTTGAACTCTTGTGCC-1","Fibroblasts","Fibroblasts"
"sam1_GTTGCGGAGGTAAGAG-1","Epithelial_cells","Epithelial_cells"
"sam1_GTTGCGGAGTATGAAC-1","Keratinocytes","Keratinocytes"
"sam1_GTTGCGGGTCGCATTA-1","NK_cell","NK_cell"
"sam1_GTTGCGGGTGGTACAG-1","T_cells","T_cells"
"sam1_GTTGCGGGTTAGGCCC-1","T_cells","T_cells"
"sam1_GTTGCGGTCACGTAGT-1","Pro-B_cell_CD34+","Pro-B_cell_CD34+"
"sam1_GTTGCTCAGCATATGA-1","Epithelial_cells","Epithelial_cells"
"sam1_GTTGCTCAGGTAGATT-1","Pre-B_cell_CD34-","Pre-B_cell_CD34-"
"sam1_GTTGCTCCAGAAGCGT-1","Macrophage","Unassigned"
"sam1_GTTGCTCCAGGCTACC-1","HSC_CD34+","HSC_CD34+"
"sam1_GTTGCTCCATGAATCC-1","Keratinocytes","Keratinocytes"
"sam1_GTTGTAGAGCACGATG-1","Macrophage","Macrophage"
"sam1_GTTGTAGCAAAGTGTA-1","NK_cell","NK_cell"
"sam1_GTTGTAGCAACGGCTC-1","Macrophage","Macrophage"
"sam1_GTTGTAGCAAGTTCCA-1","Pro-B_cell_CD34+","Pro-B_cell_CD34+"
"sam1_GTTGTAGTCATGGGAG-1","Monocyte","Monocyte"
"sam1_GTTGTAGTCCTACCGT-1","Smooth_muscle_cells","Smooth_muscle_cells"
"sam1_GTTGTAGTCGTGGGAA-1","Macrophage","Unassigned"
"sam1_GTTGTCCAGCTGGCCT-1","Macrophage","Macrophage"
"sam1_GTTGTCCCATAAGCGG-1","Chondrocytes","Chondrocytes"
"sam1_GTTGTCCGTAGGAAAG-1","Fibroblasts","Fibroblasts"
"sam1_GTTGTCCTCCACAGCG-1","Neutrophils","Neutrophils"
"sam1_GTTGTGAAGGAGAGTA-1","Smooth_muscle_cells","Smooth_muscle_cells"
"sam1_GTTGTGAGTGAACCGA-1","BM","BM"
"sam1_GTTGTGAGTGCCTACG-1","Pre-B_cell_CD34-","Pre-B_cell_CD34-"
"sam1_GTTGTGATCGGTGTTA-1","B_cell","B_cell"
"sam1_GTTGTGATCTCCAAGA-1","Macrophage","Macrophage"
"sam1_GTTTACTCAGCTCCTT-1","Epithelial_cells","Epithelial_cells"
"sam1_GTTTACTCAGGATTCT-1","DC","DC"
"sam1_GTTTACTCATCGCTCT-1","Smooth_muscle_cells","Unassigned"
"sam1_GTTTACTCATGTTCAG-1","Neutrophils","Neutrophils"
"sam1_GTTTACTCATTCGGGC-1","Chondrocytes","Chondrocytes"
"sam1_GTTTACTTCTCATTGT-1","Macrophage","Unassigned"
"sam1_GTTTACTTCTTGGCTC-1","Smooth_muscle_cells","Smooth_muscle_cells"
"sam1_GTTTGGAAGCGGTAGT-1","Macrophage","Macrophage"
"sam1_GTTTGGAAGGTGCTAG-1","Pro-B_cell_CD34+","Pro-B_cell_CD34+"
"sam1_GTTTGGACATCCCACT-1","Fibroblasts","Fibroblasts"
"sam1_GTTTGGAGTCGTACTA-1","Pre-B_cell_CD34-","Pre-B_cell_CD34-"
"sam1_GTTTGGAGTTGTAGCT-1","Macrophage","Macrophage"
"sam1_GTTTGGATCCACAGGC-1","Epithelial_cells","Epithelial_cells"
"sam1_GTTTGGATCGACGCTG-1","Smooth_muscle_cells","Smooth_muscle_cells"
"sam1_GTTTGGATCTGTCTCG-1","Pre-B_cell_CD34-","Pre-B_cell_CD34-"
"sam1_TAACACGCAATGAACA-1","Epithelial_cells","Epithelial_cells"
"sam1_TAACACGCAATGGGTG-1","HSC_CD34+","HSC_CD34+"
"sam1_TAACACGGTGCCGTAC-1","Epithelial_cells","Epithelial_cells"
"sam1_TAACCAGAGTGCAACG-1","T_cells","T_cells"
"sam1_TAACCAGGTAGGTTTC-1","Epithelial_cells","Epithelial_cells"
"sam1_TAACGACAGGTGCAGT-1","Epithelial_cells","Epithelial_cells"
"sam1_TAACGACAGTTCGCAT-1","HSC_-G-CSF","HSC_-G-CSF"
"sam1_TAACGACCAACACACT-1","Pre-B_cell_CD34-","Pre-B_cell_CD34-"
"sam1_TAACGACTCAGCCTTC-1","Macrophage","Macrophage"
"sam1_TAACGACTCCACTGGG-1","Fibroblasts","Unassigned"
"sam1_TAACGACTCCTCACGT-1","Macrophage","Unassigned"
"sam1_TAACGACTCGGAGCAA-1","Macrophage","Macrophage"
"sam1_TAACGACTCTCGGTCT-1","Epithelial_cells","Epithelial_cells"
"sam1_TAACTTCAGGTATAGT-1","Smooth_muscle_cells","Smooth_muscle_cells"
"sam1_TAACTTCCAACACACT-1","Epithelial_cells","Epithelial_cells"
"sam1_TAACTTCCACGGTGCT-1","T_cells","T_cells"
"sam1_TAACTTCCAGATACCT-1","Smooth_muscle_cells","Unassigned"
"sam1_TAACTTCCAGTGACCC-1","Hepatocytes","Hepatocytes"
"sam1_TAACTTCGTTCCACGG-1","T_cells","T_cells"
"sam1_TAACTTCTCACTGTTT-1","Epithelial_cells","Epithelial_cells"
"sam1_TAACTTCTCCAGTTCC-1","Epithelial_cells","Epithelial_cells"
"sam1_TAACTTCTCGTACCTC-1","NK_cell","NK_cell"
"sam1_TAACTTCTCTTCACAT-1","HSC_-G-CSF","HSC_-G-CSF"
"sam1_TAAGCACAGTGCTAGG-1","T_cells","T_cells"
"sam1_TAAGCACAGTTGAATG-1","Neurons","Neurons"
"sam1_TAAGCACCAAACAGGC-1","Epithelial_cells","Epithelial_cells"
"sam1_TAAGCACGTACGAAAT-1","Epithelial_cells","Epithelial_cells"
"sam1_TAAGCACGTAGGTTTC-1","NK_cell","NK_cell"
"sam1_TAAGCACGTGATACCT-1","T_cells","T_cells"
"sam1_TAAGCACTCACCCTCA-1","Macrophage","Macrophage"
"sam1_TAAGCACTCACGTAGT-1","BM","BM"
"sam1_TAAGCACTCCTCAGGG-1","Fibroblasts","Fibroblasts"
"sam1_TAAGCACTCGGACGTC-1","Smooth_muscle_cells","Smooth_muscle_cells"
"sam1_TAAGCCAAGCTGGAGT-1","Pro-B_cell_CD34+","Pro-B_cell_CD34+"
"sam1_TAAGCCACAGTAGAGC-1","Macrophage","Macrophage"
"sam1_TAAGCCAGTATCGTGT-1","Smooth_muscle_cells","Smooth_muscle_cells"
"sam1_TAAGCCAGTCGCTTGG-1","Epithelial_cells","Epithelial_cells"
"sam1_TAAGCCAGTGGCTGCT-1","iPS_cells","iPS_cells"
"sam1_TAAGCCAGTTGCGGCT-1","Macrophage","Macrophage"
"sam1_TAAGCCATCCAAGCAT-1","Neutrophils","Neutrophils"
"sam1_TAAGCCATCGCCTTTG-1","Platelets","Platelets"
"sam1_TAAGCCATCTAAGCCA-1","Epithelial_cells","Epithelial_cells"
"sam1_TAAGCGTAGACCCGCT-1","DC","DC"
"sam1_TAAGCGTAGACGACGT-1","Smooth_muscle_cells","Smooth_muscle_cells"
"sam1_TAAGCGTAGAGCATTA-1","HSC_-G-CSF","HSC_-G-CSF"
"sam1_TAAGCGTAGTCATGCT-1","Smooth_muscle_cells","Smooth_muscle_cells"
"sam1_TAAGCGTAGTCGTTAC-1","Pre-B_cell_CD34-","Pre-B_cell_CD34-"
"sam1_TAAGCGTCACAATGAA-1","Fibroblasts","Fibroblasts"
"sam1_TAAGCGTCATTGGCAT-1","Epithelial_cells","Epithelial_cells"
"sam1_TAAGCGTGTTAAGCAA-1","Keratinocytes","Keratinocytes"
"sam1_TAAGCGTTCCGATGCG-1","Smooth_muscle_cells","Smooth_muscle_cells"
"sam1_TAAGCGTTCGCTAATG-1","Epithelial_cells","Epithelial_cells"
"sam1_TAAGTCGAGACTCTTG-1","Neutrophils","Neutrophils"
"sam1_TAAGTCGAGCACTCTA-1","Smooth_muscle_cells","Smooth_muscle_cells"
"sam1_TAAGTCGAGTATGACA-1","Macrophage","Macrophage"
"sam1_TAAGTCGCAGCAGATG-1","Macrophage","Macrophage"
"sam1_TAAGTCGGTACTTGTG-1","Macrophage","Macrophage"
"sam1_TAAGTCGGTATTCTCT-1","Epithelial_cells","Epithelial_cells"
"sam1_TAAGTCGGTTAACAGA-1","Epithelial_cells","Epithelial_cells"
"sam1_TAAGTCGGTTCGCGTG-1","Fibroblasts","Fibroblasts"
"sam1_TAAGTCGGTTTACACG-1","Fibroblasts","Fibroblasts"
"sam1_TAATCTCAGGCCACTC-1","Smooth_muscle_cells","Unassigned"
"sam1_TAATCTCAGGTGGTTG-1","Macrophage","Macrophage"
"sam1_TAATCTCCAACGACTT-1","Epithelial_cells","Epithelial_cells"
"sam1_TAATCTCTCCCTTGTG-1","Pro-B_cell_CD34+","Pro-B_cell_CD34+"
"sam1_TAATCTCTCCTCTAAT-1","Smooth_muscle_cells","Smooth_muscle_cells"
"sam1_TAATCTCTCGCACGAC-1","Epithelial_cells","Epithelial_cells"
"sam1_TAATCTCTCGGCGATC-1","Neurons","Neurons"
"sam1_TAATCTCTCTGGGCGT-1","Fibroblasts","Fibroblasts"
"sam1_TAATTCCAGTGAGTTA-1","Fibroblasts","Fibroblasts"
"sam1_TAATTCCCACAATGTC-1","Epithelial_cells","Epithelial_cells"
"sam1_TAATTCCCAGGCACTC-1","Smooth_muscle_cells","Smooth_muscle_cells"
"sam1_TAATTCCCATGGAATA-1","Macrophage","Macrophage"
"sam1_TAATTCCTCCACAAGT-1","Epithelial_cells","Epithelial_cells"
"sam1_TACAACGAGACGACTG-1","Epithelial_cells","Epithelial_cells"
"sam1_TACAACGAGCAACAGC-1","Epithelial_cells","Epithelial_cells"
"sam1_TACAACGAGTCCGTCG-1","Macrophage","Macrophage"
"sam1_TACAACGCATGCAGGA-1","Macrophage","Macrophage"
"sam1_TACAACGGTCAATCTG-1","NK_cell","NK_cell"
"sam1_TACAACGGTTATTCTC-1","Epithelial_cells","Epithelial_cells"
"sam1_TACAACGTCTGACGCG-1","Smooth_muscle_cells","Smooth_muscle_cells"
"sam1_TACAACGTCTGTCCCA-1","Keratinocytes","Keratinocytes"
"sam1_TACACCCAGAGTATAC-1","Pre-B_cell_CD34-","Pre-B_cell_CD34-"
"sam1_TACACCCAGATGTTAG-1","Epithelial_cells","Epithelial_cells"
"sam1_TACACCCCAGATCCAT-1","Epithelial_cells","Epithelial_cells"
"sam1_TACACCCGTGCGTGCT-1","Macrophage","Macrophage"
"sam1_TACACCCTCAGCCTTC-1","Smooth_muscle_cells","Smooth_muscle_cells"
"sam1_TACACCCTCCCTTCCC-1","Epithelial_cells","Epithelial_cells"
"sam1_TACACCCTCGTTCTCG-1","Pro-B_cell_CD34+","Pro-B_cell_CD34+"
"sam1_TACACCCTCTACTCAT-1","Epithelial_cells","Epithelial_cells"
"sam1_TACAGGTCACCCTATC-1","Epithelial_cells","Epithelial_cells"
"sam1_TACAGGTGTAGCTAAA-1","Epithelial_cells","Epithelial_cells"
"sam1_TACAGGTGTCTTCGAA-1","Epithelial_cells","Epithelial_cells"
"sam1_TACAGGTGTTACACAC-1","T_cells","T_cells"
"sam1_TACAGGTTCAAACTGC-1","Macrophage","Unassigned"
"sam1_TACAGGTTCATCAGTG-1","NK_cell","NK_cell"
"sam1_TACATTCAGACGACGT-1","T_cells","T_cells"
"sam1_TACATTCAGACGATAT-1","Pre-B_cell_CD34-","Pre-B_cell_CD34-"
"sam1_TACATTCCAGCCATTA-1","NK_cell","NK_cell"
"sam1_TACATTCCAGTATTCG-1","HSC_CD34+","HSC_CD34+"
"sam1_TACATTCCATACCGTA-1","Pro-B_cell_CD34+","Pro-B_cell_CD34+"
"sam1_TACATTCTCATCTCTA-1","NK_cell","NK_cell"
"sam1_TACATTCTCATGAAAG-1","T_cells","T_cells"
"sam1_TACATTCTCGAAGAAT-1","Macrophage","Macrophage"
"sam1_TACCCACAGCTAAACA-1","Macrophage","Macrophage"
"sam1_TACCCACAGGACATCG-1","Smooth_muscle_cells","Unassigned"
"sam1_TACCCACAGTACAACA-1","Pro-B_cell_CD34+","Pro-B_cell_CD34+"
"sam1_TACCCACCATCGATGT-1","Epithelial_cells","Epithelial_cells"
"sam1_TACCCACCATTGACAC-1","HSC_CD34+","HSC_CD34+"
"sam1_TACCCACGTCAAAGTA-1","Osteoblasts","Osteoblasts"
"sam1_TACCCACTCTTCTCAA-1","Macrophage","Unassigned"
"sam1_TACCCGTAGACCCTTA-1","Endothelial_cells","Endothelial_cells"
"sam1_TACCCGTCAGTTTCGA-1","BM","BM"
"sam1_TACCCGTCATACCAGT-1","Chondrocytes","Chondrocytes"
"sam1_TACCCGTCATTCCTAT-1","Epithelial_cells","Epithelial_cells"
"sam1_TACCCGTGTTAAAGTG-1","Macrophage","Macrophage"
"sam1_TACCCGTTCAATCTCT-1","Epithelial_cells","Epithelial_cells"
"sam1_TACCCGTTCATAAGGA-1","Pro-B_cell_CD34+","Pro-B_cell_CD34+"
"sam1_TACCCGTTCCACGGGT-1","HSC_CD34+","HSC_CD34+"
"sam1_TACCCGTTCGACCAAT-1","Macrophage","Macrophage"
"sam1_TACCCGTTCTCGTGAA-1","HSC_-G-CSF","HSC_-G-CSF"
"sam1_TACCGAACAAGTTCCA-1","T_cells","T_cells"
"sam1_TACCGAACACGCCAGT-1","HSC_CD34+","HSC_CD34+"
"sam1_TACCGAACATACCACA-1","Epithelial_cells","Epithelial_cells"
"sam1_TACCGAATCTGCCCTA-1","Macrophage","Macrophage"
"sam1_TACCGGGAGCAACAAT-1","Monocyte","Monocyte"
"sam1_TACCGGGAGCGTTACT-1","Macrophage","Macrophage"
"sam1_TACCGGGCAAGACCGA-1","Epithelial_cells","Epithelial_cells"
"sam1_TACCGGGCATGACACT-1","Macrophage","Unassigned"
"sam1_TACCGGGGTTAGGGTG-1","Macrophage","Macrophage"
"sam1_TACCGGGTCCAAAGGG-1","Monocyte","Monocyte"
"sam1_TACCTCGAGACGGTCA-1","Macrophage","Macrophage"
"sam1_TACCTCGAGCCATATC-1","Smooth_muscle_cells","Smooth_muscle_cells"
"sam1_TACCTCGAGTCACACT-1","GMP","GMP"
"sam1_TACCTCGCAACTCGAT-1","Macrophage","Macrophage"
"sam1_TACCTCGCAATGAAAC-1","Epithelial_cells","Epithelial_cells"
"sam1_TACCTCGCATGATGCT-1","Epithelial_cells","Epithelial_cells"
"sam1_TACCTCGGTATACCCA-1","Macrophage","Unassigned"
"sam1_TACCTCGTCATTGCTT-1","Epithelial_cells","Epithelial_cells"
"sam1_TACCTCGTCCCGAGTG-1","Epithelial_cells","Epithelial_cells"
"sam1_TACCTCGTCCTACACC-1","Neutrophils","Neutrophils"
"sam1_TACCTGCAGAGGTTTA-1","T_cells","T_cells"
"sam1_TACCTGCAGGGCAACT-1","BM","BM"
"sam1_TACCTGCCAACGATCT-1","Epithelial_cells","Epithelial_cells"
"sam1_TACCTGCCACAGTCCG-1","Fibroblasts","Fibroblasts"
"sam1_TACCTGCCACGATTCA-1","Epithelial_cells","Epithelial_cells"
"sam1_TACCTGCCATCAGCGC-1","Gametocytes","Gametocytes"
"sam1_TACCTGCCATGGCACC-1","Pre-B_cell_CD34-","Pre-B_cell_CD34-"
"sam1_TACCTGCGTACCATAC-1","Fibroblasts","Fibroblasts"
"sam1_TACCTGCTCACCATCC-1","NK_cell","NK_cell"
"sam1_TACCTGCTCCCAAGCG-1","Myelocyte","Myelocyte"
"sam1_TACCTGCTCGTGGCTG-1","Epithelial_cells","Epithelial_cells"
"sam1_TACCTGCTCTCATTTG-1","Epithelial_cells","Epithelial_cells"
"sam1_TACGCTCAGTATAACG-1","Fibroblasts","Fibroblasts"
"sam1_TACGCTCAGTCCCAGC-1","Epithelial_cells","Epithelial_cells"
"sam1_TACGCTCCAACGACAG-1","Epithelial_cells","Epithelial_cells"
"sam1_TACGCTCCAAGCGATG-1","Pre-B_cell_CD34-","Pre-B_cell_CD34-"
"sam1_TACGCTCCACACCTTC-1","Monocyte","Monocyte"
"sam1_TACGGGCGTATCGTAC-1","BM","BM"
"sam1_TACGGGCGTCATCGGC-1","Macrophage","Macrophage"
"sam1_TACGGGCGTGTTACTG-1","DC","DC"
"sam1_TACGGGCTCACTTATC-1","Keratinocytes","Keratinocytes"
"sam1_TACGGGCTCATGTCAG-1","Smooth_muscle_cells","Smooth_muscle_cells"
"sam1_TACGGGCTCTCATTAC-1","BM","BM"
"sam1_TACGGGCTCTCTAGGA-1","Keratinocytes","Keratinocytes"
"sam1_TACGGTAAGCAATTAG-1","GMP","GMP"
"sam1_TACGGTAAGGATTTGA-1","HSC_-G-CSF","HSC_-G-CSF"
"sam1_TACGGTACACTACACA-1","Pro-B_cell_CD34+","Pro-B_cell_CD34+"
"sam1_TACGGTACAGCGACAA-1","T_cells","T_cells"
"sam1_TACGGTATCATTACCT-1","Keratinocytes","Keratinocytes"
"sam1_TACGGTATCTTCGATT-1","Chondrocytes","Chondrocytes"
"sam1_TACGGTATCTTGTTAC-1","DC","DC"
"sam1_TACGTCCAGCATTTCG-1","Fibroblasts","Fibroblasts"
"sam1_TACGTCCAGGATTTAG-1","Macrophage","Macrophage"
"sam1_TACGTCCCACACACGC-1","DC","DC"
"sam1_TACGTCCCACTCCACT-1","Macrophage","Unassigned"
"sam1_TACGTCCCATCTGTTT-1","Epithelial_cells","Epithelial_cells"
"sam1_TACGTCCGTCGATTAC-1","NK_cell","NK_cell"
"sam1_TACGTCCTCACGATCA-1","Epithelial_cells","Epithelial_cells"
"sam1_TACGTCCTCGACGATT-1","Endothelial_cells","Endothelial_cells"
"sam1_TACGTCCTCTCTTAAC-1","GMP","GMP"
"sam1_TACTGCCCAAAGCGTG-1","T_cells","T_cells"
"sam1_TACTGCCCACTGCTTC-1","DC","DC"
"sam1_TACTGCCCAGGATCTT-1","Epithelial_cells","Epithelial_cells"
"sam1_TACTGCCCATAATCGC-1","Macrophage","Macrophage"
"sam1_TACTGCCCATGTGCCG-1","Macrophage","Unassigned"
"sam1_TACTGCCGTAAGAACT-1","Pro-B_cell_CD34+","Pro-B_cell_CD34+"
"sam1_TACTTACCACTTCAAG-1","Epithelial_cells","Epithelial_cells"
"sam1_TACTTACCAGTTTGGT-1","Epithelial_cells","Epithelial_cells"
"sam1_TACTTACGTGCACGCT-1","Smooth_muscle_cells","Smooth_muscle_cells"
"sam1_TACTTACTCAGAATAG-1","DC","DC"
"sam1_TACTTACTCCGGCTTT-1","Keratinocytes","Keratinocytes"
"sam1_TACTTACTCGCTAATG-1","Epithelial_cells","Epithelial_cells"
"sam1_TACTTACTCGGCTATA-1","T_cells","T_cells"
"sam1_TACTTACTCTCCGATC-1","T_cells","T_cells"
"sam1_TACTTCAAGAAATTCG-1","Smooth_muscle_cells","Smooth_muscle_cells"
"sam1_TACTTCAAGAGGATCC-1","NK_cell","NK_cell"
"sam1_TACTTCAAGCAACTCT-1","Epithelial_cells","Epithelial_cells"
"sam1_TACTTCAAGCTTACGT-1","Macrophage","Macrophage"
"sam1_TACTTCACAAGTGGGT-1","NK_cell","NK_cell"
"sam1_TACTTCACACATTCTT-1","Osteoblasts","Osteoblasts"
"sam1_TACTTCACACGACAGA-1","Fibroblasts","Fibroblasts"
"sam1_TACTTCACACGCGCAT-1","Fibroblasts","Unassigned"
"sam1_TACTTCACAGACCTAT-1","Epithelial_cells","Epithelial_cells"
"sam1_TACTTCAGTCCCTCAT-1","Macrophage","Macrophage"
"sam1_TACTTCAGTGTCCATA-1","Epithelial_cells","Epithelial_cells"
"sam1_TACTTCATCCCATTCG-1","Macrophage","Macrophage"
"sam1_TACTTCATCCCGTTCA-1","Pre-B_cell_CD34-","Pre-B_cell_CD34-"
"sam1_TACTTGTAGGGTTGCA-1","Pre-B_cell_CD34-","Pre-B_cell_CD34-"
"sam1_TACTTGTGTCGGAAAC-1","Macrophage","Macrophage"
"sam1_TACTTGTTCCCAGTGG-1","Pre-B_cell_CD34-","Pre-B_cell_CD34-"
"sam1_TAGACCACAAGTCATC-1","Tissue_stem_cells","Tissue_stem_cells"
"sam1_TAGACCACACATGTTG-1","Macrophage","Macrophage"
"sam1_TAGACCACACTTGGCG-1","Epithelial_cells","Epithelial_cells"
"sam1_TAGACCACAGCCATTA-1","DC","DC"
"sam1_TAGACCACAGGCCTGT-1","Epithelial_cells","Epithelial_cells"
"sam1_TAGACCACAGTTGAAA-1","HSC_-G-CSF","HSC_-G-CSF"
"sam1_TAGACCACATTCTCTA-1","Epithelial_cells","Epithelial_cells"
"sam1_TAGACCATCTCTCTAA-1","BM","BM"
"sam1_TAGACTGCAATACGCT-1","Astrocyte","Astrocyte"
"sam1_TAGACTGCACACGCCA-1","Smooth_muscle_cells","Smooth_muscle_cells"
"sam1_TAGACTGGTACAAGCG-1","Astrocyte","Astrocyte"
"sam1_TAGACTGGTCCAAAGG-1","Keratinocytes","Keratinocytes"
"sam1_TAGACTGGTCGTTCAA-1","Macrophage","Macrophage"
"sam1_TAGACTGGTTGTAGCT-1","Macrophage","Macrophage"
"sam1_TAGACTGTCCTCGCAT-1","Pre-B_cell_CD34-","Pre-B_cell_CD34-"
"sam1_TAGACTGTCCTTCAGC-1","T_cells","T_cells"
"sam1_TAGAGTCAGCGAACTG-1","GMP","GMP"
"sam1_TAGAGTCCACTTCAGA-1","Keratinocytes","Keratinocytes"
"sam1_TAGAGTCCACTTCCTG-1","Chondrocytes","Chondrocytes"
"sam1_TAGAGTCCAGCGTGAA-1","Macrophage","Unassigned"
"sam1_TAGAGTCCATAGGTAA-1","Neuroepithelial_cell","Neuroepithelial_cell"
"sam1_TAGAGTCGTCGTGGAA-1","NK_cell","NK_cell"
"sam1_TAGAGTCTCCCTCGAT-1","Macrophage","Unassigned"
"sam1_TAGATCGAGACATCAA-1","Pre-B_cell_CD34-","Pre-B_cell_CD34-"
"sam1_TAGATCGTCATTGCCC-1","T_cells","T_cells"
"sam1_TAGATCGTCTTAGCTT-1","Smooth_muscle_cells","Smooth_muscle_cells"
"sam1_TAGCACAAGGGTTTCT-1","T_cells","T_cells"
"sam1_TAGCACAAGTACCATC-1","Astrocyte","Astrocyte"
"sam1_TAGCACAAGTCAGCCC-1","Macrophage","Macrophage"
"sam1_TAGCACAAGTCTAACC-1","Macrophage","Unassigned"
"sam1_TAGCACAAGTCTTCCC-1","Epithelial_cells","Epithelial_cells"
"sam1_TAGCACACACTATCCC-1","Macrophage","Macrophage"
"sam1_TAGCACACAGCCCAGT-1","Macrophage","Macrophage"
"sam1_TAGCACATCCTGTAAG-1","BM","BM"
"sam1_TAGCACATCCTGTTAT-1","Macrophage","Macrophage"
"sam1_TAGCACATCGTTCCCA-1","Pro-B_cell_CD34+","Pro-B_cell_CD34+"
"sam1_TAGGAGGCAAATACGA-1","Macrophage","Macrophage"
"sam1_TAGGAGGGTCGTTATG-1","Fibroblasts","Fibroblasts"
"sam1_TAGGGTTAGATCCCGC-1","T_cells","T_cells"
"sam1_TAGGGTTCAGGGTTGA-1","Smooth_muscle_cells","Smooth_muscle_cells"
"sam1_TAGGGTTGTCAGGCAA-1","Macrophage","Macrophage"
"sam1_TAGGGTTTCCTACGGG-1","Neuroepithelial_cell","Neuroepithelial_cell"
"sam1_TAGGGTTTCTTCCTAA-1","NK_cell","NK_cell"
"sam1_TAGGTACAGAATACAC-1","Epithelial_cells","Epithelial_cells"
"sam1_TAGGTACAGACTCAAA-1","Macrophage","Macrophage"
"sam1_TAGGTACAGGGCAGTT-1","Macrophage","Macrophage"
"sam1_TAGGTACCAGGATCTT-1","Neurons","Neurons"
"sam1_TAGGTACGTAGTTCCA-1","HSC_-G-CSF","HSC_-G-CSF"
"sam1_TAGGTACTCAACTACG-1","Fibroblasts","Fibroblasts"
"sam1_TAGGTTGAGTAACGAT-1","Macrophage","Macrophage"
"sam1_TAGGTTGGTGATGAAT-1","Macrophage","Macrophage"
"sam1_TAGTGCAAGCCTCCAG-1","Epithelial_cells","Epithelial_cells"
"sam1_TAGTGCACAGCTGAAG-1","NK_cell","NK_cell"
"sam1_TAGTGCAGTAATGCGG-1","HSC_-G-CSF","HSC_-G-CSF"
"sam1_TAGTGCAGTTATCTGG-1","Epithelial_cells","Epithelial_cells"
"sam1_TAGTGCATCAGTCATG-1","Epithelial_cells","Epithelial_cells"
"sam1_TAGTGCATCTAAGCCA-1","Neurons","Neurons"
"sam1_TATACCTAGAGTCTTC-1","Hepatocytes","Hepatocytes"
"sam1_TATACCTCATCCGGCA-1","Smooth_muscle_cells","Smooth_muscle_cells"
"sam1_TATACCTGTGGCTCTG-1","Epithelial_cells","Epithelial_cells"
"sam1_TATACCTGTTTGTTCT-1","BM","BM"
"sam1_TATACCTTCCGCAGTG-1","iPS_cells","iPS_cells"
"sam1_TATACCTTCCTCCACA-1","Macrophage","Macrophage"
"sam1_TATACCTTCTCTCGCA-1","Macrophage","Macrophage"
"sam1_TATACCTTCTGTCAGA-1","Keratinocytes","Keratinocytes"
"sam1_TATATCCGTCTTCCGT-1","Macrophage","Unassigned"
"sam1_TATATCCGTTCACGAT-1","Epithelial_cells","Epithelial_cells"
"sam1_TATATCCTCATTTGGG-1","Epithelial_cells","Epithelial_cells"
"sam1_TATCAGGAGCCGAATG-1","DC","DC"
"sam1_TATCAGGCAGTCAGAG-1","Macrophage","Macrophage"
"sam1_TATCAGGCATCAGTCA-1","Epithelial_cells","Epithelial_cells"
"sam1_TATCAGGGTCCCGCAA-1","Pre-B_cell_CD34-","Pre-B_cell_CD34-"
"sam1_TATCAGGGTCTGTTAG-1","Smooth_muscle_cells","Smooth_muscle_cells"
"sam1_TATCAGGTCATGCCAA-1","Epithelial_cells","Epithelial_cells"
"sam1_TATCCTAAGACATATG-1","Fibroblasts","Fibroblasts"
"sam1_TATCCTAAGCCGAATG-1","Macrophage","Macrophage"
"sam1_TATCCTAAGTTCGCAT-1","Epithelial_cells","Epithelial_cells"
"sam1_TATCCTATCAGACCCG-1","Macrophage","Unassigned"
"sam1_TATCCTATCGCGGACT-1","Macrophage","Macrophage"
"sam1_TATCCTATCGCGTGAC-1","iPS_cells","iPS_cells"
"sam1_TATCCTATCTACACAG-1","Epithelial_cells","Epithelial_cells"
"sam1_TATCGCCAGATAGCAT-1","Neutrophils","Neutrophils"
"sam1_TATCGCCAGATTCGCT-1","Chondrocytes","Chondrocytes"
"sam1_TATCGCCAGCACAAAT-1","Fibroblasts","Unassigned"
"sam1_TATCGCCAGCACACCC-1","Epithelial_cells","Epithelial_cells"
"sam1_TATCGCCAGCACCAGA-1","NK_cell","NK_cell"
"sam1_TATCGCCAGGGACACT-1","NK_cell","NK_cell"
"sam1_TATCGCCAGGTATTGA-1","Macrophage","Macrophage"
"sam1_TATCGCCAGGTCACCC-1","Macrophage","Macrophage"
"sam1_TATCGCCCAAGGCCTC-1","Macrophage","Macrophage"
"sam1_TATCGCCCACATGGTT-1","Epithelial_cells","Epithelial_cells"
"sam1_TATCGCCCACTCTCGT-1","Chondrocytes","Chondrocytes"
"sam1_TATCGCCGTCGAGCTC-1","NK_cell","NK_cell"
"sam1_TATCGCCGTTGGTAGG-1","Macrophage","Macrophage"
"sam1_TATCTGTAGGTACATA-1","Keratinocytes","Keratinocytes"
"sam1_TATCTGTCAGGTCCCA-1","Fibroblasts","Fibroblasts"
"sam1_TATCTGTCATGGCACC-1","Fibroblasts","Fibroblasts"
"sam1_TATCTGTTCATGACAC-1","Pro-B_cell_CD34+","Pro-B_cell_CD34+"
"sam1_TATCTGTTCTACAGGT-1","Fibroblasts","Fibroblasts"
"sam1_TATCTTGCAACATCGT-1","DC","DC"
"sam1_TATCTTGGTCGTAATC-1","Macrophage","Macrophage"
"sam1_TATCTTGTCAGGACGA-1","Macrophage","Macrophage"
"sam1_TATCTTGTCGTAACTG-1","T_cells","T_cells"
"sam1_TATGTTCAGATGTTAG-1","Macrophage","Macrophage"
"sam1_TATGTTCAGGTGATAT-1","Epithelial_cells","Epithelial_cells"
"sam1_TATGTTCAGTCTGCAT-1","Macrophage","Macrophage"
"sam1_TATGTTCGTCGTCAGC-1","Macrophage","Macrophage"
"sam1_TATGTTCTCAACTTTC-1","Epithelial_cells","Epithelial_cells"
"sam1_TATTCCAAGACTCGAG-1","T_cells","T_cells"
"sam1_TATTCCAAGTGGAAGA-1","Smooth_muscle_cells","Smooth_muscle_cells"
"sam1_TATTCCAGTCTGTAAC-1","BM","BM"
"sam1_TATTCCATCCGTTTCG-1","HSC_CD34+","HSC_CD34+"
"sam1_TATTCCATCCTGCCAT-1","T_cells","T_cells"
"sam1_TATTGCTAGCCTCTTC-1","Macrophage","Macrophage"
"sam1_TATTGCTGTAATGCTC-1","Keratinocytes","Keratinocytes"
"sam1_TATTGCTGTACCCGAC-1","Keratinocytes","Keratinocytes"
"sam1_TATTGCTGTCCACACG-1","Fibroblasts","Fibroblasts"
"sam1_TATTGCTGTCGCACGT-1","DC","DC"
"sam1_TATTGCTGTGCAAGAC-1","Fibroblasts","Fibroblasts"
"sam1_TATTGCTGTTCTCGTC-1","Macrophage","Unassigned"
"sam1_TATTGCTTCATTCGGA-1","Fibroblasts","Unassigned"
"sam1_TATTGCTTCTTCGTGC-1","Smooth_muscle_cells","Smooth_muscle_cells"
"sam1_TATTGGGAGGATGTTA-1","Pre-B_cell_CD34-","Pre-B_cell_CD34-"
"sam1_TATTGGGGTGTCCATA-1","Epithelial_cells","Epithelial_cells"
"sam1_TATTGGGTCAAGGTGG-1","Chondrocytes","Chondrocytes"
"sam1_TATTGGGTCCATCCGT-1","Macrophage","Macrophage"
"sam1_TATTTCGAGGCTGAAC-1","DC","DC"
"sam1_TATTTCGAGGCTGGAT-1","T_cells","T_cells"
"sam1_TATTTCGAGTACCGGA-1","HSC_-G-CSF","HSC_-G-CSF"
"sam1_TATTTCGCACTGGATT-1","Pro-B_cell_CD34+","Pro-B_cell_CD34+"
"sam1_TATTTCGCATCGTCCT-1","B_cell","B_cell"
"sam1_TATTTCGGTATCTCTT-1","iPS_cells","iPS_cells"
"sam1_TCAAGACCAACCAACT-1","Epithelial_cells","Epithelial_cells"
"sam1_TCAAGACCACAACCGC-1","Epithelial_cells","Epithelial_cells"
"sam1_TCAAGACCACCTCTGT-1","HSC_CD34+","HSC_CD34+"
"sam1_TCAAGACCACTACTTT-1","Hepatocytes","Hepatocytes"
"sam1_TCAAGACGTGCTAGCC-1","T_cells","T_cells"
"sam1_TCAAGACGTTACGATC-1","Fibroblasts","Fibroblasts"
"sam1_TCAAGACTCACGACTA-1","Epithelial_cells","Epithelial_cells"
"sam1_TCAAGCAAGCATCGAG-1","Macrophage","Macrophage"
"sam1_TCAAGCAAGGAATGTT-1","DC","DC"
"sam1_TCAAGCACACTTGTCC-1","Macrophage","Macrophage"
"sam1_TCAAGCACAGGTCTCG-1","Macrophage","Unassigned"
"sam1_TCAAGCACATGATCTG-1","Epithelial_cells","Epithelial_cells"
"sam1_TCAAGCAGTTGGGAAC-1","Epithelial_cells","Epithelial_cells"
"sam1_TCAAGCATCCTCGCAT-1","Epithelial_cells","Epithelial_cells"
"sam1_TCAAGTGAGACCAACG-1","Epithelial_cells","Epithelial_cells"
"sam1_TCAAGTGCAGAGGAAA-1","DC","DC"
"sam1_TCAAGTGCATATCTCT-1","Keratinocytes","Keratinocytes"
"sam1_TCAAGTGCATGAGATA-1","Pre-B_cell_CD34-","Pre-B_cell_CD34-"
"sam1_TCAAGTGGTAACGATA-1","Keratinocytes","Keratinocytes"
"sam1_TCAAGTGGTTTCGTAG-1","Macrophage","Macrophage"
"sam1_TCAAGTGTCGATGGAG-1","NK_cell","NK_cell"
"sam1_TCAAGTGTCGGACTTA-1","Pre-B_cell_CD34-","Pre-B_cell_CD34-"
"sam1_TCAAGTGTCGTAACCA-1","Smooth_muscle_cells","Unassigned"
"sam1_TCAATCTCACATCCCT-1","BM","BM"
"sam1_TCAATCTGTCACCTTC-1","Gametocytes","Gametocytes"
"sam1_TCAATCTGTCACTACA-1","Macrophage","Macrophage"
"sam1_TCAATCTGTCATCGGC-1","Smooth_muscle_cells","Smooth_muscle_cells"
"sam1_TCAATCTGTCTCGCGA-1","Epithelial_cells","Epithelial_cells"
"sam1_TCAATCTTCAAGCCCG-1","Macrophage","Macrophage"
"sam1_TCAATCTTCACGGGCT-1","GMP","GMP"
"sam1_TCAATCTTCGGACGTC-1","Monocyte","Monocyte"
"sam1_TCAATCTTCTTTGGAG-1","Smooth_muscle_cells","Unassigned"
"sam1_TCAATTCAGCACTCAT-1","HSC_CD34+","HSC_CD34+"
"sam1_TCAATTCCACGCTGAC-1","Epithelial_cells","Epithelial_cells"
"sam1_TCAATTCCACGGGCTT-1","Astrocyte","Astrocyte"
"sam1_TCAATTCCATCCTATT-1","Keratinocytes","Keratinocytes"
"sam1_TCAATTCCATCTGCGG-1","Neurons","Neurons"
"sam1_TCAATTCGTATGTCCA-1","Macrophage","Macrophage"
"sam1_TCAATTCTCCGATAGT-1","NK_cell","NK_cell"
"sam1_TCAATTCTCCGTCCTA-1","Epithelial_cells","Epithelial_cells"
"sam1_TCAATTCTCTCTCTAA-1","Epithelial_cells","Epithelial_cells"
"sam1_TCACAAGAGTTCAACC-1","Smooth_muscle_cells","Smooth_muscle_cells"
"sam1_TCACAAGCATGCAGCC-1","Epithelial_cells","Epithelial_cells"
"sam1_TCACAAGGTAAGATCA-1","Smooth_muscle_cells","Unassigned"
"sam1_TCACAAGGTCACTCAA-1","Macrophage","Unassigned"
"sam1_TCACAAGGTCTCCTGT-1","Macrophage","Unassigned"
"sam1_TCACAAGGTCTTGAAC-1","Pro-B_cell_CD34+","Pro-B_cell_CD34+"
"sam1_TCACAAGTCAGCTAGT-1","Pre-B_cell_CD34-","Pre-B_cell_CD34-"
"sam1_TCACAAGTCGACCCAG-1","Chondrocytes","Chondrocytes"
"sam1_TCACAAGTCGACGCGT-1","Pro-B_cell_CD34+","Pro-B_cell_CD34+"
"sam1_TCACAAGTCTGCGGAC-1","Epithelial_cells","Epithelial_cells"
"sam1_TCACACCAGTAGTCCT-1","Fibroblasts","Fibroblasts"
"sam1_TCACACCAGTCAATCC-1","Epithelial_cells","Epithelial_cells"
"sam1_TCACACCCACGTAACT-1","CMP","CMP"
"sam1_TCACACCCAGTCACGC-1","Neurons","Neurons"
"sam1_TCACACCCATCCGTGG-1","DC","DC"
"sam1_TCACACCGTAAGGCTG-1","Macrophage","Macrophage"
"sam1_TCACACCGTATAATGG-1","Chondrocytes","Chondrocytes"
"sam1_TCACACCGTCATTCCC-1","HSC_CD34+","HSC_CD34+"
"sam1_TCACACCGTGCGGCTT-1","Epithelial_cells","Epithelial_cells"
"sam1_TCACACCGTTAAACCC-1","DC","DC"
"sam1_TCACACCTCACCACAA-1","DC","DC"
"sam1_TCACACCTCAGCTTGA-1","Smooth_muscle_cells","Unassigned"
"sam1_TCACACCTCATGTCAG-1","Pro-B_cell_CD34+","Pro-B_cell_CD34+"
"sam1_TCACACCTCTGTCGCT-1","Hepatocytes","Hepatocytes"
"sam1_TCACATTAGCTATCTG-1","Smooth_muscle_cells","Smooth_muscle_cells"
"sam1_TCACATTCAACGGCCT-1","Epithelial_cells","Epithelial_cells"
"sam1_TCACATTCAACTGAAA-1","Macrophage","Macrophage"
"sam1_TCACATTGTTCTGACA-1","Keratinocytes","Keratinocytes"
"sam1_TCACATTTCATTGCGA-1","Keratinocytes","Keratinocytes"
"sam1_TCACATTTCCTTACCG-1","Epithelial_cells","Epithelial_cells"
"sam1_TCACATTTCTGACCCT-1","Astrocyte","Astrocyte"
"sam1_TCACGCTAGTCTCCTC-1","Epithelial_cells","Epithelial_cells"
"sam1_TCACGCTCACCGCTAG-1","Pro-B_cell_CD34+","Pro-B_cell_CD34+"
"sam1_TCACGCTCATCATGAC-1","Epithelial_cells","Epithelial_cells"
"sam1_TCACGCTGTCTCAGAT-1","Epithelial_cells","Epithelial_cells"
"sam1_TCACGCTGTGAATAAC-1","T_cells","T_cells"
"sam1_TCACGCTGTTACGGAG-1","Macrophage","Macrophage"
"sam1_TCACGCTTCCACACCT-1","GMP","GMP"
"sam1_TCACGCTTCCCAGCGA-1","Epithelial_cells","Epithelial_cells"
"sam1_TCACGCTTCCTGGGTG-1","DC","DC"
"sam1_TCACGCTTCGTTCGCT-1","Fibroblasts","Fibroblasts"
"sam1_TCACGCTTCTTCGTAT-1","Macrophage","Macrophage"
"sam1_TCACGGGCAATATCCG-1","Keratinocytes","Keratinocytes"
"sam1_TCACGGGCACAATGCT-1","Epithelial_cells","Epithelial_cells"
"sam1_TCACGGGCACATCATG-1","Macrophage","Unassigned"
"sam1_TCACGGGCATTCTTCA-1","Pre-B_cell_CD34-","Pre-B_cell_CD34-"
"sam1_TCACGGGGTGGTTTGT-1","Fibroblasts","Fibroblasts"
"sam1_TCACTATAGGTTCCGC-1","DC","DC"
"sam1_TCACTATCAATTGAGA-1","T_cells","T_cells"
"sam1_TCACTATCAGACGGAT-1","Macrophage","Macrophage"
"sam1_TCACTATGTAACTGCT-1","Fibroblasts","Fibroblasts"
"sam1_TCACTATGTCCAAGAG-1","BM","BM"
"sam1_TCACTATGTCGTGGTC-1","CMP","CMP"
"sam1_TCACTATGTGAATTAG-1","T_cells","T_cells"
"sam1_TCACTATGTGGATCAG-1","Hepatocytes","Hepatocytes"
"sam1_TCACTATTCACTTATC-1","Macrophage","Unassigned"
"sam1_TCACTATTCCAAGCTA-1","Endothelial_cells","Endothelial_cells"
"sam1_TCACTATTCGCCTCTA-1","Macrophage","Macrophage"
"sam1_TCACTATTCTCCCATG-1","Epithelial_cells","Epithelial_cells"
"sam1_TCACTATTCTCTAGGA-1","GMP","GMP"
"sam1_TCACTCGCAACTGCCG-1","Pro-B_cell_CD34+","Pro-B_cell_CD34+"
"sam1_TCACTCGCACAAGCCC-1","Platelets","Platelets"
"sam1_TCACTCGCAGGCTATT-1","Macrophage","Unassigned"
"sam1_TCACTCGTCAAAGGTA-1","Fibroblasts","Fibroblasts"
"sam1_TCACTCGTCCAAGCCG-1","CMP","CMP"
"sam1_TCACTCGTCTATCGTT-1","Epithelial_cells","Epithelial_cells"
"sam1_TCACTCGTCTGGCCTT-1","Epithelial_cells","Epithelial_cells"
"sam1_TCAGCAAAGTCCTGCG-1","Smooth_muscle_cells","Smooth_muscle_cells"
"sam1_TCAGCAACAAGTATAG-1","Epithelial_cells","Epithelial_cells"
"sam1_TCAGCAACAGGCCCTA-1","Fibroblasts","Fibroblasts"
"sam1_TCAGCAAGTGCGCTCA-1","Macrophage","Macrophage"
"sam1_TCAGCAAGTGCTTATG-1","Embryonic_stem_cells","Embryonic_stem_cells"
"sam1_TCAGCAATCTGATTCT-1","DC","DC"
"sam1_TCAGCCTAGCTGTTAC-1","B_cell","B_cell"
"sam1_TCAGCCTAGGCTCTAT-1","Epithelial_cells","Epithelial_cells"
"sam1_TCAGCCTCAACCCTAA-1","Macrophage","Macrophage"
"sam1_TCAGCCTCACAATGTC-1","Epithelial_cells","Epithelial_cells"
"sam1_TCAGCCTCACAGTGAG-1","Epithelial_cells","Epithelial_cells"
"sam1_TCAGCCTCAGATCATC-1","Macrophage","Macrophage"
"sam1_TCAGCCTGTACCAATC-1","HSC_CD34+","HSC_CD34+"
"sam1_TCAGCCTGTCTACAAC-1","Epithelial_cells","Epithelial_cells"
"sam1_TCAGCCTGTTTCGTTT-1","Epithelial_cells","Epithelial_cells"
"sam1_TCAGCCTTCGCTCCTA-1","T_cells","T_cells"
"sam1_TCAGGGCAGCCATTTG-1","Epithelial_cells","Epithelial_cells"
"sam1_TCAGGGCAGGTCGTAG-1","Epithelial_cells","Epithelial_cells"
"sam1_TCAGGGCAGGTTGGTG-1","Macrophage","Macrophage"
"sam1_TCAGGGCAGTAAATGC-1","Smooth_muscle_cells","Smooth_muscle_cells"
"sam1_TCAGGGCCAAGCGCAA-1","Macrophage","Unassigned"
"sam1_TCAGGTACACAAAGCG-1","Epithelial_cells","Epithelial_cells"
"sam1_TCAGGTACACGGCCAT-1","Embryonic_stem_cells","Embryonic_stem_cells"
"sam1_TCAGGTACATACTGAC-1","Macrophage","Unassigned"
"sam1_TCAGGTACATACTTTC-1","BM","BM"
"sam1_TCAGGTAGTCATAACC-1","Macrophage","Macrophage"
"sam1_TCAGGTAGTCCTGGGT-1","Fibroblasts","Fibroblasts"
"sam1_TCAGGTAGTTTGAACC-1","Macrophage","Macrophage"
"sam1_TCAGGTATCGTTCATT-1","Macrophage","Macrophage"
"sam1_TCAGTCCAGACGAAGA-1","Epithelial_cells","Epithelial_cells"
"sam1_TCAGTCCAGGTCACAG-1","DC","DC"
"sam1_TCAGTCCAGGTTCCGC-1","BM","BM"
"sam1_TCAGTCCAGTCTTCCC-1","Smooth_muscle_cells","Unassigned"
"sam1_TCAGTCCAGTGCAACG-1","Epithelial_cells","Epithelial_cells"
"sam1_TCAGTCCCAACATCGT-1","Epithelial_cells","Epithelial_cells"
"sam1_TCAGTCCCAGTCTTCC-1","Epithelial_cells","Epithelial_cells"
"sam1_TCAGTCCGTTGCCGAC-1","Pre-B_cell_CD34-","Pre-B_cell_CD34-"
"sam1_TCAGTCCGTTGTAGCT-1","Smooth_muscle_cells","Smooth_muscle_cells"
"sam1_TCAGTCCTCCGTGTAA-1","HSC_CD34+","HSC_CD34+"
"sam1_TCAGTCCTCTGGACCG-1","Epithelial_cells","Epithelial_cells"
"sam1_TCAGTGAAGGACGCTA-1","Macrophage","Macrophage"
"sam1_TCAGTGAAGGTCATTC-1","Smooth_muscle_cells","Unassigned"
"sam1_TCAGTGATCACTTGGA-1","GMP","GMP"
"sam1_TCAGTGATCCTCGCAT-1","Fibroblasts","Fibroblasts"
"sam1_TCAGTGATCGAGTCTA-1","Pro-B_cell_CD34+","Pro-B_cell_CD34+"
"sam1_TCAGTGATCGCCACTT-1","Embryonic_stem_cells","Embryonic_stem_cells"
"sam1_TCAGTTTGTTCTTCAT-1","Keratinocytes","Keratinocytes"
"sam1_TCAGTTTTCCCATGGG-1","HSC_-G-CSF","HSC_-G-CSF"
"sam1_TCAGTTTTCGTAGAGG-1","Chondrocytes","Chondrocytes"
"sam1_TCAGTTTTCTCTCAAT-1","Epithelial_cells","Epithelial_cells"
"sam1_TCATACTCACGCGCAT-1","Smooth_muscle_cells","Smooth_muscle_cells"
"sam1_TCATACTCAGAACTCT-1","Epithelial_cells","Epithelial_cells"
"sam1_TCATACTGTCATACCA-1","T_cells","T_cells"
"sam1_TCATACTGTTACCTTT-1","Macrophage","Macrophage"
"sam1_TCATACTGTTCCTAAG-1","Fibroblasts","Fibroblasts"
"sam1_TCATACTTCAACCTTT-1","Epithelial_cells","Epithelial_cells"
"sam1_TCATACTTCGTTCTAT-1","Neurons","Neurons"
"sam1_TCATATCAGAAGCGGG-1","Smooth_muscle_cells","Smooth_muscle_cells"
"sam1_TCATATCAGACTCTTG-1","Epithelial_cells","Epithelial_cells"
"sam1_TCATATCAGCGACTTT-1","Pre-B_cell_CD34-","Pre-B_cell_CD34-"
"sam1_TCATATCAGTTGCCCG-1","Epithelial_cells","Epithelial_cells"
"sam1_TCATATCCAATGACCT-1","Epithelial_cells","Epithelial_cells"
"sam1_TCATATCCATCCGTTC-1","T_cells","T_cells"
"sam1_TCATATCGTAACCAGG-1","Epithelial_cells","Epithelial_cells"
"sam1_TCATATCGTATCGGTT-1","T_cells","T_cells"
"sam1_TCATATCGTCTACAAC-1","DC","DC"
"sam1_TCATATCTCCCTAGGG-1","GMP","GMP"
"sam1_TCATATCTCCGGTTCT-1","Myelocyte","Myelocyte"
"sam1_TCATATCTCGTTCAGA-1","Smooth_muscle_cells","Smooth_muscle_cells"
"sam1_TCATCATAGAGAGGGC-1","Epithelial_cells","Epithelial_cells"
"sam1_TCATCATAGATTAGAC-1","Smooth_muscle_cells","Smooth_muscle_cells"
"sam1_TCATCATAGCCATCCG-1","MSC","MSC"
"sam1_TCATCATAGTGGAAGA-1","Neurons","Neurons"
"sam1_TCATCATGTAAGACCG-1","Chondrocytes","Chondrocytes"
"sam1_TCATCATGTCAGATTC-1","Epithelial_cells","Epithelial_cells"
"sam1_TCATCATGTGGATTTC-1","DC","DC"
"sam1_TCATCATGTTCCTTGC-1","Epithelial_cells","Epithelial_cells"
"sam1_TCATCATTCCCGAAAT-1","Epithelial_cells","Epithelial_cells"
"sam1_TCATCATTCCGAAGGA-1","Smooth_muscle_cells","Smooth_muscle_cells"
"sam1_TCATCATTCTGGCCAG-1","Fibroblasts","Unassigned"
"sam1_TCATCCGCAAGTAGTA-1","Smooth_muscle_cells","Smooth_muscle_cells"
"sam1_TCATCCGCACGCAAAG-1","Pre-B_cell_CD34-","Pre-B_cell_CD34-"
"sam1_TCATCCGGTAACATCC-1","Epithelial_cells","Epithelial_cells"
"sam1_TCATCCGGTCATTCCC-1","Fibroblasts","Unassigned"
"sam1_TCATCCGGTCCGAAAG-1","Hepatocytes","Hepatocytes"
"sam1_TCATCCGTCACTTGGA-1","Pre-B_cell_CD34-","Pre-B_cell_CD34-"
"sam1_TCATCCGTCCCATTCG-1","Epithelial_cells","Epithelial_cells"
"sam1_TCATCCGTCTCTGACC-1","T_cells","T_cells"
"sam1_TCATGAGAGTCAAGCG-1","DC","DC"
"sam1_TCATGAGGTATCGGTT-1","Epithelial_cells","Epithelial_cells"
"sam1_TCATGAGGTCATTCCC-1","Macrophage","Macrophage"
"sam1_TCATGAGGTCCTGTCT-1","Fibroblasts","Fibroblasts"
"sam1_TCATGAGGTTGATCGT-1","Smooth_muscle_cells","Smooth_muscle_cells"
"sam1_TCATGAGTCGAAGAAT-1","Smooth_muscle_cells","Smooth_muscle_cells"
"sam1_TCATGAGTCGCCAGTG-1","Macrophage","Macrophage"
"sam1_TCATGAGTCGCTGTTC-1","Fibroblasts","Fibroblasts"
"sam1_TCATGCCAGTCATTGC-1","BM","BM"
"sam1_TCATGCCAGTCGAAGC-1","Chondrocytes","Chondrocytes"
"sam1_TCATGCCCAAGTGGGT-1","iPS_cells","iPS_cells"
"sam1_TCATGCCGTAGACAAT-1","Pro-Myelocyte","Pro-Myelocyte"
"sam1_TCATGCCGTCACTCAA-1","HSC_CD34+","HSC_CD34+"
"sam1_TCATGCCTCACCTCTG-1","Epithelial_cells","Epithelial_cells"
"sam1_TCATGCCTCCCATTTA-1","T_cells","T_cells"
"sam1_TCATGCCTCGCCACTT-1","BM","BM"
"sam1_TCATGGAAGATTGAGT-1","Smooth_muscle_cells","Smooth_muscle_cells"
"sam1_TCATGGAAGCTCATAC-1","Fibroblasts","Fibroblasts"
"sam1_TCATGGAAGTACTCGT-1","Pro-B_cell_CD34+","Pro-B_cell_CD34+"
"sam1_TCATGGAGTATCGTAC-1","DC","DC"
"sam1_TCATGTTAGATTCGCT-1","BM","BM"
"sam1_TCATGTTCACGAAGAC-1","Fibroblasts","Fibroblasts"
"sam1_TCATGTTGTAGAATGT-1","DC","DC"
"sam1_TCATGTTGTCCTACAA-1","Macrophage","Macrophage"
"sam1_TCATGTTGTCGAATGG-1","Fibroblasts","Fibroblasts"
"sam1_TCATGTTGTGGGCTCT-1","Smooth_muscle_cells","Smooth_muscle_cells"
"sam1_TCATGTTGTTGCCTAA-1","Smooth_muscle_cells","Smooth_muscle_cells"
"sam1_TCATGTTTCACGACTA-1","Keratinocytes","Keratinocytes"
"sam1_TCATGTTTCAGCCTTC-1","Epithelial_cells","Epithelial_cells"
"sam1_TCATGTTTCGGCTGTG-1","NK_cell","NK_cell"
"sam1_TCATGTTTCTGTCAGA-1","Pro-Myelocyte","Pro-Myelocyte"
"sam1_TCATTACCACACACGC-1","Epithelial_cells","Epithelial_cells"
"sam1_TCATTACCATTGGATC-1","Chondrocytes","Chondrocytes"
"sam1_TCATTACGTCTTGAGT-1","Macrophage","Macrophage"
"sam1_TCATTACTCACCTGTC-1","Smooth_muscle_cells","Smooth_muscle_cells"
"sam1_TCATTACTCATTCATC-1","Astrocyte","Astrocyte"
"sam1_TCATTACTCCATATGG-1","T_cells","T_cells"
"sam1_TCATTACTCCGCGAGT-1","Fibroblasts","Fibroblasts"
"sam1_TCATTACTCGAATGCT-1","Myelocyte","Myelocyte"
"sam1_TCATTACTCGAGGCAA-1","Fibroblasts","Unassigned"
"sam1_TCATTCAAGGCTGGAT-1","Pro-B_cell_CD34+","Pro-B_cell_CD34+"
"sam1_TCATTCACACCTGCGA-1","Epithelial_cells","Epithelial_cells"
"sam1_TCATTCACATGGAATA-1","T_cells","T_cells"
"sam1_TCATTCAGTCCGGTCA-1","CMP","CMP"
"sam1_TCATTCATCGAACGGA-1","T_cells","T_cells"
"sam1_TCATTCATCTCACCCA-1","Fibroblasts","Fibroblasts"
"sam1_TCATTGTAGCAGGGAG-1","Smooth_muscle_cells","Smooth_muscle_cells"
"sam1_TCATTGTAGGGCAATC-1","Hepatocytes","Hepatocytes"
"sam1_TCATTGTCACGACGCT-1","BM","BM"
"sam1_TCATTGTGTTGTGTTG-1","Macrophage","Macrophage"
"sam1_TCATTGTTCAGCATTG-1","Smooth_muscle_cells","Smooth_muscle_cells"
"sam1_TCATTGTTCATTACCT-1","Macrophage","Macrophage"
"sam1_TCATTGTTCTAGGCCG-1","MSC","MSC"
"sam1_TCATTTGCAACGACAG-1","Fibroblasts","Fibroblasts"
"sam1_TCATTTGCAGAACTTC-1","Pro-Myelocyte","Pro-Myelocyte"
"sam1_TCATTTGCAGAGATGC-1","Macrophage","Macrophage"
"sam1_TCATTTGCAGCATTGT-1","Embryonic_stem_cells","Embryonic_stem_cells"
"sam1_TCATTTGCATATGGCT-1","Embryonic_stem_cells","Embryonic_stem_cells"
"sam1_TCATTTGCATGACAAA-1","Macrophage","Unassigned"
"sam1_TCATTTGGTGTCTTGA-1","Smooth_muscle_cells","Smooth_muscle_cells"
"sam1_TCATTTGTCCTAAACG-1","Epithelial_cells","Epithelial_cells"
"sam1_TCATTTGTCGATTGAC-1","Pro-B_cell_CD34+","Pro-B_cell_CD34+"
"sam1_TCCACCACAAAGCAAT-1","Epithelial_cells","Epithelial_cells"
"sam1_TCCACCACACAATCTG-1","Neurons","Neurons"
"sam1_TCCACCACACGACAGA-1","Macrophage","Unassigned"
"sam1_TCCACCACATGGGTCC-1","Epithelial_cells","Epithelial_cells"
"sam1_TCCACCAGTAACAAGT-1","BM","BM"
"sam1_TCCACCAGTTACTCAG-1","T_cells","T_cells"
"sam1_TCCACCAGTTAGGCCC-1","HSC_CD34+","HSC_CD34+"
"sam1_TCCACCATCGATCCCT-1","Macrophage","Macrophage"
"sam1_TCCACGTAGGATGCGT-1","Macrophage","Macrophage"
"sam1_TCCACGTAGGCTCCCA-1","Keratinocytes","Keratinocytes"
"sam1_TCCACGTAGGGTTAAT-1","HSC_-G-CSF","HSC_-G-CSF"
"sam1_TCCACGTAGTAAAGCT-1","B_cell","B_cell"
"sam1_TCCACGTCACTTTATC-1","DC","DC"
"sam1_TCCACGTGTACGTTCA-1","HSC_-G-CSF","HSC_-G-CSF"
"sam1_TCCACGTGTCTCTCAC-1","Keratinocytes","Keratinocytes"
"sam1_TCCACGTGTGCCTACG-1","Macrophage","Macrophage"
"sam1_TCCACGTTCTCATTGT-1","iPS_cells","iPS_cells"
"sam1_TCCACGTTCTGTTGGA-1","NK_cell","NK_cell"
"sam1_TCCAGAAAGCCTCACG-1","Macrophage","Macrophage"
"sam1_TCCAGAAAGTGTTGAA-1","Neuroepithelial_cell","Neuroepithelial_cell"
"sam1_TCCAGAACAATAGGAT-1","Macrophage","Macrophage"
"sam1_TCCAGAAGTACACGCC-1","Osteoblasts","Osteoblasts"
"sam1_TCCAGAAGTCACTCAA-1","Macrophage","Macrophage"
"sam1_TCCAGAATCAGTCAGT-1","Fibroblasts","Fibroblasts"
"sam1_TCCAGAATCATTTGCT-1","Pre-B_cell_CD34-","Pre-B_cell_CD34-"
"sam1_TCCAGAATCCGGACTG-1","Smooth_muscle_cells","Smooth_muscle_cells"
"sam1_TCCAGAATCGTCTCAC-1","Epithelial_cells","Epithelial_cells"
"sam1_TCCATCGAGCTCAGAG-1","Macrophage","Macrophage"
"sam1_TCCATCGTCCTAACAG-1","DC","DC"
"sam1_TCCATGCAGAACCGCA-1","BM","BM"
"sam1_TCCATGCAGCGCTGAA-1","Epithelial_cells","Epithelial_cells"
"sam1_TCCATGCAGGGCGAGA-1","Keratinocytes","Keratinocytes"
"sam1_TCCATGCAGTTCTCTT-1","DC","DC"
"sam1_TCCATGCCAACCCGCA-1","Fibroblasts","Fibroblasts"
"sam1_TCCATGCCAGTCTTCC-1","Smooth_muscle_cells","Smooth_muscle_cells"
"sam1_TCCATGCGTAGCTTAC-1","Embryonic_stem_cells","Embryonic_stem_cells"
"sam1_TCCATGCGTATGAGGC-1","T_cells","T_cells"
"sam1_TCCATGCGTCTGATAC-1","BM","BM"
"sam1_TCCATGCGTGAATGTA-1","Fibroblasts","Fibroblasts"
"sam1_TCCATGCTCACCGCTT-1","Macrophage","Macrophage"
"sam1_TCCCACACACGCACCA-1","Epithelial_cells","Epithelial_cells"
"sam1_TCCCACACACGTCTCT-1","Smooth_muscle_cells","Smooth_muscle_cells"
"sam1_TCCCACACAGCTGTTA-1","Epithelial_cells","Epithelial_cells"
"sam1_TCCCACAGTGAGGCAT-1","Epithelial_cells","Epithelial_cells"
"sam1_TCCCACATCGCGCCAA-1","Smooth_muscle_cells","Unassigned"
"sam1_TCCCACATCGGCTTCT-1","Epithelial_cells","Epithelial_cells"
"sam1_TCCCACATCTAGCCTC-1","Epithelial_cells","Epithelial_cells"
"sam1_TCCCAGTAGATAGCAT-1","Chondrocytes","Chondrocytes"
"sam1_TCCCAGTAGCGCATCC-1","T_cells","T_cells"
"sam1_TCCCAGTAGTCACGAG-1","iPS_cells","iPS_cells"
"sam1_TCCCAGTCAAAGGCGT-1","Epithelial_cells","Epithelial_cells"
"sam1_TCCCAGTGTCTACTGA-1","Macrophage","Macrophage"
"sam1_TCCCAGTGTGCCTACG-1","DC","DC"
"sam1_TCCCAGTTCATCTACT-1","Macrophage","Macrophage"
"sam1_TCCCATGAGACCATTC-1","DC","DC"
"sam1_TCCCATGCAATTTCCT-1","Fibroblasts","Fibroblasts"
"sam1_TCCCATGGTAGGCAAC-1","Chondrocytes","Unassigned"
"sam1_TCCCATGGTGACTGTT-1","GMP","GMP"
"sam1_TCCCATGGTGGTGATG-1","iPS_cells","iPS_cells"
"sam1_TCCGAAACATTCGATG-1","Macrophage","Unassigned"
"sam1_TCCGAAAGTAAGTCAA-1","Smooth_muscle_cells","Smooth_muscle_cells"
"sam1_TCCGAAAGTCGAACGA-1","Pre-B_cell_CD34-","Pre-B_cell_CD34-"
"sam1_TCCGAAATCCTTCGAC-1","Epithelial_cells","Epithelial_cells"
"sam1_TCCGATCCAACATCGT-1","Epithelial_cells","Epithelial_cells"
"sam1_TCCGATCCAACGTATC-1","BM","BM"
"sam1_TCCGATCGTAGATTGA-1","Macrophage","Macrophage"
"sam1_TCCGATCGTCACTGAT-1","NK_cell","NK_cell"
"sam1_TCCGATCTCCAGCAAT-1","NK_cell","NK_cell"
"sam1_TCCGGGAAGATTGGGC-1","GMP","GMP"
"sam1_TCCGTGTCATTCACAG-1","Keratinocytes","Keratinocytes"
"sam1_TCCGTGTGTGACCGAA-1","Macrophage","Macrophage"
"sam1_TCCGTGTGTGACGCCT-1","Macrophage","Macrophage"
"sam1_TCCGTGTGTGCACATT-1","Macrophage","Macrophage"
"sam1_TCCGTGTGTTCTTCAT-1","NK_cell","NK_cell"
"sam1_TCCTAATAGCCTTTCC-1","Epithelial_cells","Epithelial_cells"
"sam1_TCCTAATAGCTATCTG-1","Epithelial_cells","Epithelial_cells"
"sam1_TCCTAATAGCTGCCAC-1","Macrophage","Macrophage"
"sam1_TCCTAATCACAGTATC-1","Macrophage","Macrophage"
"sam1_TCCTAATCACTGAATC-1","NK_cell","NK_cell"
"sam1_TCCTAATCAGGATTCT-1","Monocyte","Monocyte"
"sam1_TCCTAATCATCCTGTC-1","BM","BM"
"sam1_TCCTAATGTCCTCATC-1","Fibroblasts","Unassigned"
"sam1_TCCTAATGTCCTGTCT-1","HSC_CD34+","HSC_CD34+"
"sam1_TCCTAATGTCGCATGC-1","CMP","CMP"
"sam1_TCCTAATTCCATCTAT-1","Epithelial_cells","Epithelial_cells"
"sam1_TCCTAATTCTGCTAGA-1","Monocyte","Monocyte"
"sam1_TCCTCCCAGAGAGAAC-1","Smooth_muscle_cells","Smooth_muscle_cells"
"sam1_TCCTCCCAGGAACTAT-1","Monocyte","Monocyte"
"sam1_TCCTCCCAGTAGCCAG-1","Myelocyte","Myelocyte"
"sam1_TCCTCCCAGTCTAGCT-1","Epithelial_cells","Epithelial_cells"
"sam1_TCCTCCCCAACAAAGT-1","GMP","GMP"
"sam1_TCCTCCCCAACACAGG-1","Pre-B_cell_CD34-","Pre-B_cell_CD34-"
"sam1_TCCTCCCCACTAGGCC-1","T_cells","T_cells"
"sam1_TCCTCCCCATGGCTAT-1","Embryonic_stem_cells","Embryonic_stem_cells"
"sam1_TCCTCCCGTATGCGGA-1","Smooth_muscle_cells","Smooth_muscle_cells"
"sam1_TCCTCCCGTGTCCACG-1","Pro-B_cell_CD34+","Pro-B_cell_CD34+"
"sam1_TCCTCCCGTTCGTGCG-1","NK_cell","NK_cell"
"sam1_TCCTCCCGTTCTTCAT-1","Epithelial_cells","Epithelial_cells"
"sam1_TCCTCCCTCCAAGGGA-1","T_cells","T_cells"
"sam1_TCCTCCCTCTCAGGCG-1","Platelets","Platelets"
"sam1_TCCTCCCTCTGGTCAA-1","Pro-B_cell_CD34+","Pro-B_cell_CD34+"
"sam1_TCCTCGACAAAGTATG-1","Monocyte","Monocyte"
"sam1_TCCTCGACAGCTACAT-1","Fibroblasts","Fibroblasts"
"sam1_TCCTCGATCAATCAGC-1","Epithelial_cells","Epithelial_cells"
"sam1_TCCTCTTCAACTACGT-1","Epithelial_cells","Epithelial_cells"
"sam1_TCCTCTTCAAGCTGTT-1","Macrophage","Macrophage"
"sam1_TCCTCTTCACCTGCGA-1","Fibroblasts","Fibroblasts"
"sam1_TCCTCTTGTCCTCCTA-1","Neutrophils","Neutrophils"
"sam1_TCCTCTTGTCGCATCG-1","CMP","CMP"
"sam1_TCCTCTTGTTGCCGCA-1","Epithelial_cells","Epithelial_cells"
"sam1_TCCTCTTGTTTGACAC-1","Fibroblasts","Fibroblasts"
"sam1_TCCTCTTTCATTTACC-1","Pre-B_cell_CD34-","Pre-B_cell_CD34-"
"sam1_TCCTCTTTCGCTGCGA-1","Fibroblasts","Fibroblasts"
"sam1_TCCTGCAAGGCGACAT-1","Pre-B_cell_CD34-","Pre-B_cell_CD34-"
"sam1_TCCTGCAAGTAGGGTC-1","Macrophage","Macrophage"
"sam1_TCCTGCACAGACATCT-1","Epithelial_cells","Epithelial_cells"
"sam1_TCCTGCAGTACTCCGG-1","T_cells","T_cells"
"sam1_TCCTGCATCAAGCCAT-1","Hepatocytes","Hepatocytes"
"sam1_TCCTGCATCACCTGGG-1","Epithelial_cells","Epithelial_cells"
"sam1_TCCTGCATCCTCTCTT-1","Epithelial_cells","Epithelial_cells"
"sam1_TCCTGCATCGGCATAT-1","Epithelial_cells","Epithelial_cells"
"sam1_TCCTGCATCTATTGTC-1","Neutrophils","Neutrophils"
"sam1_TCCTTCTAGTCATCGT-1","Monocyte","Monocyte"
"sam1_TCCTTCTGTACCTATG-1","DC","DC"
"sam1_TCCTTCTGTTCTCCCA-1","Epithelial_cells","Epithelial_cells"
"sam1_TCCTTCTTCAAGGCTT-1","CMP","CMP"
"sam1_TCCTTCTTCACTGTCC-1","Epithelial_cells","Epithelial_cells"
"sam1_TCCTTCTTCATCACCC-1","Macrophage","Unassigned"
"sam1_TCCTTCTTCCATTGCC-1","Neurons","Neurons"
"sam1_TCCTTCTTCCCTCTCC-1","NK_cell","NK_cell"
"sam1_TCCTTCTTCCGCTGTT-1","DC","DC"
"sam1_TCCTTCTTCTACCAGA-1","CMP","CMP"
"sam1_TCCTTCTTCTCGAACA-1","Macrophage","Unassigned"
"sam1_TCCTTTCAGAAGTCAT-1","Hepatocytes","Hepatocytes"
"sam1_TCCTTTCAGAGTTGAT-1","Macrophage","Macrophage"
"sam1_TCCTTTCAGGTTCTTG-1","Smooth_muscle_cells","Smooth_muscle_cells"
"sam1_TCCTTTCCAAACTCTG-1","Epithelial_cells","Epithelial_cells"
"sam1_TCCTTTCCACAGACGA-1","Macrophage","Unassigned"
"sam1_TCCTTTCGTCAGACGA-1","Epithelial_cells","Epithelial_cells"
"sam1_TCCTTTCGTCATGACT-1","Macrophage","Macrophage"
"sam1_TCCTTTCGTTGTTGTG-1","Macrophage","Macrophage"
"sam1_TCCTTTCTCCTGTTAT-1","Pro-Myelocyte","Pro-Myelocyte"
"sam1_TCCTTTCTCTATACTC-1","Epithelial_cells","Epithelial_cells"
"sam1_TCCTTTCTCTATGTGG-1","HSC_-G-CSF","HSC_-G-CSF"
"sam1_TCGAACAAGGTAGATT-1","Smooth_muscle_cells","Smooth_muscle_cells"
"sam1_TCGAACACAGAATCGG-1","NK_cell","NK_cell"
"sam1_TCGAACACAGAGTCTT-1","Epithelial_cells","Epithelial_cells"
"sam1_TCGAACAGTACAGTAA-1","Macrophage","Macrophage"
"sam1_TCGAACAGTGTCCGTG-1","Smooth_muscle_cells","Smooth_muscle_cells"
"sam1_TCGAACATCACCTCAC-1","Epithelial_cells","Epithelial_cells"
"sam1_TCGAAGTAGAAACTCA-1","MSC","MSC"
"sam1_TCGAAGTTCAAGCCAT-1","Keratinocytes","Keratinocytes"
"sam1_TCGAAGTTCGCTGCGA-1","Macrophage","Macrophage"
"sam1_TCGAAGTTCGGACTGC-1","Neutrophils","Neutrophils"
"sam1_TCGACCTAGACATCCT-1","Monocyte","Monocyte"
"sam1_TCGACCTAGAGAGAAC-1","DC","DC"
"sam1_TCGACCTAGCCTCAGC-1","Macrophage","Macrophage"
"sam1_TCGACCTAGGTCACAG-1","Macrophage","Macrophage"
"sam1_TCGACCTAGTGGTTAA-1","NK_cell","NK_cell"
"sam1_TCGACCTGTCCTATAG-1","Fibroblasts","Fibroblasts"
"sam1_TCGACCTGTTCCGGTG-1","Fibroblasts","Fibroblasts"
"sam1_TCGACCTGTTCTCCCA-1","Epithelial_cells","Epithelial_cells"
"sam1_TCGACCTTCAAACCCA-1","Smooth_muscle_cells","Smooth_muscle_cells"
"sam1_TCGACCTTCGAACGCC-1","Neutrophils","Neutrophils"
"sam1_TCGACCTTCTCTCGAC-1","Macrophage","Unassigned"
"sam1_TCGACGGAGCTATCCA-1","Epithelial_cells","Epithelial_cells"
"sam1_TCGACGGCAACGTTAC-1","Macrophage","Macrophage"
"sam1_TCGACGGCATACTGAC-1","T_cells","T_cells"
"sam1_TCGACGGGTTGTCTAG-1","Macrophage","Macrophage"
"sam1_TCGACGGTCTACTGAG-1","Macrophage","Macrophage"
"sam1_TCGATTTCAATTTCTC-1","Epithelial_cells","Epithelial_cells"
"sam1_TCGATTTCAGCCTTCT-1","NK_cell","NK_cell"
"sam1_TCGATTTCATCATGAC-1","Epithelial_cells","Epithelial_cells"
"sam1_TCGATTTGTCTAACGT-1","BM","BM"
"sam1_TCGCACTAGATGCTGG-1","HSC_CD34+","HSC_CD34+"
"sam1_TCGCACTAGCTTAGTC-1","Fibroblasts","Fibroblasts"
"sam1_TCGCACTAGTGAGGTC-1","Myelocyte","Myelocyte"
"sam1_TCGCACTCAATTGCAC-1","Macrophage","Macrophage"
"sam1_TCGCACTCACGACTAT-1","DC","DC"
"sam1_TCGCACTGTCTCTCTG-1","Macrophage","Macrophage"
"sam1_TCGCACTGTGCATTAC-1","Epithelial_cells","Epithelial_cells"
"sam1_TCGCACTGTTAGAGTA-1","DC","DC"
"sam1_TCGCACTGTTCTTCAT-1","Macrophage","Macrophage"
"sam1_TCGCACTTCCCATAGA-1","Epithelial_cells","Epithelial_cells"
"sam1_TCGCACTTCCGTGCGA-1","Epithelial_cells","Epithelial_cells"
"sam1_TCGCAGGCACAACGTT-1","Fibroblasts","Fibroblasts"
"sam1_TCGCAGGCACCCTTAC-1","Epithelial_cells","Epithelial_cells"
"sam1_TCGCAGGGTACTAGCT-1","CMP","CMP"
"sam1_TCGCAGGGTATTTCCT-1","Epithelial_cells","Epithelial_cells"
"sam1_TCGCTCACAAAGCGTG-1","Hepatocytes","Hepatocytes"
"sam1_TCGCTCACAAGCGCAA-1","CMP","CMP"
"sam1_TCGCTCAGTCACGTGC-1","Macrophage","Macrophage"
"sam1_TCGCTCATCTACTTCA-1","BM","BM"
"sam1_TCGCTTGCACAATCTG-1","Chondrocytes","Chondrocytes"
"sam1_TCGCTTGCATGCTGCG-1","Macrophage","Macrophage"
"sam1_TCGCTTGGTCCCGCAA-1","Pre-B_cell_CD34-","Pre-B_cell_CD34-"
"sam1_TCGCTTGGTTCAAGTC-1","Macrophage","Macrophage"
"sam1_TCGCTTGTCACCGCTT-1","HSC_-G-CSF","HSC_-G-CSF"
"sam1_TCGCTTGTCGCCAGAC-1","Monocyte","Monocyte"
"sam1_TCGCTTGTCTCCTGAC-1","T_cells","T_cells"
"sam1_TCGCTTGTCTCCTGCA-1","Epithelial_cells","Epithelial_cells"
"sam1_TCGGATAAGCTCCCTT-1","Fibroblasts","Fibroblasts"
"sam1_TCGGATAAGGCAGGTT-1","Macrophage","Unassigned"
"sam1_TCGGATAAGGTTCATC-1","Endothelial_cells","Endothelial_cells"
"sam1_TCGGATAAGTGGACTG-1","Macrophage","Macrophage"
"sam1_TCGGATACAAACTCTG-1","Macrophage","Macrophage"
"sam1_TCGGATATCCATTTAC-1","Smooth_muscle_cells","Smooth_muscle_cells"
"sam1_TCGGGACCAAGGCTTT-1","Pro-B_cell_CD34+","Pro-B_cell_CD34+"
"sam1_TCGGGACCAGCCGTCA-1","Macrophage","Macrophage"
"sam1_TCGGGACCATCCTAAG-1","Macrophage","Macrophage"
"sam1_TCGGGACCATGCAGCC-1","Epithelial_cells","Epithelial_cells"
"sam1_TCGGGACGTGGTCTCG-1","Fibroblasts","Fibroblasts"
"sam1_TCGGGACTCCTGGCTT-1","Keratinocytes","Keratinocytes"
"sam1_TCGGGCAAGCACCAGA-1","Fibroblasts","Fibroblasts"
"sam1_TCGGGCAAGCGTGTCC-1","CMP","CMP"
"sam1_TCGGGCAAGGCCCACT-1","Monocyte","Monocyte"
"sam1_TCGGGCAAGGTAAGAG-1","BM","BM"
"sam1_TCGGGCACACAAGCTT-1","DC","DC"
"sam1_TCGGGCACACATTGTG-1","Epithelial_cells","Epithelial_cells"
"sam1_TCGGGCAGTATCAAGA-1","NK_cell","NK_cell"
"sam1_TCGGGCAGTTGCTCGG-1","NK_cell","NK_cell"
"sam1_TCGGGTGAGAGCGACT-1","Macrophage","Macrophage"
"sam1_TCGGTCTGTGAGTAAT-1","HSC_-G-CSF","HSC_-G-CSF"
"sam1_TCGTAGAAGAGTCTTC-1","DC","DC"
"sam1_TCGTAGAGTCACTTAG-1","Macrophage","Macrophage"
"sam1_TCGTAGATCTCAGGCG-1","Fibroblasts","Fibroblasts"
"sam1_TCGTCCAAGTACTGTC-1","Chondrocytes","Chondrocytes"
"sam1_TCGTCCACAAACTAAG-1","Monocyte","Monocyte"
"sam1_TCGTCCAGTCAGTCTA-1","Epithelial_cells","Epithelial_cells"
"sam1_TCGTGCTGTTCGTAAC-1","BM","BM"
"sam1_TCGTGCTGTTGACTAC-1","Macrophage","Macrophage"
"sam1_TCGTGCTTCGTAACTG-1","Macrophage","Macrophage"
"sam1_TCGTGGGAGTCGGCCT-1","Macrophage","Unassigned"
"sam1_TCGTGGGGTCGTATTG-1","Epithelial_cells","Epithelial_cells"
"sam1_TCTAACTAGGGTGAGG-1","DC","DC"
"sam1_TCTAACTAGTAGCAAT-1","Pro-B_cell_CD34+","Pro-B_cell_CD34+"
"sam1_TCTAACTCACCGGCTA-1","NK_cell","NK_cell"
"sam1_TCTAACTCAGGTTTAC-1","Macrophage","Unassigned"
"sam1_TCTAACTGTCTTCATT-1","Epithelial_cells","Epithelial_cells"
"sam1_TCTAACTTCAACACGT-1","Macrophage","Macrophage"
"sam1_TCTAACTTCCACCTGT-1","Fibroblasts","Fibroblasts"
"sam1_TCTAACTTCTGGGATT-1","T_cells","T_cells"
"sam1_TCTAACTTCTTACCGC-1","Neurons","Neurons"
"sam1_TCTAACTTCTTGGCTC-1","NK_cell","NK_cell"
"sam1_TCTACATAGAAACACT-1","Epithelial_cells","Epithelial_cells"
"sam1_TCTACATAGGCTGTAG-1","Pro-B_cell_CD34+","Pro-B_cell_CD34+"
"sam1_TCTACATAGGTCCTGC-1","Epithelial_cells","Epithelial_cells"
"sam1_TCTACATCACAATGCT-1","Smooth_muscle_cells","Unassigned"
"sam1_TCTACATCACACCGAC-1","DC","DC"
"sam1_TCTACATCATACTTTC-1","Fibroblasts","Fibroblasts"
"sam1_TCTACATCATGCAGCC-1","DC","DC"
"sam1_TCTACATTCAAGTTGC-1","Epithelial_cells","Epithelial_cells"
"sam1_TCTACATTCACAACCA-1","Macrophage","Unassigned"
"sam1_TCTACATTCACTCCGT-1","CMP","CMP"
"sam1_TCTACATTCCGTGTCT-1","DC","DC"
"sam1_TCTACATTCGAGAGAC-1","Epithelial_cells","Epithelial_cells"
"sam1_TCTACATTCTAAGCGT-1","Smooth_muscle_cells","Smooth_muscle_cells"
"sam1_TCTACATTCTCTGACC-1","Epithelial_cells","Epithelial_cells"
"sam1_TCTACCGCAACCTAAC-1","Neutrophils","Neutrophils"
"sam1_TCTACCGCAAGCCATT-1","Epithelial_cells","Epithelial_cells"
"sam1_TCTACCGCAAGGCAAC-1","Epithelial_cells","Epithelial_cells"
"sam1_TCTACCGCACAACATC-1","Epithelial_cells","Epithelial_cells"
"sam1_TCTACCGCAGAGGCAT-1","Endothelial_cells","Endothelial_cells"
"sam1_TCTACCGCAGCTGAAG-1","Fibroblasts","Fibroblasts"
"sam1_TCTACCGGTCATTGCA-1","Epithelial_cells","Epithelial_cells"
"sam1_TCTACCGTCACCTTGC-1","Epithelial_cells","Epithelial_cells"
"sam1_TCTACCGTCATGTCAG-1","Smooth_muscle_cells","Smooth_muscle_cells"
"sam1_TCTACCGTCGCACGAC-1","Pre-B_cell_CD34-","Pre-B_cell_CD34-"
"sam1_TCTACCGTCTTGGATG-1","Macrophage","Macrophage"
"sam1_TCTATACAGCTGACCC-1","Macrophage","Macrophage"
"sam1_TCTATACAGGGTAGCT-1","Fibroblasts","Fibroblasts"
"sam1_TCTATACCAAACTCGT-1","Pro-B_cell_CD34+","Pro-B_cell_CD34+"
"sam1_TCTATACCAAATGAGT-1","Macrophage","Macrophage"
"sam1_TCTATACCAACTCCCT-1","Keratinocytes","Keratinocytes"
"sam1_TCTATACGTAACTGCT-1","Macrophage","Macrophage"
"sam1_TCTATACGTACAAAGT-1","T_cells","T_cells"
"sam1_TCTATACGTATGTCCA-1","NK_cell","NK_cell"
"sam1_TCTATACGTGGATGAC-1","T_cells","T_cells"
"sam1_TCTATACGTTCCGCTT-1","Macrophage","Macrophage"
"sam1_TCTATACTCCATACTT-1","Epithelial_cells","Epithelial_cells"
"sam1_TCTATACTCCGACAGC-1","Smooth_muscle_cells","Smooth_muscle_cells"
"sam1_TCTATACTCGCCAGAC-1","NK_cell","NK_cell"
"sam1_TCTATACTCGGCTCTT-1","Macrophage","Macrophage"
"sam1_TCTATACTCGGCTGGT-1","Epithelial_cells","Epithelial_cells"
"sam1_TCTATCACACAACGTT-1","NK_cell","Unassigned"
"sam1_TCTATCACATTGAAGA-1","Macrophage","Macrophage"
"sam1_TCTCACGAGACTGGGT-1","Neuroepithelial_cell","Neuroepithelial_cell"
"sam1_TCTCACGCACCCTAAA-1","Epithelial_cells","Epithelial_cells"
"sam1_TCTCACGGTATCTTCT-1","BM","BM"
"sam1_TCTCACGGTGTGATGG-1","Monocyte","Monocyte"
"sam1_TCTCACGTCGGCATCG-1","Macrophage","Macrophage"
"sam1_TCTCACGTCTTCCCAG-1","Embryonic_stem_cells","Embryonic_stem_cells"
"sam1_TCTCAGCAGCCAAGCA-1","Pre-B_cell_CD34-","Pre-B_cell_CD34-"
"sam1_TCTCAGCAGGCCTGCT-1","HSC_CD34+","HSC_CD34+"
"sam1_TCTCAGCAGGGAGTTC-1","DC","DC"
"sam1_TCTCAGCAGTCTAGCT-1","Macrophage","Unassigned"
"sam1_TCTCAGCCAGACAATA-1","Macrophage","Macrophage"
"sam1_TCTCAGCCATCTCAAG-1","HSC_CD34+","HSC_CD34+"
"sam1_TCTCAGCGTACTCCCT-1","Macrophage","Macrophage"
"sam1_TCTCAGCGTAGGAGGG-1","T_cells","T_cells"
"sam1_TCTCAGCTCATTGCTT-1","Macrophage","Unassigned"
"sam1_TCTCAGCTCCATCACC-1","Neurons","Neurons"
"sam1_TCTCAGCTCTTAGCCC-1","T_cells","T_cells"
"sam1_TCTCCGACACAACATC-1","Epithelial_cells","Epithelial_cells"
"sam1_TCTCCGACACTTCAGA-1","Smooth_muscle_cells","Unassigned"
"sam1_TCTCCGACATCTAACG-1","Neutrophils","Neutrophils"
"sam1_TCTCCGACATTCAGCA-1","Macrophage","Unassigned"
"sam1_TCTCCGATCGGTATGT-1","HSC_-G-CSF","HSC_-G-CSF"
"sam1_TCTCTGGCAGCTGTCG-1","Macrophage","Macrophage"
"sam1_TCTCTGGGTATAGCTC-1","Macrophage","Macrophage"
"sam1_TCTCTGGTCGGCGATC-1","Pro-B_cell_CD34+","Pro-B_cell_CD34+"
"sam1_TCTGCCAAGATCCTAC-1","BM","BM"
"sam1_TCTGCCAAGCGGCTCT-1","Epithelial_cells","Epithelial_cells"
"sam1_TCTGCCAAGTTACGGG-1","Fibroblasts","Unassigned"
"sam1_TCTGCCAGTAGATGTA-1","Pre-B_cell_CD34-","Pre-B_cell_CD34-"
"sam1_TCTGCCAGTCAGACTT-1","Macrophage","Macrophage"
"sam1_TCTGCCAGTGCTGATT-1","Pro-B_cell_CD34+","Pro-B_cell_CD34+"
"sam1_TCTGCCAGTTATCCAG-1","T_cells","T_cells"
"sam1_TCTGCCATCCGAGTGC-1","Epithelial_cells","Epithelial_cells"
"sam1_TCTGCCATCGAACCTA-1","Gametocytes","Gametocytes"
"sam1_TCTGCCATCGACATAC-1","DC","DC"
"sam1_TCTGCCATCGGATTAC-1","Epithelial_cells","Epithelial_cells"
"sam1_TCTGGCTAGATGGTAT-1","Macrophage","Macrophage"
"sam1_TCTGGCTAGCCTTGAT-1","Macrophage","Macrophage"
"sam1_TCTGGCTAGGCCGCTT-1","Smooth_muscle_cells","Unassigned"
"sam1_TCTGGCTCAAGCCTGC-1","B_cell","B_cell"
"sam1_TCTGGCTCACTGTGTA-1","Pro-B_cell_CD34+","Pro-B_cell_CD34+"
"sam1_TCTGGCTGTCACGCTG-1","Epithelial_cells","Epithelial_cells"
"sam1_TCTGGCTGTCTGTGAT-1","Macrophage","Macrophage"
"sam1_TCTGGCTTCCACGTAA-1","Macrophage","Macrophage"
"sam1_TCTGGCTTCCACTGGG-1","Macrophage","Macrophage"
"sam1_TCTGGCTTCGAGAAGC-1","Pro-B_cell_CD34+","Pro-B_cell_CD34+"
"sam1_TCTGTCGAGAGGCTGT-1","Macrophage","Unassigned"
"sam1_TCTGTCGAGTACTGTC-1","BM","BM"
"sam1_TCTGTCGCACAACATC-1","Pro-B_cell_CD34+","Pro-B_cell_CD34+"
"sam1_TCTTAGTAGCCATGCC-1","Fibroblasts","Fibroblasts"
"sam1_TCTTAGTAGTGCAAAT-1","CMP","CMP"
"sam1_TCTTAGTCACTCCACT-1","Epithelial_cells","Epithelial_cells"
"sam1_TCTTAGTCATTCACCC-1","HSC_CD34+","HSC_CD34+"
"sam1_TCTTAGTGTTGAGTCT-1","Macrophage","Macrophage"
"sam1_TCTTAGTTCATCACAG-1","Epithelial_cells","Epithelial_cells"
"sam1_TCTTAGTTCCCTGTTG-1","T_cells","T_cells"
"sam1_TCTTAGTTCCTGGGAC-1","HSC_CD34+","HSC_CD34+"
"sam1_TCTTAGTTCGCTGCGA-1","Macrophage","Unassigned"
"sam1_TCTTAGTTCTGGGTCG-1","CMP","CMP"
"sam1_TCTTCCTCAGCACCCA-1","Astrocyte","Astrocyte"
"sam1_TCTTCCTCATGACGTT-1","Embryonic_stem_cells","Embryonic_stem_cells"
"sam1_TCTTCCTGTCGAATGG-1","Keratinocytes","Keratinocytes"
"sam1_TCTTCCTGTGCATGTT-1","NK_cell","NK_cell"
"sam1_TCTTGCGAGCAGCACA-1","NK_cell","Unassigned"
"sam1_TCTTGCGAGGGCCCTT-1","Pre-B_cell_CD34-","Pre-B_cell_CD34-"
"sam1_TCTTGCGCAACTTCTT-1","Epithelial_cells","Epithelial_cells"
"sam1_TCTTGCGCACGTCGGT-1","HSC_-G-CSF","HSC_-G-CSF"
"sam1_TCTTGCGGTCTCAGGC-1","Neutrophils","Neutrophils"
"sam1_TCTTGCGGTGACAGCA-1","B_cell","B_cell"
"sam1_TCTTGCGTCTGCGGAC-1","Smooth_muscle_cells","Smooth_muscle_cells"
"sam1_TCTTTGAAGAGAGTGA-1","Smooth_muscle_cells","Smooth_muscle_cells"
"sam1_TCTTTGACATCCTGTC-1","Embryonic_stem_cells","Embryonic_stem_cells"
"sam1_TCTTTGATCCCGTGTT-1","Epithelial_cells","Epithelial_cells"
"sam1_TCTTTGATCTCTCAAT-1","Smooth_muscle_cells","Smooth_muscle_cells"
"sam1_TGAACGTAGCAGTACG-1","Epithelial_cells","Epithelial_cells"
"sam1_TGAACGTCATTGCCTC-1","Smooth_muscle_cells","Smooth_muscle_cells"
"sam1_TGAACGTGTAGTGATA-1","Macrophage","Macrophage"
"sam1_TGAACGTGTCCACACG-1","Macrophage","Macrophage"
"sam1_TGAATCGAGCGAATGC-1","Macrophage","Macrophage"
"sam1_TGAATCGCACTGCTTC-1","Epithelial_cells","Epithelial_cells"
"sam1_TGAATCGTCCCAACTC-1","Fibroblasts","Fibroblasts"
"sam1_TGAATCGTCCGCTGTT-1","Epithelial_cells","Epithelial_cells"
"sam1_TGAATGCAGAGTCCGA-1","Pro-B_cell_CD34+","Pro-B_cell_CD34+"
"sam1_TGAATGCGTAAGCGGT-1","Macrophage","Macrophage"
"sam1_TGAATGCGTGACGCCT-1","HSC_-G-CSF","HSC_-G-CSF"
"sam1_TGAATGCTCTAAACGC-1","Pro-Myelocyte","Pro-Myelocyte"
"sam1_TGACAGTAGCTATCTG-1","Macrophage","Macrophage"
"sam1_TGACAGTCAACGGCTC-1","Smooth_muscle_cells","Unassigned"
"sam1_TGACAGTCACATAGCT-1","Smooth_muscle_cells","Smooth_muscle_cells"
"sam1_TGACAGTCACCTGAAT-1","Fibroblasts","Fibroblasts"
"sam1_TGACAGTCACTTGAGT-1","T_cells","T_cells"
"sam1_TGACAGTCAGGTGACA-1","Macrophage","Macrophage"
"sam1_TGACAGTTCCTGGGTG-1","Smooth_muscle_cells","Smooth_muscle_cells"
"sam1_TGACCCTAGCAACTCT-1","Epithelial_cells","Epithelial_cells"
"sam1_TGACCCTCAAAGGCTG-1","Keratinocytes","Keratinocytes"
"sam1_TGACCCTCAGCGTGAA-1","Macrophage","Macrophage"
"sam1_TGACCCTGTCCCAAAT-1","Macrophage","Macrophage"
"sam1_TGACCCTGTCTCGGGT-1","T_cells","T_cells"
"sam1_TGACCCTGTTTCGACA-1","Hepatocytes","Hepatocytes"
"sam1_TGACCCTTCTCAGAAC-1","Endothelial_cells","Endothelial_cells"
"sam1_TGACGCGAGACCAGAC-1","NK_cell","NK_cell"
"sam1_TGACGCGCACAGAGCA-1","Macrophage","Macrophage"
"sam1_TGACGCGTCTTCTGTA-1","Fibroblasts","Fibroblasts"
"sam1_TGACTCCAGCCTTCTC-1","BM","BM"
"sam1_TGACTCCAGGTACATA-1","Epithelial_cells","Epithelial_cells"
"sam1_TGACTCCAGGTTATAG-1","Macrophage","Macrophage"
"sam1_TGACTCCCACAAGCTT-1","Epithelial_cells","Epithelial_cells"
"sam1_TGACTCCCAGAAATCA-1","T_cells","T_cells"
"sam1_TGACTCCGTATCACCA-1","DC","DC"
"sam1_TGACTCCGTGAGGCAT-1","Macrophage","Unassigned"
"sam1_TGACTCCGTTTGGGAG-1","Macrophage","Macrophage"
"sam1_TGACTCCTCTACACTT-1","iPS_cells","iPS_cells"
"sam1_TGACTCCTCTACGCAA-1","Keratinocytes","Keratinocytes"
"sam1_TGAGACTAGGAGAGTA-1","T_cells","T_cells"
"sam1_TGAGACTCATACAGGG-1","Macrophage","Macrophage"
"sam1_TGAGACTGTGAGGCAT-1","Smooth_muscle_cells","Smooth_muscle_cells"
"sam1_TGAGACTTCGCTCTCA-1","DC","DC"
"sam1_TGAGCATAGCGCCTTG-1","NK_cell","NK_cell"
"sam1_TGAGCATAGTCGCCAC-1","Smooth_muscle_cells","Smooth_muscle_cells"
"sam1_TGAGCATCAGTGTACT-1","T_cells","T_cells"
"sam1_TGAGCATCATGTGACT-1","NK_cell","NK_cell"
"sam1_TGAGCATTCAGAGTTC-1","Smooth_muscle_cells","Smooth_muscle_cells"
"sam1_TGAGCATTCTCTATAC-1","Epithelial_cells","Epithelial_cells"
"sam1_TGAGCGCCAAGCACCC-1","Chondrocytes","Chondrocytes"
"sam1_TGAGCGCCACCTAAAC-1","Epithelial_cells","Epithelial_cells"
"sam1_TGAGCGCCAGCTCATA-1","Myelocyte","Myelocyte"
"sam1_TGAGCGCGTTATAGCC-1","Macrophage","Macrophage"
"sam1_TGAGCGCTCACACGAT-1","Smooth_muscle_cells","Smooth_muscle_cells"
"sam1_TGAGCGCTCCGTACGG-1","Epithelial_cells","Epithelial_cells"
"sam1_TGAGCGCTCTTCTGGC-1","Keratinocytes","Keratinocytes"
"sam1_TGAGGAGCAAACTGCT-1","Macrophage","Macrophage"
"sam1_TGAGGAGCAAGCCATT-1","CMP","CMP"
"sam1_TGAGGAGTCTTGTGCC-1","Fibroblasts","Fibroblasts"
"sam1_TGAGGGAAGTATTCCG-1","Epithelial_cells","Epithelial_cells"
"sam1_TGAGGGACAAGAGAGA-1","Macrophage","Macrophage"
"sam1_TGAGGGACACAGACGA-1","HSC_CD34+","HSC_CD34+"
"sam1_TGAGGGAGTTCTAAGC-1","HSC_-G-CSF","HSC_-G-CSF"
"sam1_TGAGGGATCAAGGAGC-1","Pre-B_cell_CD34-","Pre-B_cell_CD34-"
"sam1_TGAGGTTAGCATTGTC-1","Macrophage","Macrophage"
"sam1_TGAGGTTCAAAGACTA-1","Macrophage","Unassigned"
"sam1_TGAGGTTCAGTAGTGG-1","Smooth_muscle_cells","Smooth_muscle_cells"
"sam1_TGAGGTTGTCCTCATC-1","Smooth_muscle_cells","Smooth_muscle_cells"
"sam1_TGAGGTTGTCTGGTTA-1","Epithelial_cells","Epithelial_cells"
"sam1_TGAGGTTGTGACGCCT-1","Fibroblasts","Fibroblasts"
"sam1_TGAGGTTTCATGCATG-1","T_cells","T_cells"
"sam1_TGAGGTTTCCACGGAC-1","Myelocyte","Myelocyte"
"sam1_TGAGGTTTCTCAACGA-1","Macrophage","Macrophage"
"sam1_TGAGGTTTCTGTCGCT-1","NK_cell","NK_cell"
"sam1_TGAGTCAAGTCTAACC-1","Smooth_muscle_cells","Unassigned"
"sam1_TGAGTCACAAGATTGA-1","GMP","GMP"
"sam1_TGAGTCACACCCAATA-1","Epithelial_cells","Epithelial_cells"
"sam1_TGAGTCACAGCTTCCT-1","DC","DC"
"sam1_TGAGTCATCCAGCTCT-1","Macrophage","Macrophage"
"sam1_TGAGTCATCGAGAACG-1","Fibroblasts","Fibroblasts"
"sam1_TGAGTCATCTACGGTA-1","Pro-B_cell_CD34+","Pro-B_cell_CD34+"
"sam1_TGAGTCATCTGATGGT-1","NK_cell","NK_cell"
"sam1_TGATCAGAGATAGGGA-1","Macrophage","Macrophage"
"sam1_TGATCAGAGGATATGT-1","Smooth_muscle_cells","Smooth_muscle_cells"
"sam1_TGATCAGAGTGCCTCG-1","Smooth_muscle_cells","Smooth_muscle_cells"
"sam1_TGATCAGCAACAGATA-1","Epithelial_cells","Epithelial_cells"
"sam1_TGATCAGCAGATCCAT-1","Macrophage","Unassigned"
"sam1_TGATCAGCAGTCTTCC-1","Epithelial_cells","Epithelial_cells"
"sam1_TGATCAGCATCCGTGG-1","HSC_CD34+","HSC_CD34+"
"sam1_TGATCAGGTATGCAAA-1","Macrophage","Macrophage"
"sam1_TGATCAGGTTATCTTC-1","Macrophage","Macrophage"
"sam1_TGATCAGTCCAGCAAT-1","Neurons","Neurons"
"sam1_TGATCTTAGAGAAGGT-1","B_cell","B_cell"
"sam1_TGATCTTAGAGAGCAA-1","Epithelial_cells","Epithelial_cells"
"sam1_TGATCTTAGCTAGATA-1","Macrophage","Macrophage"
"sam1_TGATCTTCACCGGTCA-1","NK_cell","NK_cell"
"sam1_TGATCTTCACTTGTCC-1","Macrophage","Macrophage"
"sam1_TGATCTTGTTCCGGTG-1","Keratinocytes","Keratinocytes"
"sam1_TGATGCAAGGACAGCT-1","Macrophage","Macrophage"
"sam1_TGATGCAAGTTGAAGT-1","Epithelial_cells","Epithelial_cells"
"sam1_TGATGCACAAACCACT-1","Epithelial_cells","Epithelial_cells"
"sam1_TGATGCATCAGGACAG-1","NK_cell","NK_cell"
"sam1_TGATGCATCCACTTCG-1","Macrophage","Macrophage"
"sam1_TGATGGTAGGCATCAG-1","T_cells","T_cells"
"sam1_TGATGGTCACTCCACT-1","Hepatocytes","Hepatocytes"
"sam1_TGATGGTCATGACCCG-1","DC","DC"
"sam1_TGATGGTGTTCGTTCC-1","Chondrocytes","Chondrocytes"
"sam1_TGATGGTTCTAACGCA-1","Macrophage","Macrophage"
"sam1_TGATTCTAGGACCCAA-1","Neutrophils","Neutrophils"
"sam1_TGATTCTCAACACACT-1","Epithelial_cells","Epithelial_cells"
"sam1_TGATTCTCAGCTTCGG-1","DC","DC"
"sam1_TGATTCTGTCCCTAAA-1","Neutrophils","Neutrophils"
"sam1_TGATTCTTCACACCGG-1","Macrophage","Unassigned"
"sam1_TGATTCTTCGTACACA-1","Macrophage","Macrophage"
"sam1_TGATTTCAGCATGATA-1","Chondrocytes","Chondrocytes"
"sam1_TGATTTCCAACCCTAA-1","T_cells","T_cells"
"sam1_TGATTTCCATGAGAAT-1","Neurons","Neurons"
"sam1_TGCACGGAGACGACTG-1","Macrophage","Macrophage"
"sam1_TGCACGGGTTACGATC-1","DC","DC"
"sam1_TGCACGGTCAGACATC-1","Fibroblasts","Fibroblasts"
"sam1_TGCAGATAGCGCACAA-1","Macrophage","Unassigned"
"sam1_TGCAGATAGTATCTGC-1","Macrophage","Macrophage"
"sam1_TGCAGATGTACAGCGA-1","Macrophage","Macrophage"
"sam1_TGCAGATTCATCACCC-1","Pro-Myelocyte","Pro-Myelocyte"
"sam1_TGCAGATTCCTACTGC-1","Keratinocytes","Keratinocytes"
"sam1_TGCAGATTCTTGGGCG-1","Epithelial_cells","Epithelial_cells"
"sam1_TGCAGGCAGCCTCATA-1","Keratinocytes","Keratinocytes"
"sam1_TGCAGGCCACTATGTG-1","Epithelial_cells","Epithelial_cells"
"sam1_TGCAGGCCATTAAGCC-1","DC","DC"
"sam1_TGCAGGCGTACAGTAA-1","Fibroblasts","Fibroblasts"
"sam1_TGCAGGCGTTAAGGGC-1","Epithelial_cells","Epithelial_cells"
"sam1_TGCAGGCGTTCGTAAC-1","Epithelial_cells","Epithelial_cells"
"sam1_TGCAGGCGTTCGTTCC-1","T_cells","T_cells"
"sam1_TGCAGGCGTTTACCTT-1","Neutrophils","Neutrophils"
"sam1_TGCAGGCTCCGCACGA-1","Epithelial_cells","Epithelial_cells"
"sam1_TGCAGGCTCGTTAGAC-1","Pre-B_cell_CD34-","Pre-B_cell_CD34-"
"sam1_TGCAGTAAGCGTGAGT-1","Hepatocytes","Hepatocytes"
"sam1_TGCAGTAAGGTGCTTT-1","Myelocyte","Myelocyte"
"sam1_TGCAGTAAGGTTAGTA-1","Epithelial_cells","Epithelial_cells"
"sam1_TGCAGTACAGGGACTA-1","T_cells","T_cells"
"sam1_TGCAGTAGTACGCTAT-1","Macrophage","Unassigned"
"sam1_TGCAGTATCGGAGTAG-1","Smooth_muscle_cells","Smooth_muscle_cells"
"sam1_TGCAGTATCTCTCCGA-1","Epithelial_cells","Epithelial_cells"
"sam1_TGCATCCAGGTCATAA-1","Epithelial_cells","Epithelial_cells"
"sam1_TGCATCCAGTGTGTTC-1","HSC_-G-CSF","HSC_-G-CSF"
"sam1_TGCATCCCAAGTGGTG-1","BM","BM"
"sam1_TGCATCCGTAAGCTCT-1","Epithelial_cells","Epithelial_cells"
"sam1_TGCATCCTCAACTTTC-1","Keratinocytes","Keratinocytes"
"sam1_TGCATCCTCTGCTTTA-1","HSC_CD34+","HSC_CD34+"
"sam1_TGCATGAAGAGATCGC-1","BM","BM"
"sam1_TGCATGACATCCTATT-1","Embryonic_stem_cells","Embryonic_stem_cells"
"sam1_TGCATGACATGGCTAT-1","Epithelial_cells","Epithelial_cells"
"sam1_TGCATGAGTACCAGAG-1","T_cells","T_cells"
"sam1_TGCATGAGTAGCTTTG-1","Macrophage","Macrophage"
"sam1_TGCATGAGTCCCTCAT-1","Astrocyte","Astrocyte"
"sam1_TGCATGAGTGGAAATT-1","Macrophage","Macrophage"
"sam1_TGCATGATCTGCGGAC-1","Epithelial_cells","Epithelial_cells"
"sam1_TGCCGAGAGCCATTCA-1","Macrophage","Unassigned"
"sam1_TGCCGAGCAACTGAAA-1","Chondrocytes","Chondrocytes"
"sam1_TGCCGAGCACCAGCTG-1","Epithelial_cells","Epithelial_cells"
"sam1_TGCCGAGGTCTACAAC-1","Neurons","Neurons"
"sam1_TGCCGAGGTCTGTCCT-1","Neutrophils","Neutrophils"
"sam1_TGCCGAGTCAGTCACA-1","T_cells","T_cells"
"sam1_TGCCGAGTCCCTCGTA-1","Keratinocytes","Keratinocytes"
"sam1_TGCCGAGTCTAGTGAC-1","Macrophage","Macrophage"
"sam1_TGCGACGAGCGGTAAC-1","Hepatocytes","Hepatocytes"
"sam1_TGCGACGCAGGCGTTC-1","Epithelial_cells","Epithelial_cells"
"sam1_TGCGACGCAGTCGCAC-1","Epithelial_cells","Epithelial_cells"
"sam1_TGCGACGCATCCTCAC-1","Chondrocytes","Chondrocytes"
"sam1_TGCGATAAGAGTGAAG-1","Epithelial_cells","Epithelial_cells"
"sam1_TGCGATAAGTTGCCCG-1","Macrophage","Macrophage"
"sam1_TGCGATACAACCCTCT-1","Epithelial_cells","Epithelial_cells"
"sam1_TGCGATACAAGGACAC-1","Macrophage","Macrophage"
"sam1_TGCGATACAAGTCCAT-1","T_cells","T_cells"
"sam1_TGCGATAGTGGCACTC-1","Fibroblasts","Fibroblasts"
"sam1_TGCGATATCATGGTAC-1","DC","DC"
"sam1_TGCGGCACAACTGCTA-1","Macrophage","Unassigned"
"sam1_TGCGGCAGTACCACGC-1","Macrophage","Macrophage"
"sam1_TGCGGCAGTAGAATAC-1","NK_cell","NK_cell"
"sam1_TGCGGCATCCGCCTAT-1","Pro-Myelocyte","Pro-Myelocyte"
"sam1_TGCGGCATCGGCCTTT-1","Macrophage","Unassigned"
"sam1_TGCGGCATCTCCGCAT-1","NK_cell","NK_cell"
"sam1_TGCTCCAAGACCAACG-1","DC","DC"
"sam1_TGCTCCAAGTCATGAA-1","Macrophage","Macrophage"
"sam1_TGCTCCACAACACTAC-1","T_cells","T_cells"
"sam1_TGCTCCACAACTCGAT-1","Fibroblasts","Fibroblasts"
"sam1_TGCTCCACAAGCTCTA-1","Chondrocytes","Chondrocytes"
"sam1_TGCTCCAGTAGCGTTT-1","DC","DC"
"sam1_TGCTCCAGTATGACAA-1","Macrophage","Macrophage"
"sam1_TGCTCCAGTGTGTACT-1","Osteoblasts","Osteoblasts"
"sam1_TGCTCCATCCGCAACG-1","NK_cell","NK_cell"
"sam1_TGCTCGTCAACAAGAT-1","Gametocytes","Gametocytes"
"sam1_TGCTCGTCAACGTTAC-1","Pre-B_cell_CD34-","Pre-B_cell_CD34-"
"sam1_TGCTCGTCACGGAAGT-1","Macrophage","Macrophage"
"sam1_TGCTCGTCATAGCTGT-1","NK_cell","NK_cell"
"sam1_TGCTCGTGTCCTGGTG-1","DC","DC"
"sam1_TGCTGAAAGATGATTG-1","Chondrocytes","Chondrocytes"
"sam1_TGCTGAAAGTTTGGCT-1","T_cells","T_cells"
"sam1_TGCTGAACACCTGCAG-1","Hepatocytes","Hepatocytes"
"sam1_TGCTGAAGTCATTCCC-1","Monocyte","Monocyte"
"sam1_TGCTTCGCAGCAGTTT-1","Epithelial_cells","Epithelial_cells"
"sam1_TGCTTCGCATCAACCA-1","Pro-B_cell_CD34+","Pro-B_cell_CD34+"
"sam1_TGCTTCGGTAACATAG-1","Epithelial_cells","Epithelial_cells"
"sam1_TGCTTCGGTCCGAAAG-1","Macrophage","Macrophage"
"sam1_TGCTTCGTCTTTGGAG-1","Macrophage","Macrophage"
"sam1_TGCTTGCAGCATTTGC-1","Macrophage","Macrophage"
"sam1_TGCTTGCAGTACGAGC-1","T_cells","T_cells"
"sam1_TGCTTGCAGTCGCGAA-1","Neutrophils","Neutrophils"
"sam1_TGCTTGCCAAGTTCCA-1","Epithelial_cells","Epithelial_cells"
"sam1_TGCTTGCCACAGCTTA-1","GMP","GMP"
"sam1_TGCTTGCCAGACTCTA-1","Smooth_muscle_cells","Smooth_muscle_cells"
"sam1_TGCTTGCCAGCACAAG-1","Macrophage","Macrophage"
"sam1_TGGAACTAGGAATTAC-1","Fibroblasts","Unassigned"
"sam1_TGGAACTAGGACAACC-1","Endothelial_cells","Endothelial_cells"
"sam1_TGGAACTCAGTAGAGC-1","Epithelial_cells","Epithelial_cells"
"sam1_TGGAACTGTAGATCCT-1","Neurons","Neurons"
"sam1_TGGAACTTCCTTCAGC-1","Macrophage","Unassigned"
"sam1_TGGAACTTCTGGTTGA-1","B_cell","B_cell"
"sam1_TGGAGAGGTACGTAGG-1","Macrophage","Macrophage"
"sam1_TGGAGAGGTAGTATAG-1","Macrophage","Macrophage"
"sam1_TGGAGAGGTGACTCGC-1","Keratinocytes","Keratinocytes"
"sam1_TGGAGAGGTGCCTAAT-1","Smooth_muscle_cells","Smooth_muscle_cells"
"sam1_TGGAGGAAGAACAGGA-1","Keratinocytes","Keratinocytes"
"sam1_TGGAGGAAGGTGCGAT-1","Pre-B_cell_CD34-","Pre-B_cell_CD34-"
"sam1_TGGAGGACAGCCGTCA-1","Epithelial_cells","Epithelial_cells"
"sam1_TGGAGGACAGGCATTT-1","Smooth_muscle_cells","Smooth_muscle_cells"
"sam1_TGGAGGACATCTAACG-1","Keratinocytes","Keratinocytes"
"sam1_TGGATCAAGACTTAAG-1","NK_cell","NK_cell"
"sam1_TGGATCACAAGAGTGC-1","Smooth_muscle_cells","Smooth_muscle_cells"
"sam1_TGGATCACAAGTCGTT-1","BM","BM"
"sam1_TGGATCAGTCACCGAC-1","Macrophage","Macrophage"
"sam1_TGGATCAGTCTCTCAC-1","GMP","GMP"
"sam1_TGGATCAGTCTGTAAC-1","NK_cell","NK_cell"
"sam1_TGGATCAGTGTTTGCA-1","NK_cell","NK_cell"
"sam1_TGGATCATCACTGCTC-1","T_cells","T_cells"
"sam1_TGGATCATCGACACTA-1","Smooth_muscle_cells","Smooth_muscle_cells"
"sam1_TGGATCATCTCTGGTC-1","Macrophage","Macrophage"
"sam1_TGGATGTAGGCAGTCA-1","Smooth_muscle_cells","Smooth_muscle_cells"
"sam1_TGGATGTCAAACGGCA-1","Chondrocytes","Chondrocytes"
"sam1_TGGATGTCAAGGGTCA-1","Pro-B_cell_CD34+","Pro-B_cell_CD34+"
"sam1_TGGATGTGTATGAGAT-1","Macrophage","Unassigned"
"sam1_TGGATGTGTCGGCTAC-1","Epithelial_cells","Epithelial_cells"
"sam1_TGGATGTGTTCTGACA-1","Monocyte","Monocyte"
"sam1_TGGATGTTCCAACTGA-1","Epithelial_cells","Epithelial_cells"
"sam1_TGGCGTGAGATAGTGT-1","Neutrophils","Neutrophils"
"sam1_TGGCGTGCAACGCATT-1","DC","DC"
"sam1_TGGCGTGCAAGAAACT-1","Macrophage","Macrophage"
"sam1_TGGGAAGAGCAAGGAA-1","Smooth_muscle_cells","Smooth_muscle_cells"
"sam1_TGGGAAGAGGACGCAT-1","Epithelial_cells","Epithelial_cells"
"sam1_TGGGAAGAGGGTTAAT-1","Chondrocytes","Chondrocytes"
"sam1_TGGGAAGCAGCTTTGA-1","Smooth_muscle_cells","Smooth_muscle_cells"
"sam1_TGGGAAGGTTCAACGT-1","Epithelial_cells","Epithelial_cells"
"sam1_TGGGAAGGTTTCTATC-1","Epithelial_cells","Epithelial_cells"
"sam1_TGGGAAGTCATTGTGG-1","Fibroblasts","Fibroblasts"
"sam1_TGGGAGAAGACTCTAC-1","HSC_-G-CSF","HSC_-G-CSF"
"sam1_TGGGAGAGTAGTGCGA-1","Fibroblasts","Fibroblasts"
"sam1_TGGGAGATCAGGAACG-1","Pre-B_cell_CD34-","Pre-B_cell_CD34-"
"sam1_TGGGATTCACAGTCCG-1","Fibroblasts","Fibroblasts"
"sam1_TGGGATTCAGAGGCAT-1","Macrophage","Macrophage"
"sam1_TGGGATTTCCCTCTTT-1","CMP","CMP"
"sam1_TGGGATTTCGTGGCGT-1","Pre-B_cell_CD34-","Pre-B_cell_CD34-"
"sam1_TGGGCGTAGGAGGTTC-1","Fibroblasts","Fibroblasts"
"sam1_TGGGCGTCAATCGCAT-1","Fibroblasts","Fibroblasts"
"sam1_TGGGCGTTCAAAGGAT-1","Fibroblasts","Fibroblasts"
"sam1_TGGGCTGCAAACGGCA-1","Pro-B_cell_CD34+","Pro-B_cell_CD34+"
"sam1_TGGGCTGCACAGGATG-1","Fibroblasts","Unassigned"
"sam1_TGGGCTGCACATATGC-1","Macrophage","Macrophage"
"sam1_TGGGCTGGTCTCCTGT-1","Macrophage","Unassigned"
"sam1_TGGGTTAAGAAACACT-1","Macrophage","Macrophage"
"sam1_TGGGTTACACTGGATT-1","Smooth_muscle_cells","Smooth_muscle_cells"
"sam1_TGGGTTACATCATGAC-1","Keratinocytes","Keratinocytes"
"sam1_TGGGTTACATCCGCGA-1","Macrophage","Unassigned"
"sam1_TGGGTTAGTCACAGAG-1","Epithelial_cells","Epithelial_cells"
"sam1_TGGGTTAGTTGTGGAG-1","GMP","GMP"
"sam1_TGGGTTAGTTTATGCG-1","T_cells","T_cells"
"sam1_TGGTACACAGCAATTC-1","Macrophage","Macrophage"
"sam1_TGGTACACATGGCCCA-1","Chondrocytes","Chondrocytes"
"sam1_TGGTACAGTTTAGAGA-1","Pro-B_cell_CD34+","Pro-B_cell_CD34+"
"sam1_TGGTAGTAGGAACGTC-1","NK_cell","NK_cell"
"sam1_TGGTAGTCACTGAGGA-1","Epithelial_cells","Epithelial_cells"
"sam1_TGGTAGTCATGGCCAC-1","Keratinocytes","Keratinocytes"
"sam1_TGGTAGTGTATAGGGC-1","Macrophage","Macrophage"
"sam1_TGGTAGTGTGCGAACA-1","Macrophage","Macrophage"
"sam1_TGGTAGTTCGTAATGC-1","Macrophage","Macrophage"
"sam1_TGGTAGTTCTACTGAG-1","BM","BM"
"sam1_TGGTGATAGTACTGTC-1","Fibroblasts","Fibroblasts"
"sam1_TGGTGATCAACCGACC-1","Epithelial_cells","Epithelial_cells"
"sam1_TGGTGATCAACGGCTC-1","Macrophage","Unassigned"
"sam1_TGGTGATGTACGATGG-1","Macrophage","Macrophage"
"sam1_TGGTGATTCAGCGGAA-1","Platelets","Platelets"
"sam1_TGGTGATTCGAGCCAC-1","T_cells","T_cells"
"sam1_TGGTTAGCACCGGAAA-1","Macrophage","Macrophage"
"sam1_TGGTTAGCAGTGTACT-1","Epithelial_cells","Epithelial_cells"
"sam1_TGGTTAGCATTCCTCG-1","NK_cell","NK_cell"
"sam1_TGGTTAGGTCTGTAGT-1","T_cells","T_cells"
"sam1_TGGTTAGTCTGCGTCT-1","Fibroblasts","Fibroblasts"
"sam1_TGTAACGAGGGATCGT-1","Smooth_muscle_cells","Smooth_muscle_cells"
"sam1_TGTAACGCAATCTCTT-1","Epithelial_cells","Epithelial_cells"
"sam1_TGTAACGCATCGAGCC-1","Smooth_muscle_cells","Smooth_muscle_cells"
"sam1_TGTAACGGTAGCTTGT-1","NK_cell","NK_cell"
"sam1_TGTAAGCAGCACGTCC-1","Macrophage","Macrophage"
"sam1_TGTAAGCGTTAGAAAC-1","T_cells","T_cells"
"sam1_TGTACAGAGGAACATT-1","Macrophage","Macrophage"
"sam1_TGTACAGGTTGCAACT-1","Fibroblasts","Fibroblasts"
"sam1_TGTACAGTCCTTCTGG-1","Macrophage","Macrophage"
"sam1_TGTAGACAGTTACTCG-1","Smooth_muscle_cells","Unassigned"
"sam1_TGTCAGAAGCCTATCA-1","NK_cell","NK_cell"
"sam1_TGTCAGAAGCTGACCC-1","T_cells","T_cells"
"sam1_TGTCAGAAGTACAACA-1","Epithelial_cells","Epithelial_cells"
"sam1_TGTCAGAGTCCTGGTG-1","Epithelial_cells","Epithelial_cells"
"sam1_TGTCAGATCACATTGG-1","Smooth_muscle_cells","Smooth_muscle_cells"
"sam1_TGTCAGATCCGTAGTA-1","Fibroblasts","Fibroblasts"
"sam1_TGTCCACAGACGACTG-1","Macrophage","Macrophage"
"sam1_TGTCCACAGCAGGTCA-1","Macrophage","Macrophage"
"sam1_TGTCCACCACAGTGTT-1","Fibroblasts","Fibroblasts"
"sam1_TGTCCCAAGGCATCTT-1","Macrophage","Macrophage"
"sam1_TGTCCCACATTGCTTT-1","Macrophage","Macrophage"
"sam1_TGTCCCATCATGCGGC-1","Fibroblasts","Fibroblasts"
"sam1_TGTCCCATCCCAAGCG-1","Epithelial_cells","Epithelial_cells"
"sam1_TGTCCCATCGCTGTCT-1","BM","BM"
"sam1_TGTCCTGAGAGTCGAC-1","Fibroblasts","Fibroblasts"
"sam1_TGTCCTGAGCCAGACA-1","HSC_-G-CSF","HSC_-G-CSF"
"sam1_TGTCCTGAGCCTCTCT-1","Epithelial_cells","Epithelial_cells"
"sam1_TGTCCTGAGCCTGTGC-1","Macrophage","Macrophage"
"sam1_TGTCCTGAGGTGCTAG-1","Tissue_stem_cells","Tissue_stem_cells"
"sam1_TGTCCTGAGTTCCATG-1","Macrophage","Macrophage"
"sam1_TGTCCTGGTACGATGG-1","Macrophage","Macrophage"
"sam1_TGTCCTGGTAGGAAAG-1","Neutrophils","Neutrophils"
"sam1_TGTCCTGGTCTGCGCA-1","Neutrophils","Neutrophils"
"sam1_TGTCCTGGTGTACAGG-1","Epithelial_cells","Epithelial_cells"
"sam1_TGTGAGTAGCCTGAGA-1","Monocyte","Monocyte"
"sam1_TGTGAGTGTGACACGA-1","Hepatocytes","Hepatocytes"
"sam1_TGTGAGTTCAGCTTGA-1","Monocyte","Monocyte"
"sam1_TGTGAGTTCTGACCCT-1","Fibroblasts","Fibroblasts"
"sam1_TGTGATGAGAATAACC-1","Macrophage","Macrophage"
"sam1_TGTGATGAGAGTCCGA-1","Fibroblasts","Fibroblasts"
"sam1_TGTGATGAGTAACCTC-1","Fibroblasts","Fibroblasts"
"sam1_TGTGATGCACCTGATA-1","Macrophage","Macrophage"
"sam1_TGTGATGCAGGCTATT-1","Macrophage","Macrophage"
"sam1_TGTGATGTCAATGTCG-1","Keratinocytes","Keratinocytes"
"sam1_TGTGATGTCTCCATAT-1","Macrophage","Macrophage"
"sam1_TGTGCGGCAATGAACA-1","Macrophage","Macrophage"
"sam1_TGTGCGGGTCCCAAAT-1","Macrophage","Macrophage"
"sam1_TGTGGCGCACCTGTCT-1","T_cells","T_cells"
"sam1_TGTGGCGGTTCCAGGC-1","Pre-B_cell_CD34-","Pre-B_cell_CD34-"
"sam1_TGTGGCGTCATTACCT-1","Fibroblasts","Fibroblasts"
"sam1_TGTGGCGTCCATCTAT-1","Macrophage","Unassigned"
"sam1_TGTGGCGTCGAAACAA-1","Epithelial_cells","Epithelial_cells"
"sam1_TGTGTGAAGATTGACA-1","Macrophage","Unassigned"
"sam1_TGTGTGAAGGCCGCTT-1","Macrophage","Macrophage"
"sam1_TGTGTGAAGTAGTCTC-1","Macrophage","Macrophage"
"sam1_TGTGTGATCACACCCT-1","Myelocyte","Myelocyte"
"sam1_TGTGTGATCATGGATC-1","NK_cell","NK_cell"
"sam1_TGTTACTAGGTCGTGA-1","BM","BM"
"sam1_TGTTACTCACAACGAG-1","T_cells","T_cells"
"sam1_TGTTACTGTTCTCTAT-1","Macrophage","Macrophage"
"sam1_TGTTCATCACGCAGTC-1","Neurons","Neurons"
"sam1_TGTTCATTCGCGGACT-1","T_cells","T_cells"
"sam1_TGTTCCGCAGCGCGTT-1","Epithelial_cells","Epithelial_cells"
"sam1_TGTTCCGTCCGATGTA-1","Fibroblasts","Fibroblasts"
"sam1_TGTTCTAAGTATCCTG-1","Smooth_muscle_cells","Smooth_muscle_cells"
"sam1_TGTTCTACATATGAAG-1","Astrocyte","Astrocyte"
"sam1_TGTTCTACATCAGCGC-1","Macrophage","Macrophage"
"sam1_TGTTCTAGTAGATCCT-1","T_cells","T_cells"
"sam1_TGTTCTAGTCCAAATC-1","Chondrocytes","Chondrocytes"
"sam1_TGTTCTAGTTTGAACC-1","Epithelial_cells","Epithelial_cells"
"sam1_TGTTGAGAGGCATCGA-1","Macrophage","Macrophage"
"sam1_TGTTGAGCAAGTTCGT-1","B_cell","B_cell"
"sam1_TGTTGAGCACTTGGCG-1","Keratinocytes","Keratinocytes"
"sam1_TGTTGAGTCATGCCAA-1","Macrophage","Macrophage"
"sam1_TGTTGGAAGTGATAAC-1","Pre-B_cell_CD34-","Pre-B_cell_CD34-"
"sam1_TGTTGGACACTAGGTT-1","Smooth_muscle_cells","Smooth_muscle_cells"
"sam1_TGTTTGTAGCAAATCA-1","Epithelial_cells","Epithelial_cells"
"sam1_TGTTTGTGTCGTCAGC-1","Macrophage","Macrophage"
"sam1_TGTTTGTTCAGCTGTA-1","NK_cell","NK_cell"
"sam1_TGTTTGTTCATAGCAC-1","Embryonic_stem_cells","Embryonic_stem_cells"
"sam1_TGTTTGTTCGCTTACC-1","Macrophage","Macrophage"
"sam1_TTAATCCAGGAGAATG-1","Astrocyte","Astrocyte"
"sam1_TTAATCCCAACACGAG-1","Epithelial_cells","Epithelial_cells"
"sam1_TTAATCCCAAGCTGCC-1","Keratinocytes","Keratinocytes"
"sam1_TTAATCCCACCGGTCA-1","Neutrophils","Neutrophils"
"sam1_TTAATCCCACTTACAG-1","Epithelial_cells","Epithelial_cells"
"sam1_TTAATCCCAGACCGCT-1","Fibroblasts","Fibroblasts"
"sam1_TTAATCCCAGCAATTC-1","Hepatocytes","Hepatocytes"
"sam1_TTAATCCCATCGATCA-1","Epithelial_cells","Epithelial_cells"
"sam1_TTAATCCGTTTCTATC-1","Endothelial_cells","Endothelial_cells"
"sam1_TTAATCCTCGTAATGC-1","T_cells","T_cells"
"sam1_TTAATCCTCTTCCACG-1","Hepatocytes","Hepatocytes"
"sam1_TTAATCCTCTTTCAGT-1","Macrophage","Macrophage"
"sam1_TTACAGGCACCAATTG-1","Macrophage","Macrophage"
"sam1_TTACAGGCATGGCCCA-1","Epithelial_cells","Epithelial_cells"
"sam1_TTACAGGGTGATACTC-1","NK_cell","NK_cell"
"sam1_TTACAGGGTGCCGTAC-1","T_cells","T_cells"
"sam1_TTACAGGGTTAAGGGC-1","Macrophage","Macrophage"
"sam1_TTACAGGGTTGCGGAA-1","Macrophage","Macrophage"
"sam1_TTACCATAGAAGCGCT-1","BM","BM"
"sam1_TTACCATAGACTGTTC-1","Osteoblasts","Osteoblasts"
"sam1_TTACCATAGTTTCAGC-1","Embryonic_stem_cells","Embryonic_stem_cells"
"sam1_TTACCATCAATTGGTC-1","Astrocyte","Astrocyte"
"sam1_TTACCATCAGGGACTA-1","Chondrocytes","Unassigned"
"sam1_TTACCATGTGTCACAT-1","Epithelial_cells","Epithelial_cells"
"sam1_TTACCATGTTCTCTAT-1","Macrophage","Macrophage"
"sam1_TTACCATTCACAAGAA-1","Macrophage","Macrophage"
"sam1_TTACCATTCAGCTTCC-1","Neuroepithelial_cell","Neuroepithelial_cell"
"sam1_TTACCATTCGTAACCA-1","Epithelial_cells","Epithelial_cells"
"sam1_TTACCATTCTCCCTAG-1","Epithelial_cells","Epithelial_cells"
"sam1_TTACCGCAGCGATGGT-1","Pro-B_cell_CD34+","Pro-B_cell_CD34+"
"sam1_TTACCGCCACCAAATC-1","Macrophage","Unassigned"
"sam1_TTACCGCCACCGTCGA-1","Macrophage","Macrophage"
"sam1_TTACCGCGTCAATGGG-1","BM","BM"
"sam1_TTACCGCGTCTGCATA-1","Macrophage","Macrophage"
"sam1_TTACCGCGTTTACTTC-1","Epithelial_cells","Epithelial_cells"
"sam1_TTACCGCTCCATTTAC-1","Embryonic_stem_cells","Embryonic_stem_cells"
"sam1_TTACCGCTCCGCAAAT-1","Macrophage","Macrophage"
"sam1_TTACCGCTCCTTCAGC-1","Macrophage","Unassigned"
"sam1_TTACCGCTCTCCTACG-1","Erythroblast","Erythroblast"
"sam1_TTACGCCAGCAACTTC-1","NK_cell","NK_cell"
"sam1_TTACGCCCACCAGACC-1","Macrophage","Unassigned"
"sam1_TTACGCCTCATGGTAC-1","Epithelial_cells","Epithelial_cells"
"sam1_TTACGCCTCCGCGATG-1","Epithelial_cells","Epithelial_cells"
"sam1_TTACGTTAGAGGTTTA-1","Fibroblasts","Fibroblasts"
"sam1_TTACGTTAGGCTAACG-1","Epithelial_cells","Epithelial_cells"
"sam1_TTACGTTCAAACTAAG-1","Astrocyte","Astrocyte"
"sam1_TTACGTTCAGAAACCG-1","Macrophage","Macrophage"
"sam1_TTACGTTCATGGGAAC-1","Epithelial_cells","Epithelial_cells"
"sam1_TTACGTTTCATAGAGA-1","MSC","MSC"
"sam1_TTACGTTTCATTCATC-1","Epithelial_cells","Epithelial_cells"
"sam1_TTACGTTTCGACACTA-1","Macrophage","Macrophage"
"sam1_TTACGTTTCGCAATTG-1","Macrophage","Macrophage"
"sam1_TTACTGTGTGGTATGG-1","Macrophage","Macrophage"
"sam1_TTACTGTTCTATCGTT-1","Fibroblasts","Fibroblasts"
"sam1_TTAGGCAAGGTGCTGA-1","Macrophage","Macrophage"
"sam1_TTAGGCACACTTGACA-1","Keratinocytes","Keratinocytes"
"sam1_TTAGGCACAGGAAGTC-1","NK_cell","NK_cell"
"sam1_TTAGGGTAGGTCCGAA-1","Macrophage","Macrophage"
"sam1_TTAGGGTCACGATAGG-1","Macrophage","Macrophage"
"sam1_TTAGGGTGTACACGCC-1","T_cells","T_cells"
"sam1_TTAGGGTGTACTGAGG-1","Fibroblasts","Fibroblasts"
"sam1_TTAGGGTTCAGAGCAG-1","Pre-B_cell_CD34-","Pre-B_cell_CD34-"
"sam1_TTAGTCTAGAAACTGT-1","Macrophage","Unassigned"
"sam1_TTAGTCTAGCACTAGG-1","Fibroblasts","Fibroblasts"
"sam1_TTAGTCTAGTCACACT-1","Chondrocytes","Chondrocytes"
"sam1_TTAGTCTCACGGGCTT-1","NK_cell","NK_cell"
"sam1_TTAGTCTGTAGTTACC-1","NK_cell","NK_cell"
"sam1_TTATTGCAGACTTCAC-1","Platelets","Platelets"
"sam1_TTATTGCGTACTAAGA-1","T_cells","T_cells"
"sam1_TTATTGCGTATCCCTC-1","Gametocytes","Gametocytes"
"sam1_TTCAATCAGTCCCAAT-1","Epithelial_cells","Epithelial_cells"
"sam1_TTCAATCCACACACTA-1","Pro-B_cell_CD34+","Pro-B_cell_CD34+"
"sam1_TTCAATCCACACCTTC-1","Keratinocytes","Keratinocytes"
"sam1_TTCAATCGTAGCCAGA-1","Macrophage","Unassigned"
"sam1_TTCAATCGTCTCTCTG-1","Epithelial_cells","Epithelial_cells"
"sam1_TTCAATCGTGAGAACC-1","Pro-B_cell_CD34+","Pro-B_cell_CD34+"
"sam1_TTCAATCGTGCGGATA-1","Epithelial_cells","Epithelial_cells"
"sam1_TTCACCGCAACCAACT-1","Pre-B_cell_CD34-","Pre-B_cell_CD34-"
"sam1_TTCACCGCATTGAGCT-1","Macrophage","Unassigned"
"sam1_TTCACCGGTCGATTTG-1","CMP","CMP"
"sam1_TTCACCGGTCTTTCTA-1","Epithelial_cells","Epithelial_cells"
"sam1_TTCACCGTCCACTTCG-1","Epithelial_cells","Epithelial_cells"
"sam1_TTCACCGTCTGACAGT-1","HSC_-G-CSF","HSC_-G-CSF"
"sam1_TTCACGCAGACCTTTG-1","Keratinocytes","Keratinocytes"
"sam1_TTCACGCAGACTCAAA-1","Macrophage","Macrophage"
"sam1_TTCACGCAGTGTTGAA-1","NK_cell","NK_cell"
"sam1_TTCACGCGTCTGTGCG-1","Smooth_muscle_cells","Unassigned"
"sam1_TTCACGCGTTCCAAAC-1","Fibroblasts","Fibroblasts"
"sam1_TTCACGCTCTTGAACG-1","Hepatocytes","Hepatocytes"
"sam1_TTCAGGAAGGGTTGCA-1","Macrophage","Macrophage"
"sam1_TTCAGGACAAACACGG-1","T_cells","T_cells"
"sam1_TTCAGGACACAACATC-1","DC","DC"
"sam1_TTCAGGACAGCCTATA-1","Epithelial_cells","Epithelial_cells"
"sam1_TTCAGGACATGTCGTA-1","Smooth_muscle_cells","Smooth_muscle_cells"
"sam1_TTCAGGAGTATTGACC-1","Smooth_muscle_cells","Unassigned"
"sam1_TTCAGGAGTGCCTTTC-1","DC","DC"
"sam1_TTCAGGAGTGCGAACA-1","DC","DC"
"sam1_TTCATGTCAGATAAAC-1","Pre-B_cell_CD34-","Pre-B_cell_CD34-"
"sam1_TTCATGTGTGAGAGGG-1","NK_cell","NK_cell"
"sam1_TTCATGTGTGCCCACA-1","Epithelial_cells","Epithelial_cells"
"sam1_TTCATGTGTTCGGTAT-1","BM","BM"
"sam1_TTCATGTTCAACCTCC-1","Macrophage","Unassigned"
"sam1_TTCATGTTCATGCCCT-1","Epithelial_cells","Epithelial_cells"
"sam1_TTCATGTTCTTTCGAT-1","Monocyte","Monocyte"
"sam1_TTCATTGAGGCGCTTC-1","Macrophage","Macrophage"
"sam1_TTCATTGAGGCTTCCG-1","Fibroblasts","Fibroblasts"
"sam1_TTCATTGCAAGTCATC-1","Macrophage","Macrophage"
"sam1_TTCATTGGTGCTGATT-1","T_cells","T_cells"
"sam1_TTCATTGTCGTAGTGT-1","NK_cell","NK_cell"
"sam1_TTCATTGTCTAACACG-1","Macrophage","Macrophage"
"sam1_TTCATTGTCTAGCCTC-1","Pro-B_cell_CD34+","Pro-B_cell_CD34+"
"sam1_TTCATTGTCTGACAGT-1","NK_cell","NK_cell"
"sam1_TTCCAATAGAGGCGGA-1","Macrophage","Macrophage"
"sam1_TTCCAATAGCGTGTTT-1","Macrophage","Macrophage"
"sam1_TTCCAATAGGCATGCA-1","Fibroblasts","Fibroblasts"
"sam1_TTCCAATGTATCACGT-1","Macrophage","Macrophage"
"sam1_TTCCAATGTCCAAATC-1","Epithelial_cells","Epithelial_cells"
"sam1_TTCCAATGTGCCGAAA-1","Epithelial_cells","Epithelial_cells"
"sam1_TTCCAATTCCGATAAC-1","Macrophage","Macrophage"
"sam1_TTCCAATTCTGGACTA-1","Epithelial_cells","Epithelial_cells"
"sam1_TTCCACGCAGATCCTA-1","B_cell","B_cell"
"sam1_TTCCACGCATACTGTG-1","Keratinocytes","Keratinocytes"
"sam1_TTCCACGGTCCATAGT-1","Pro-B_cell_CD34+","Pro-B_cell_CD34+"
"sam1_TTCCACGGTTTGACAC-1","Epithelial_cells","Epithelial_cells"
"sam1_TTCCACGTCAACCCGG-1","Epithelial_cells","Epithelial_cells"
"sam1_TTCCACGTCACATCAG-1","DC","DC"
"sam1_TTCCGGTAGACTACGG-1","Pro-B_cell_CD34+","Pro-B_cell_CD34+"
"sam1_TTCCGGTAGGGTATAT-1","Keratinocytes","Keratinocytes"
"sam1_TTCCGGTCAGGCTCTG-1","GMP","GMP"
"sam1_TTCCGGTGTAACGGTG-1","Neutrophils","Neutrophils"
"sam1_TTCCGGTGTACCAATC-1","Chondrocytes","Chondrocytes"
"sam1_TTCCGGTGTTCATCTT-1","Epithelial_cells","Epithelial_cells"
"sam1_TTCCGGTTCATGTCAG-1","DC","DC"
"sam1_TTCCGTGAGACCTTTG-1","Epithelial_cells","Epithelial_cells"
"sam1_TTCCGTGAGCATGTTC-1","Macrophage","Macrophage"
"sam1_TTCCGTGAGTACTCGT-1","Epithelial_cells","Epithelial_cells"
"sam1_TTCCGTGCACCATTCC-1","Macrophage","Macrophage"
"sam1_TTCCGTGCACTTCAGA-1","Macrophage","Macrophage"
"sam1_TTCCGTGTCATGCAGT-1","Macrophage","Macrophage"
"sam1_TTCCGTGTCTTTCGAT-1","Epithelial_cells","Epithelial_cells"
"sam1_TTCCTAAAGCTACAAA-1","Macrophage","Macrophage"
"sam1_TTCCTAAAGCTACTAC-1","NK_cell","NK_cell"
"sam1_TTCCTAACAATGGCCC-1","NK_cell","NK_cell"
"sam1_TTCCTAACACACTGGC-1","Tissue_stem_cells","Tissue_stem_cells"
"sam1_TTCCTAACAGACGCTC-1","Epithelial_cells","Epithelial_cells"
"sam1_TTCCTAACATCCAACA-1","BM","BM"
"sam1_TTCCTAACATTCTCTA-1","Epithelial_cells","Epithelial_cells"
"sam1_TTCCTAAGTTCCAAAC-1","Epithelial_cells","Epithelial_cells"
"sam1_TTCCTAATCAAGCTTG-1","Macrophage","Macrophage"
"sam1_TTCCTAATCATCTACT-1","T_cells","T_cells"
"sam1_TTCCTCTAGAAGTCAT-1","Epithelial_cells","Epithelial_cells"
"sam1_TTCCTCTCAAACACCT-1","Macrophage","Macrophage"
"sam1_TTCCTCTCATAATGCC-1","Epithelial_cells","Epithelial_cells"
"sam1_TTCCTCTGTATTCCGA-1","Chondrocytes","Unassigned"
"sam1_TTCCTCTGTCACTCGG-1","Epithelial_cells","Epithelial_cells"
"sam1_TTCCTCTGTGGAGAAA-1","Macrophage","Macrophage"
"sam1_TTCCTCTTCAAGGTGG-1","Pre-B_cell_CD34-","Pre-B_cell_CD34-"
"sam1_TTCCTCTTCCGTCAAA-1","Epithelial_cells","Epithelial_cells"
"sam1_TTCCTCTTCTAGTACG-1","GMP","GMP"
"sam1_TTCCTCTTCTAGTTCT-1","NK_cell","NK_cell"
"sam1_TTCCTTCAGGGAGGAC-1","Neurons","Neurons"
"sam1_TTCCTTCTCAGCTCTC-1","Epithelial_cells","Epithelial_cells"
"sam1_TTCGATTAGCTCTTCC-1","Embryonic_stem_cells","Embryonic_stem_cells"
"sam1_TTCGATTAGGCACTCC-1","Epithelial_cells","Epithelial_cells"
"sam1_TTCGATTCATAACCCA-1","BM","BM"
"sam1_TTCGATTCATACAGGG-1","Epithelial_cells","Epithelial_cells"
"sam1_TTCGATTGTCGAACGA-1","DC","DC"
"sam1_TTCGATTGTGTGTCCG-1","Keratinocytes","Keratinocytes"
"sam1_TTCGATTTCTAGCAAC-1","T_cells","T_cells"
"sam1_TTCGCTGCAGTCCGTG-1","Epithelial_cells","Epithelial_cells"
"sam1_TTCGCTGGTAACACCT-1","Macrophage","Unassigned"
"sam1_TTCGCTGGTAGCTGCC-1","Epithelial_cells","Epithelial_cells"
"sam1_TTCGCTGGTCTACGAT-1","Smooth_muscle_cells","Smooth_muscle_cells"
"sam1_TTCGCTGTCACGAGGA-1","Fibroblasts","Fibroblasts"
"sam1_TTCGCTGTCATTTCCA-1","Fibroblasts","Fibroblasts"
"sam1_TTCGGTCCAAATGGAT-1","Macrophage","Macrophage"
"sam1_TTCGGTCCATGTGGCC-1","T_cells","T_cells"
"sam1_TTCGGTCTCGAACGGA-1","Epithelial_cells","Epithelial_cells"
"sam1_TTCGGTCTCTTAGGAC-1","CMP","CMP"
"sam1_TTCTAACAGACGCAGT-1","Fibroblasts","Fibroblasts"
"sam1_TTCTAACAGCACCTGC-1","Smooth_muscle_cells","Smooth_muscle_cells"
"sam1_TTCTAACCAATAACCC-1","Epithelial_cells","Epithelial_cells"
"sam1_TTCTAACGTAGGTACG-1","HSC_CD34+","HSC_CD34+"
"sam1_TTCTAACGTTGTATGC-1","Macrophage","Macrophage"
"sam1_TTCTAACTCAATCCAG-1","Astrocyte","Astrocyte"
"sam1_TTCTAACTCACATTGG-1","Epithelial_cells","Epithelial_cells"
"sam1_TTCTAGTAGAGTCACG-1","DC","DC"
"sam1_TTCTAGTAGCGGTAGT-1","Pre-B_cell_CD34-","Pre-B_cell_CD34-"
"sam1_TTCTAGTAGCTGACCC-1","Macrophage","Unassigned"
"sam1_TTCTAGTAGGTGCCTC-1","Keratinocytes","Keratinocytes"
"sam1_TTCTAGTCATCCTATT-1","Fibroblasts","Unassigned"
"sam1_TTCTAGTTCACGGGAA-1","NK_cell","NK_cell"
"sam1_TTCTAGTTCACTGTTT-1","Epithelial_cells","Epithelial_cells"
"sam1_TTCTAGTTCACTTATC-1","Fibroblasts","Fibroblasts"
"sam1_TTCTAGTTCCTCTAGC-1","Fibroblasts","Fibroblasts"
"sam1_TTCTCTCAGCCGAATG-1","BM","BM"
"sam1_TTCTCTCAGCTAGATA-1","NK_cell","NK_cell"
"sam1_TTCTCTCAGCTCGCAC-1","Chondrocytes","Chondrocytes"
"sam1_TTCTCTCCAAAGCTCT-1","T_cells","T_cells"
"sam1_TTCTCTCCACTAAACC-1","Epithelial_cells","Epithelial_cells"
"sam1_TTCTCTCCACTTGAGT-1","T_cells","T_cells"
"sam1_TTCTCTCCATCCGAGC-1","Fibroblasts","Fibroblasts"
"sam1_TTCTCTCGTAACCCGC-1","Macrophage","Macrophage"
"sam1_TTCTCTCGTCGTATGT-1","HSC_-G-CSF","HSC_-G-CSF"
"sam1_TTCTCTCGTGCTGCAC-1","DC","DC"
"sam1_TTCTCTCTCCCGTGAG-1","Macrophage","Macrophage"
"sam1_TTCTCTCTCCGCAAAT-1","Epithelial_cells","Epithelial_cells"
"sam1_TTCTCTCTCCTAGCCT-1","DC","DC"
"sam1_TTCTGTAAGATAGCAT-1","Epithelial_cells","Epithelial_cells"
"sam1_TTCTGTACAACTGCTA-1","Epithelial_cells","Epithelial_cells"
"sam1_TTCTGTACAAGTATCC-1","Keratinocytes","Keratinocytes"
"sam1_TTCTGTACATCGAGCC-1","Keratinocytes","Keratinocytes"
"sam1_TTCTGTATCACACCCT-1","Epithelial_cells","Epithelial_cells"
"sam1_TTCTTCCAGAGTTGTA-1","Epithelial_cells","Epithelial_cells"
"sam1_TTCTTCCAGATACCAA-1","Epithelial_cells","Epithelial_cells"
"sam1_TTCTTCCCACATATCG-1","Pro-B_cell_CD34+","Pro-B_cell_CD34+"
"sam1_TTCTTCCCACGGTGTC-1","Epithelial_cells","Epithelial_cells"
"sam1_TTCTTCCCACTAGAGG-1","Macrophage","Unassigned"
"sam1_TTCTTCCCAGAGCCCT-1","Epithelial_cells","Epithelial_cells"
"sam1_TTCTTCCCATTAGGAA-1","DC","DC"
"sam1_TTCTTCCGTGCGACAA-1","Smooth_muscle_cells","Smooth_muscle_cells"
"sam1_TTCTTCCGTTAAACAG-1","Epithelial_cells","Epithelial_cells"
"sam1_TTCTTCCGTTTACGAC-1","DC","DC"
"sam1_TTCTTCCTCATCACTT-1","Epithelial_cells","Epithelial_cells"
"sam1_TTCTTCCTCCCTCTCC-1","Macrophage","Macrophage"
"sam1_TTCTTCCTCCGCAGTG-1","Chondrocytes","Chondrocytes"
"sam1_TTCTTCCTCGTTCTCG-1","Epithelial_cells","Epithelial_cells"
"sam1_TTCTTCCTCTCAATCT-1","Monocyte","Monocyte"
"sam1_TTCTTGAAGGTGGGTT-1","Smooth_muscle_cells","Smooth_muscle_cells"
"sam1_TTCTTGAAGTGTTGTC-1","NK_cell","NK_cell"
"sam1_TTCTTGACACAGGATG-1","Epithelial_cells","Epithelial_cells"
"sam1_TTCTTGACACTGCACG-1","Pre-B_cell_CD34-","Pre-B_cell_CD34-"
"sam1_TTGAACGAGCGCTGAA-1","NK_cell","NK_cell"
"sam1_TTGAACGAGGATACGC-1","NK_cell","NK_cell"
"sam1_TTGAACGAGTTACTCG-1","Macrophage","Macrophage"
"sam1_TTGAACGCAGCACACC-1","T_cells","T_cells"
"sam1_TTGAACGCAGGGATAC-1","Hepatocytes","Hepatocytes"
"sam1_TTGAACGCATGACACT-1","Macrophage","Macrophage"
"sam1_TTGAACGCATTGGATC-1","Smooth_muscle_cells","Smooth_muscle_cells"
"sam1_TTGAACGCATTGTACG-1","Pre-B_cell_CD34-","Pre-B_cell_CD34-"
"sam1_TTGAACGGTCCATCTC-1","Pro-B_cell_CD34+","Pro-B_cell_CD34+"
"sam1_TTGAACGGTTGACGGA-1","GMP","GMP"
"sam1_TTGAACGTCCCAACTC-1","Epithelial_cells","Epithelial_cells"
"sam1_TTGACCCCACTTCTCG-1","Smooth_muscle_cells","Unassigned"
"sam1_TTGACCCGTCCACAGC-1","T_cells","T_cells"
"sam1_TTGACCCGTCTTCTAT-1","Epithelial_cells","Epithelial_cells"
"sam1_TTGACCCGTGCTGCAC-1","Fibroblasts","Unassigned"
"sam1_TTGACCCGTTCCGCTT-1","Neutrophils","Neutrophils"
"sam1_TTGACCCTCACCCATC-1","HSC_CD34+","HSC_CD34+"
"sam1_TTGACCCTCACCTACC-1","HSC_CD34+","HSC_CD34+"
"sam1_TTGACCCTCGTTCCCA-1","Fibroblasts","Fibroblasts"
"sam1_TTGAGTGAGCACTCTA-1","Epithelial_cells","Epithelial_cells"
"sam1_TTGAGTGAGTGCGTCC-1","Macrophage","Macrophage"
"sam1_TTGAGTGCACAGCATT-1","Macrophage","Macrophage"
"sam1_TTGAGTGCACTCAAGT-1","Myelocyte","Myelocyte"
"sam1_TTGAGTGGTATGAAGT-1","Epithelial_cells","Epithelial_cells"
"sam1_TTGAGTGGTCTCTCAC-1","T_cells","T_cells"
"sam1_TTGAGTGGTGGTCAAG-1","HSC_-G-CSF","HSC_-G-CSF"
"sam1_TTGAGTGGTGTAAACA-1","Smooth_muscle_cells","Smooth_muscle_cells"
"sam1_TTGAGTGTCCGTGGTG-1","BM","BM"
"sam1_TTGAGTGTCTATCGGA-1","Macrophage","Macrophage"
"sam1_TTGATGGAGACTTAAG-1","Epithelial_cells","Epithelial_cells"
"sam1_TTGATGGAGCACCTGC-1","Epithelial_cells","Epithelial_cells"
"sam1_TTGATGGAGCATACTC-1","Macrophage","Unassigned"
"sam1_TTGATGGAGGGCATGT-1","NK_cell","NK_cell"
"sam1_TTGATGGCATACAGAA-1","DC","DC"
"sam1_TTGATGGCATCCGTTC-1","Epithelial_cells","Epithelial_cells"
"sam1_TTGATGGTCTAAGCGT-1","Hepatocytes","Hepatocytes"
"sam1_TTGCATTAGAAATCCA-1","GMP","GMP"
"sam1_TTGCATTAGAGTGTGC-1","Fibroblasts","Fibroblasts"
"sam1_TTGCATTAGGTCATAA-1","Epithelial_cells","Epithelial_cells"
"sam1_TTGCATTCAGTTGGTT-1","T_cells","T_cells"
"sam1_TTGCATTCATCGATCA-1","Pro-B_cell_CD34+","Pro-B_cell_CD34+"
"sam1_TTGCATTGTACAGTCT-1","NK_cell","NK_cell"
"sam1_TTGCATTGTACTTCCC-1","BM","BM"
"sam1_TTGCATTGTTCATCTT-1","Fibroblasts","Fibroblasts"
"sam1_TTGCATTTCCACAAGT-1","Epithelial_cells","Epithelial_cells"
"sam1_TTGCATTTCCCGTAAA-1","HSC_CD34+","HSC_CD34+"
"sam1_TTGCCTGCAACACAAA-1","Fibroblasts","Fibroblasts"
"sam1_TTGCCTGCAAGTGCAG-1","NK_cell","NK_cell"
"sam1_TTGCCTGCACCAACAT-1","Epithelial_cells","Epithelial_cells"
"sam1_TTGCCTGCACCCTAGG-1","Smooth_muscle_cells","Smooth_muscle_cells"
"sam1_TTGCCTGCATGGCACC-1","Macrophage","Macrophage"
"sam1_TTGCCTGGTTGTCTAG-1","NK_cell","NK_cell"
"sam1_TTGCCTGTCAGGAACG-1","Macrophage","Macrophage"
"sam1_TTGCCTGTCTGAGGTT-1","Macrophage","Macrophage"
"sam1_TTGCCTGTCTTACGTT-1","Pre-B_cell_CD34-","Pre-B_cell_CD34-"
"sam1_TTGCGTCAGGCCTTCG-1","Epithelial_cells","Epithelial_cells"
"sam1_TTGCGTCGTTAGGCCC-1","Macrophage","Macrophage"
"sam1_TTGCGTCGTTCTCCCA-1","Smooth_muscle_cells","Smooth_muscle_cells"
"sam1_TTGCGTCTCTGTACAG-1","Epithelial_cells","Epithelial_cells"
"sam1_TTGCTGCAGACGAGCT-1","B_cell","B_cell"
"sam1_TTGCTGCAGCCTTCTC-1","T_cells","T_cells"
"sam1_TTGCTGCAGGGTGGGA-1","T_cells","T_cells"
"sam1_TTGCTGCAGTGGGAAA-1","NK_cell","NK_cell"
"sam1_TTGCTGCCAGGCTTGC-1","Fibroblasts","Fibroblasts"
"sam1_TTGCTGCGTGTTTGCA-1","Smooth_muscle_cells","Smooth_muscle_cells"
"sam1_TTGCTGCGTTGTCTAG-1","Macrophage","Macrophage"
"sam1_TTGCTGCTCCGAGGCT-1","Pro-B_cell_CD34+","Pro-B_cell_CD34+"
"sam1_TTGCTGCTCCTCCACA-1","Epithelial_cells","Epithelial_cells"
"sam1_TTGGATGAGTCGCCCA-1","DC","DC"
"sam1_TTGGATGGTCCGTACG-1","HSC_CD34+","HSC_CD34+"
"sam1_TTGGATGTCCCGTGTT-1","Fibroblasts","Fibroblasts"
"sam1_TTGGGATAGCTGACAG-1","Macrophage","Macrophage"
"sam1_TTGGGATAGGTCCCGT-1","NK_cell","NK_cell"
"sam1_TTGGGATCAAACGGCA-1","Macrophage","Macrophage"
"sam1_TTGGGATCAGTCACGC-1","HSC_CD34+","HSC_CD34+"
"sam1_TTGGGATGTACAGTCT-1","Macrophage","Macrophage"
"sam1_TTGGGATGTAGATGTA-1","T_cells","T_cells"
"sam1_TTGGGATGTCTCGACG-1","Macrophage","Macrophage"
"sam1_TTGGGATTCTCTGGTC-1","T_cells","T_cells"
"sam1_TTGGGCGAGCGCATCC-1","DC","DC"
"sam1_TTGGGCGCAATACGCT-1","Fibroblasts","Fibroblasts"
"sam1_TTGGGCGCACTAGAGG-1","T_cells","T_cells"
"sam1_TTGGGCGGTCAATCTG-1","Macrophage","Macrophage"
"sam1_TTGGGCGGTCATAACC-1","T_cells","T_cells"
"sam1_TTGGGCGGTTCTAACG-1","Keratinocytes","Keratinocytes"
"sam1_TTGGGCGTCGTCGACG-1","Fibroblasts","Fibroblasts"
"sam1_TTGGGCGTCTCGACCT-1","Fibroblasts","Fibroblasts"
"sam1_TTGGGTAAGTTTCGAC-1","Fibroblasts","Fibroblasts"
"sam1_TTGGGTAAGTTTCGGT-1","Pro-Myelocyte","Pro-Myelocyte"
"sam1_TTGGGTACAACGACAG-1","Smooth_muscle_cells","Smooth_muscle_cells"
"sam1_TTGGGTACAATTCACG-1","Epithelial_cells","Epithelial_cells"
"sam1_TTGGGTACATTCACCC-1","Macrophage","Macrophage"
"sam1_TTGGGTACATTGTAGC-1","Embryonic_stem_cells","Embryonic_stem_cells"
"sam1_TTGGGTAGTACGCTAT-1","NK_cell","NK_cell"
"sam1_TTGGGTAGTAGGAAAG-1","Epithelial_cells","Epithelial_cells"
"sam1_TTGGGTAGTCGTCATA-1","Macrophage","Macrophage"
"sam1_TTGGGTAGTTGTATGC-1","Pro-B_cell_CD34+","Pro-B_cell_CD34+"
"sam1_TTGGGTATCAAGTGGG-1","Smooth_muscle_cells","Smooth_muscle_cells"
"sam1_TTGGGTATCCACGGAC-1","Smooth_muscle_cells","Smooth_muscle_cells"
"sam1_TTGGGTATCGAACGGA-1","NK_cell","NK_cell"
"sam1_TTGGGTATCGCGTCGA-1","Fibroblasts","Fibroblasts"
"sam1_TTGGTTTCACAGTCCG-1","Epithelial_cells","Epithelial_cells"
"sam1_TTGGTTTCACGAGGAT-1","Macrophage","Macrophage"
"sam1_TTGGTTTCAGATTCGT-1","T_cells","T_cells"
"sam1_TTGGTTTCAGTCTGGC-1","DC","DC"
"sam1_TTGGTTTGTACAGTTC-1","DC","DC"
"sam1_TTGGTTTGTCCAGCCA-1","Smooth_muscle_cells","Smooth_muscle_cells"
"sam1_TTGGTTTGTCCCGCAA-1","Fibroblasts","Fibroblasts"
"sam1_TTGGTTTGTCTTCTAT-1","Pro-B_cell_CD34+","Pro-B_cell_CD34+"
"sam1_TTGGTTTGTGGTAATA-1","Smooth_muscle_cells","Smooth_muscle_cells"
"sam1_TTGGTTTTCAAGTGGG-1","Epithelial_cells","Epithelial_cells"
"sam1_TTGGTTTTCGCAAGAG-1","Smooth_muscle_cells","Smooth_muscle_cells"
"sam1_TTGGTTTTCGTGGCTG-1","GMP","GMP"
"sam1_TTGGTTTTCTCTGCTG-1","Smooth_muscle_cells","Smooth_muscle_cells"
"sam1_TTGTGGAAGACGCCAA-1","NK_cell","NK_cell"
"sam1_TTGTGGAAGGATTTCC-1","Epithelial_cells","Epithelial_cells"
"sam1_TTGTGGACAGGCGTTC-1","Fibroblasts","Fibroblasts"
"sam1_TTGTGGATCGAGGCAA-1","Smooth_muscle_cells","Smooth_muscle_cells"
"sam1_TTGTGTTAGATTGGGC-1","Fibroblasts","Fibroblasts"
"sam1_TTGTGTTAGGGCCCTT-1","Macrophage","Macrophage"
"sam1_TTGTGTTAGTCAGGGT-1","Macrophage","Macrophage"
"sam1_TTGTGTTCACTCCGGA-1","Fibroblasts","Fibroblasts"
"sam1_TTGTGTTTCGGCTGGT-1","NK_cell","NK_cell"
"sam1_TTGTTCAAGACGAGCT-1","Macrophage","Macrophage"
"sam1_TTGTTCAAGGCTAAAT-1","Epithelial_cells","Epithelial_cells"
"sam1_TTGTTCACAAAGGGTC-1","Smooth_muscle_cells","Smooth_muscle_cells"
"sam1_TTGTTCACAATCGTCA-1","Macrophage","Macrophage"
"sam1_TTGTTCAGTGGCTGCT-1","Macrophage","Unassigned"
"sam1_TTGTTCATCTATTCGT-1","Smooth_muscle_cells","Smooth_muscle_cells"
"sam1_TTGTTGTAGACTAGAT-1","T_cells","T_cells"
"sam1_TTGTTGTCACAATCTG-1","Pro-B_cell_CD34+","Pro-B_cell_CD34+"
"sam1_TTGTTGTGTCGTGATT-1","Neutrophils","Neutrophils"
"sam1_TTGTTGTTCAAAGGTA-1","Macrophage","Macrophage"
"sam1_TTGTTGTTCCATAAGC-1","Chondrocytes","Chondrocytes"
"sam1_TTGTTGTTCGAATGCT-1","Pre-B_cell_CD34-","Pre-B_cell_CD34-"
"sam1_TTGTTTGAGAGTTGCG-1","CMP","CMP"
"sam1_TTGTTTGCAATCTGCA-1","Epithelial_cells","Epithelial_cells"
"sam1_TTGTTTGCAGAGTTGG-1","Macrophage","Unassigned"
"sam1_TTGTTTGGTCTACAGT-1","HSC_-G-CSF","HSC_-G-CSF"
"sam1_TTGTTTGTCCAAGCTA-1","Pro-B_cell_CD34+","Pro-B_cell_CD34+"
"sam1_TTGTTTGTCCATCTAT-1","T_cells","T_cells"
"sam1_TTGTTTGTCGTGCACG-1","T_cells","T_cells"
"sam1_TTTACCACAAGCCCAC-1","Macrophage","Macrophage"
"sam1_TTTACCACAATTGCTG-1","HSC_CD34+","HSC_CD34+"
"sam1_TTTACCAGTAGGACCA-1","Epithelial_cells","Epithelial_cells"
"sam1_TTTACCAGTCCAGTTA-1","Smooth_muscle_cells","Smooth_muscle_cells"
"sam1_TTTACCAGTTACCGTA-1","Epithelial_cells","Epithelial_cells"
"sam1_TTTACCATCAAAGCCT-1","NK_cell","NK_cell"
"sam1_TTTACCATCCATTTAC-1","Macrophage","Macrophage"
"sam1_TTTACCATCTTGATTC-1","Pro-Myelocyte","Pro-Myelocyte"
"sam1_TTTACGTAGCAGTACG-1","T_cells","T_cells"
"sam1_TTTACGTCAAGTGGTG-1","HSC_CD34+","HSC_CD34+"
"sam1_TTTACTGAGACCTTTG-1","CMP","CMP"
"sam1_TTTACTGAGTAGGCCA-1","Neutrophils","Neutrophils"
"sam1_TTTACTGAGTGTTGTC-1","NK_cell","NK_cell"
"sam1_TTTACTGCAAAGAACT-1","Pro-B_cell_CD34+","Pro-B_cell_CD34+"
"sam1_TTTACTGCAGATTTCG-1","Macrophage","Unassigned"
"sam1_TTTACTGGTACTAAGA-1","DC","DC"
"sam1_TTTACTGGTCAACATC-1","Smooth_muscle_cells","Smooth_muscle_cells"
"sam1_TTTACTGGTCACCTTC-1","HSC_CD34+","HSC_CD34+"
"sam1_TTTACTGTCAGACTGT-1","Epithelial_cells","Epithelial_cells"
"sam1_TTTAGTCAGAACCCGA-1","Epithelial_cells","Epithelial_cells"
"sam1_TTTAGTCCACGGTGCT-1","Macrophage","Macrophage"
"sam1_TTTAGTCCATGTCGTA-1","Keratinocytes","Keratinocytes"
"sam1_TTTAGTCGTCACCGAC-1","Epithelial_cells","Epithelial_cells"
"sam1_TTTAGTCTCGTTAGAC-1","Fibroblasts","Fibroblasts"
"sam1_TTTATGCAGACGCCAA-1","DC","DC"
"sam1_TTTATGCAGCTAATGA-1","Epithelial_cells","Epithelial_cells"
"sam1_TTTATGCAGTCTGCAT-1","Neurons","Neurons"
"sam1_TTTATGCCACAGCTTA-1","MSC","MSC"
"sam1_TTTATGCCACTCGATA-1","Pro-B_cell_CD34+","Pro-B_cell_CD34+"
"sam1_TTTATGCCATTCCTAT-1","Epithelial_cells","Epithelial_cells"
"sam1_TTTATGCGTAAGTAGT-1","NK_cell","NK_cell"
"sam1_TTTATGCTCACCATCC-1","Smooth_muscle_cells","Unassigned"
"sam1_TTTATGCTCGCAGTCG-1","Epithelial_cells","Epithelial_cells"
"sam1_TTTATGCTCGCTACAA-1","DC","DC"
"sam1_TTTCACAAGTTGCGAG-1","Macrophage","Macrophage"
"sam1_TTTCACACAGTCGGTC-1","T_cells","T_cells"
"sam1_TTTCACAGTGCACAAG-1","Macrophage","Macrophage"
"sam1_TTTCACATCGGTAAGG-1","Macrophage","Macrophage"
"sam1_TTTCACATCTCTTGCG-1","Pre-B_cell_CD34-","Pre-B_cell_CD34-"
"sam1_TTTCAGTAGAAACTGT-1","Epithelial_cells","Epithelial_cells"
"sam1_TTTCAGTAGAGGGTCT-1","Macrophage","Macrophage"
"sam1_TTTCAGTCACACGCCA-1","Macrophage","Macrophage"
"sam1_TTTCAGTCACCGCTAG-1","Epithelial_cells","Epithelial_cells"
"sam1_TTTCAGTCACTAAACC-1","HSC_-G-CSF","HSC_-G-CSF"
"sam1_TTTCAGTCAGAAACCG-1","Epithelial_cells","Epithelial_cells"
"sam1_TTTCAGTGTACGAAAT-1","Macrophage","Macrophage"
"sam1_TTTCAGTTCCGATGTA-1","Epithelial_cells","Epithelial_cells"
"sam1_TTTCAGTTCGACATCA-1","Hepatocytes","Hepatocytes"
"sam1_TTTCAGTTCTATCGGA-1","T_cells","T_cells"
"sam1_TTTCATGGTAGGACTG-1","BM","BM"
"sam1_TTTCATGTCCATTCGC-1","Pre-B_cell_CD34-","Pre-B_cell_CD34-"
"sam1_TTTCCTCAGACTAAGT-1","Macrophage","Macrophage"
"sam1_TTTCCTCAGCAAGCCA-1","BM","BM"
"sam1_TTTCCTCAGCACTAAA-1","Endothelial_cells","Endothelial_cells"
"sam1_TTTCCTCAGCAGTACG-1","Fibroblasts","Fibroblasts"
"sam1_TTTCCTCAGGGAGATA-1","Epithelial_cells","Epithelial_cells"
"sam1_TTTCCTCAGGTAATCA-1","Epithelial_cells","Epithelial_cells"
"sam1_TTTCCTCAGGTCACCC-1","Epithelial_cells","Epithelial_cells"
"sam1_TTTCCTCCAAGTGGGT-1","Macrophage","Macrophage"
"sam1_TTTCCTCCATTGTACG-1","Keratinocytes","Keratinocytes"
"sam1_TTTCCTCGTGCCTGCA-1","T_cells","T_cells"
"sam1_TTTCCTCGTGGAACCA-1","Pre-B_cell_CD34-","Pre-B_cell_CD34-"
"sam1_TTTCCTCTCACGTCCT-1","NK_cell","NK_cell"
"sam1_TTTCCTCTCATTACCT-1","DC","DC"
"sam1_TTTCGATAGAGAACCC-1","T_cells","T_cells"
"sam1_TTTCGATAGTACGTCT-1","Macrophage","Macrophage"
"sam1_TTTCGATAGTCGCCCA-1","T_cells","T_cells"
"sam1_TTTCGATAGTGCCTCG-1","Neutrophils","Neutrophils"
"sam1_TTTCGATCACTGTCGG-1","Macrophage","Macrophage"
"sam1_TTTCGATTCCGCTAGG-1","T_cells","T_cells"
"sam1_TTTCGATTCTAGAACC-1","HSC_CD34+","HSC_CD34+"
"sam1_TTTGACTAGCGAGTAC-1","T_cells","T_cells"
"sam1_TTTGACTCAGGTGTTT-1","NK_cell","NK_cell"
"sam1_TTTGACTTCCGGCAGT-1","Epithelial_cells","Epithelial_cells"
"sam1_TTTGACTTCTCGTGAA-1","Fibroblasts","Fibroblasts"
"sam1_TTTGACTTCTGCGGGT-1","Macrophage","Macrophage"
"sam1_TTTGATCAGAAACTAC-1","Smooth_muscle_cells","Smooth_muscle_cells"
"sam1_TTTGATCAGCTCGCAC-1","Epithelial_cells","Epithelial_cells"
"sam1_TTTGATCAGGGAGTTC-1","T_cells","T_cells"
"sam1_TTTGATCAGTGAGGTC-1","Smooth_muscle_cells","Smooth_muscle_cells"
"sam1_TTTGATCGTGCAAGAC-1","Smooth_muscle_cells","Smooth_muscle_cells"
"sam1_TTTGATCGTTCAGTAC-1","Pro-Myelocyte","Pro-Myelocyte"
"sam1_TTTGATCGTTCCAGGC-1","NK_cell","NK_cell"
"sam1_TTTGGAGAGTGATTCC-1","Epithelial_cells","Epithelial_cells"
"sam1_TTTGGAGCAAACCATC-1","Macrophage","Macrophage"
"sam1_TTTGGAGCAGGCATGA-1","Macrophage","Macrophage"
"sam1_TTTGGAGGTCGAGCAA-1","Smooth_muscle_cells","Smooth_muscle_cells"
"sam1_TTTGGAGGTCGGATTT-1","T_cells","T_cells"
"sam1_TTTGGAGTCACCTTAT-1","NK_cell","NK_cell"
"sam1_TTTGGAGTCCAATCCC-1","Smooth_muscle_cells","Smooth_muscle_cells"
"sam1_TTTGGTTAGACATATG-1","Smooth_muscle_cells","Smooth_muscle_cells"
"sam1_TTTGGTTGTATCACGT-1","Epithelial_cells","Epithelial_cells"
"sam1_TTTGGTTGTGCTATTG-1","NK_cell","NK_cell"
"sam1_TTTGGTTGTTCGTAAC-1","Fibroblasts","Fibroblasts"
"sam1_TTTGGTTTCCATAGGT-1","Monocyte","Monocyte"
"sam1_TTTGGTTTCCTTCAGC-1","Neurons","Neurons"
"sam1_TTTGTTGAGAATCCCT-1","Macrophage","Macrophage"
"sam1_TTTGTTGAGCCTCATA-1","T_cells","T_cells"
"sam1_TTTGTTGAGGTCCCGT-1","Epithelial_cells","Epithelial_cells"
"sam1_TTTGTTGAGTCCCGGT-1","Epithelial_cells","Epithelial_cells"
"sam1_TTTGTTGCAATGACCT-1","DC","DC"
"sam1_TTTGTTGCACCACATA-1","BM","BM"
"sam1_TTTGTTGCACTTCAGA-1","T_cells","T_cells"
"sam1_TTTGTTGTCACCATGA-1","Macrophage","Unassigned"
"sam1_TTTGTTGTCCATGCAA-1","Smooth_muscle_cells","Smooth_muscle_cells"
"sam1_TTTGTTGTCTTAGCTT-1","Epithelial_cells","Epithelial_cells"
"sam2_AAACCCAAGAGACAAG-1","NK_cell","NK_cell"
"sam2_AAACCCAAGTGAGGTC-1","CMP","CMP"
"sam2_AAACCCACAAAGGTTA-1","MEP","MEP"
"sam2_AAACCCACATGACAGG-1","Pre-B_cell_CD34-","Pre-B_cell_CD34-"
"sam2_AAACCCACATGTTCAG-1","Macrophage","Macrophage"
"sam2_AAACCCAGTGCACGCT-1","Epithelial_cells","Epithelial_cells"
"sam2_AAACCCATCTTGTGCC-1","Macrophage","Macrophage"
"sam2_AAACGAAAGCGTGAAC-1","NK_cell","NK_cell"
"sam2_AAACGAAAGCTCATAC-1","HSC_-G-CSF","HSC_-G-CSF"
"sam2_AAACGAAAGTGAGTTA-1","BM","BM"
"sam2_AAACGAACAACCCTCT-1","iPS_cells","iPS_cells"
"sam2_AAACGAAGTAGTGCGA-1","HSC_-G-CSF","HSC_-G-CSF"
"sam2_AAACGAATCGGAGTAG-1","Macrophage","Macrophage"
"sam2_AAACGAATCTGCTCTG-1","T_cells","T_cells"
"sam2_AAACGCTAGTTGCCTA-1","Epithelial_cells","Epithelial_cells"
"sam2_AAACGCTCAAATCGGG-1","Epithelial_cells","Epithelial_cells"
"sam2_AAACGCTCAGTTCCAA-1","Embryonic_stem_cells","Embryonic_stem_cells"
"sam2_AAACGCTCAGTTTCAG-1","T_cells","T_cells"
"sam2_AAACGCTGTGATTGGG-1","NK_cell","NK_cell"
"sam2_AAACGCTGTGTACATC-1","Macrophage","Macrophage"
"sam2_AAACGCTTCAGAGCGA-1","Macrophage","Macrophage"
"sam2_AAAGAACCATTGAGGG-1","CMP","CMP"
"sam2_AAAGAACGTCCTGTCT-1","Epithelial_cells","Epithelial_cells"
"sam2_AAAGGATAGATGACCG-1","NK_cell","NK_cell"
"sam2_AAAGGATGTGACAACG-1","Fibroblasts","Fibroblasts"
"sam2_AAAGGATGTGTTCATG-1","NK_cell","NK_cell"
"sam2_AAAGGATGTTTGGAAA-1","Fibroblasts","Fibroblasts"
"sam2_AAAGGGCAGCTGACTT-1","NK_cell","NK_cell"
"sam2_AAAGGGCAGTCCCAGC-1","NK_cell","NK_cell"
"sam2_AAAGGGCCAATGCAAA-1","NK_cell","NK_cell"
"sam2_AAAGGGCCACGCTGCA-1","NK_cell","NK_cell"
"sam2_AAAGGGCGTATCCCAA-1","NK_cell","NK_cell"
"sam2_AAAGGGCTCAACGCTA-1","NK_cell","NK_cell"
"sam2_AAAGGGCTCTTCGACC-1","NK_cell","NK_cell"
"sam2_AAAGGTAAGCTGTTAC-1","NK_cell","NK_cell"
"sam2_AAAGGTAGTACGACAG-1","Monocyte","Monocyte"
"sam2_AAAGGTAGTAGTTACC-1","Monocyte","Monocyte"
"sam2_AAAGGTAGTTGCACGC-1","Keratinocytes","Keratinocytes"
"sam2_AAAGGTAGTTTCGTGA-1","Macrophage","Macrophage"
"sam2_AAAGGTATCCCAGGAC-1","Pro-B_cell_CD34+","Pro-B_cell_CD34+"
"sam2_AAAGTCCCAAATGCTC-1","GMP","GMP"
"sam2_AAAGTCCCATTGGATC-1","Macrophage","Macrophage"
"sam2_AAAGTCCGTATGCGGA-1","Fibroblasts","Fibroblasts"
"sam2_AAAGTCCGTCATCGGC-1","T_cells","T_cells"
"sam2_AAAGTCCGTGACCGTC-1","NK_cell","NK_cell"
"sam2_AAAGTCCGTTTACGTG-1","Chondrocytes","Chondrocytes"
"sam2_AAAGTGAAGACGCATG-1","Macrophage","Macrophage"
"sam2_AAAGTGAAGCTTTCTT-1","Macrophage","Macrophage"
"sam2_AAAGTGAGTTGCTCCT-1","NK_cell","NK_cell"
"sam2_AAAGTGATCGTCGGGT-1","Smooth_muscle_cells","Smooth_muscle_cells"
"sam2_AAAGTGATCTCAGGCG-1","Macrophage","Macrophage"
"sam2_AAATGGAAGGTGCTAG-1","Fibroblasts","Fibroblasts"
"sam2_AAATGGAGTGAGTAAT-1","NK_cell","NK_cell"
"sam2_AAATGGATCATTATCC-1","NK_cell","NK_cell"
"sam2_AACAAAGCACGTGAGA-1","Fibroblasts","Fibroblasts"
"sam2_AACAAAGGTATGCGGA-1","Smooth_muscle_cells","Smooth_muscle_cells"
"sam2_AACAAAGGTTCAGCTA-1","Fibroblasts","Fibroblasts"
"sam2_AACAAAGTCCTGTAGA-1","BM","BM"
"sam2_AACAAAGTCTAAACGC-1","Macrophage","Macrophage"
"sam2_AACAACCAGCCACAAG-1","Smooth_muscle_cells","Smooth_muscle_cells"
"sam2_AACAACCAGGTTAAAC-1","NK_cell","NK_cell"
"sam2_AACAACCCAGGTCCGT-1","Keratinocytes","Keratinocytes"
"sam2_AACAACCTCAAGGCTT-1","Pre-B_cell_CD34-","Pre-B_cell_CD34-"
"sam2_AACACACAGTAAAGCT-1","NK_cell","NK_cell"
"sam2_AACACACCATGTGTCA-1","Pre-B_cell_CD34-","Pre-B_cell_CD34-"
"sam2_AACACACGTAAGGCCA-1","Neurons","Neurons"
"sam2_AACACACGTGCAACAG-1","Pro-B_cell_CD34+","Pro-B_cell_CD34+"
"sam2_AACACACTCGTAGCCG-1","Macrophage","Macrophage"
"sam2_AACAGGGAGGTTCTAC-1","NK_cell","NK_cell"
"sam2_AACAGGGGTCGCTGCA-1","Fibroblasts","Fibroblasts"
"sam2_AACAGGGTCGCGATCG-1","Macrophage","Macrophage"
"sam2_AACAGGGTCTGGACTA-1","GMP","GMP"
"sam2_AACCAACGTACAAGCG-1","Fibroblasts","Fibroblasts"
"sam2_AACCAACGTGCGGCTT-1","Macrophage","Macrophage"
"sam2_AACCAACGTTCACGAT-1","Macrophage","Macrophage"
"sam2_AACCACAAGACAACTA-1","T_cells","T_cells"
"sam2_AACCACAAGACCATGG-1","Pro-Myelocyte","Pro-Myelocyte"
"sam2_AACCACACAAATTGCC-1","GMP","GMP"
"sam2_AACCACAGTCGTACAT-1","Fibroblasts","Fibroblasts"
"sam2_AACCATGAGAACGCGT-1","T_cells","T_cells"
"sam2_AACCATGAGCAAGTCG-1","NK_cell","NK_cell"
"sam2_AACCATGAGGCCATAG-1","Neuroepithelial_cell","Neuroepithelial_cell"
"sam2_AACCATGAGTAAACAC-1","Macrophage","Macrophage"
"sam2_AACCATGAGTGCTCGC-1","Chondrocytes","Chondrocytes"
"sam2_AACCATGCAAGCCCAC-1","NK_cell","NK_cell"
"sam2_AACCATGCAATCCAGT-1","HSC_-G-CSF","HSC_-G-CSF"
"sam2_AACCATGCACGGTGCT-1","Smooth_muscle_cells","Smooth_muscle_cells"
"sam2_AACCATGCATCGGAGA-1","NK_cell","NK_cell"
"sam2_AACCATGGTCAGACGA-1","Smooth_muscle_cells","Smooth_muscle_cells"
"sam2_AACCATGGTGACTGAG-1","T_cells","T_cells"
"sam2_AACCATGTCTATTTCG-1","NK_cell","NK_cell"
"sam2_AACCATGTCTCCTGTG-1","Fibroblasts","Fibroblasts"
"sam2_AACCATGTCTTACCGC-1","NK_cell","NK_cell"
"sam2_AACCATGTCTTTGCGC-1","NK_cell","NK_cell"
"sam2_AACCCAAAGGACGGAG-1","Fibroblasts","Fibroblasts"
"sam2_AACCCAAAGTAAACAC-1","T_cells","T_cells"
"sam2_AACCCAAGTGACTCGC-1","T_cells","T_cells"
"sam2_AACCCAATCATCGTAG-1","Epithelial_cells","Epithelial_cells"
"sam2_AACCCAATCCTCACCA-1","Fibroblasts","Fibroblasts"
"sam2_AACCTGAAGTGTCATC-1","Keratinocytes","Keratinocytes"
"sam2_AACCTGAGTTCGGGTC-1","T_cells","T_cells"
"sam2_AACCTGATCGAAATCC-1","T_cells","T_cells"
"sam2_AACCTGATCGGAATGG-1","Smooth_muscle_cells","Smooth_muscle_cells"
"sam2_AACCTTTAGGAAGTGA-1","iPS_cells","iPS_cells"
"sam2_AACCTTTAGGCCTAAG-1","BM","BM"
"sam2_AACCTTTAGTTCCGTA-1","T_cells","T_cells"
"sam2_AACCTTTTCACCTGTC-1","Macrophage","Macrophage"
"sam2_AACGAAAAGTATGCAA-1","Smooth_muscle_cells","Smooth_muscle_cells"
"sam2_AACGAAAGTCGCATCG-1","Fibroblasts","Fibroblasts"
"sam2_AACGAAAGTGCAATGG-1","HSC_-G-CSF","HSC_-G-CSF"
"sam2_AACGAAATCACCGGTG-1","NK_cell","NK_cell"
"sam2_AACGAAATCTCTAGGA-1","Macrophage","Macrophage"
"sam2_AACGGGACAACTCGTA-1","Pre-B_cell_CD34-","Pre-B_cell_CD34-"
"sam2_AACGGGACAAGCGCTC-1","HSC_-G-CSF","HSC_-G-CSF"
"sam2_AACGGGACACTTGACA-1","NK_cell","NK_cell"
"sam2_AACGGGATCACTGGTA-1","Macrophage","Macrophage"
"sam2_AACGGGATCCAATCTT-1","Epithelial_cells","Epithelial_cells"
"sam2_AACGGGATCCTGTTAT-1","BM","BM"
"sam2_AACGGGATCTGTAAGC-1","NK_cell","NK_cell"
"sam2_AACGTCAGTCGCAGTC-1","Epithelial_cells","Epithelial_cells"
"sam2_AACGTCATCAAGCCAT-1","Smooth_muscle_cells","Smooth_muscle_cells"
"sam2_AACTTCTAGCAACAGC-1","Smooth_muscle_cells","Smooth_muscle_cells"
"sam2_AACTTCTAGGGATCAC-1","T_cells","T_cells"
"sam2_AACTTCTCATCATTGG-1","NK_cell","NK_cell"
"sam2_AACTTCTGTAACATAG-1","Pro-Myelocyte","Pro-Myelocyte"
"sam2_AACTTCTGTTGCGGCT-1","NK_cell","NK_cell"
"sam2_AACTTCTTCAGGACAG-1","Neurons","Neurons"
"sam2_AACTTCTTCCTACAAG-1","NK_cell","NK_cell"
"sam2_AACTTCTTCCTCAGGG-1","T_cells","T_cells"
"sam2_AAGAACACACAGTGTT-1","Smooth_muscle_cells","Smooth_muscle_cells"
"sam2_AAGAACACAGAGTCAG-1","DC","DC"
"sam2_AAGAACAGTAGTCGTT-1","Epithelial_cells","Epithelial_cells"
"sam2_AAGAACAGTTATCTTC-1","NK_cell","NK_cell"
"sam2_AAGAACATCCGGTTCT-1","T_cells","T_cells"
"sam2_AAGAACATCGCATGAT-1","T_cells","T_cells"
"sam2_AAGAACATCTATGTGG-1","Macrophage","Macrophage"
"sam2_AAGACAAGTACACTCA-1","NK_cell","NK_cell"
"sam2_AAGACAAGTATACCTG-1","Myelocyte","Myelocyte"
"sam2_AAGACAAGTTGGGATG-1","Epithelial_cells","Epithelial_cells"
"sam2_AAGACAATCCACACCT-1","Macrophage","Macrophage"
"sam2_AAGACAATCCGTAGTA-1","NK_cell","NK_cell"
"sam2_AAGACAATCTGAGAGG-1","Fibroblasts","Fibroblasts"
"sam2_AAGACAATCTTGAACG-1","HSC_-G-CSF","HSC_-G-CSF"
"sam2_AAGACTCAGAGTCACG-1","T_cells","T_cells"
"sam2_AAGACTCAGCCTGGAA-1","MSC","MSC"
"sam2_AAGACTCAGCGTCTCG-1","Macrophage","Macrophage"
"sam2_AAGACTCAGTATGGAT-1","T_cells","T_cells"
"sam2_AAGACTCCACGGGCTT-1","NK_cell","NK_cell"
"sam2_AAGACTCGTTGGACCC-1","Smooth_muscle_cells","Smooth_muscle_cells"
"sam2_AAGACTCTCAAGGAGC-1","T_cells","T_cells"
"sam2_AAGACTCTCCAGCACG-1","Neutrophils","Neutrophils"
"sam2_AAGACTCTCGGTCACG-1","Macrophage","Macrophage"
"sam2_AAGATAGAGGGTACAC-1","Macrophage","Macrophage"
"sam2_AAGATAGAGTCGCCAC-1","B_cell","B_cell"
"sam2_AAGATAGAGTCTCGTA-1","NK_cell","NK_cell"
"sam2_AAGATAGGTGTTATCG-1","NK_cell","NK_cell"
"sam2_AAGATAGTCCCATTCG-1","T_cells","T_cells"
"sam2_AAGCATCAGCCATCCG-1","Monocyte","Monocyte"
"sam2_AAGCATCAGGTTGGAC-1","HSC_-G-CSF","HSC_-G-CSF"
"sam2_AAGCATCCATTGGCAT-1","Macrophage","Macrophage"
"sam2_AAGCATCGTCGATGCC-1","NK_cell","NK_cell"
"sam2_AAGCATCGTGGGCTTC-1","NK_cell","NK_cell"
"sam2_AAGCATCGTGTCATCA-1","NK_cell","NK_cell"
"sam2_AAGCATCTCACCTTAT-1","T_cells","T_cells"
"sam2_AAGCATCTCCTATGGA-1","Macrophage","Macrophage"
"sam2_AAGCATCTCTGCTAGA-1","Macrophage","Macrophage"
"sam2_AAGCCATAGGCACTAG-1","Smooth_muscle_cells","Smooth_muscle_cells"
"sam2_AAGCCATCACAAGCAG-1","Macrophage","Macrophage"
"sam2_AAGCCATCACCAAAGG-1","Fibroblasts","Fibroblasts"
"sam2_AAGCCATCAGATACTC-1","Epithelial_cells","Epithelial_cells"
"sam2_AAGCCATCAGGTTTAC-1","Macrophage","Macrophage"
"sam2_AAGCCATCAGTGTACT-1","HSC_-G-CSF","HSC_-G-CSF"
"sam2_AAGCCATGTAACTGCT-1","T_cells","T_cells"
"sam2_AAGCCATGTGTGAATA-1","Epithelial_cells","Epithelial_cells"
"sam2_AAGCCATGTTCGATTG-1","Macrophage","Macrophage"
"sam2_AAGCCATTCCGATTAG-1","T_cells","T_cells"
"sam2_AAGCCATTCTAGAACC-1","Fibroblasts","Fibroblasts"
"sam2_AAGCGAGCACGCACCA-1","Smooth_muscle_cells","Unassigned"
"sam2_AAGCGAGGTCGGTGTC-1","Smooth_muscle_cells","Smooth_muscle_cells"
"sam2_AAGCGAGTCTCGAACA-1","Fibroblasts","Fibroblasts"
"sam2_AAGCGAGTCTTAATCC-1","Pre-B_cell_CD34-","Pre-B_cell_CD34-"
"sam2_AAGCGTTAGCTTCGTA-1","T_cells","T_cells"
"sam2_AAGCGTTAGGTAAGTT-1","Macrophage","Macrophage"
"sam2_AAGCGTTCATGTACGT-1","NK_cell","NK_cell"
"sam2_AAGCGTTGTGCAACGA-1","Macrophage","Macrophage"
"sam2_AAGCGTTTCAGACAAA-1","Macrophage","Macrophage"
"sam2_AAGCGTTTCAGTGGGA-1","Fibroblasts","Fibroblasts"
"sam2_AAGGAATGTCACGCTG-1","NK_cell","NK_cell"
"sam2_AAGGAATGTTAAGTCC-1","T_cells","T_cells"
"sam2_AAGGAATTCCTTATAC-1","Macrophage","Macrophage"
"sam2_AAGGTAAAGTCTGTAC-1","GMP","GMP"
"sam2_AAGGTAAAGTTAGAAC-1","Smooth_muscle_cells","Unassigned"
"sam2_AAGGTAACAATCGTCA-1","Macrophage","Macrophage"
"sam2_AAGGTAACACACTGGC-1","NK_cell","NK_cell"
"sam2_AAGGTAAGTATGCGTT-1","Epithelial_cells","Epithelial_cells"
"sam2_AAGGTAATCACTACTT-1","MSC","MSC"
"sam2_AAGGTAATCATTGCTT-1","Pre-B_cell_CD34-","Pre-B_cell_CD34-"
"sam2_AAGGTAATCGCCGAGT-1","Macrophage","Macrophage"
"sam2_AAGTACCAGTCATCCA-1","T_cells","T_cells"
"sam2_AAGTACCAGTGGAAGA-1","Epithelial_cells","Epithelial_cells"
"sam2_AAGTACCCACGGCTAC-1","Tissue_stem_cells","Tissue_stem_cells"
"sam2_AAGTACCGTAGCTGAG-1","Macrophage","Macrophage"
"sam2_AAGTACCGTATTTCCT-1","Pre-B_cell_CD34-","Pre-B_cell_CD34-"
"sam2_AAGTACCGTCAGCTTA-1","NK_cell","NK_cell"
"sam2_AAGTACCGTCTCAGAT-1","NK_cell","NK_cell"
"sam2_AAGTACCGTTATCTTC-1","Macrophage","Macrophage"
"sam2_AAGTACCTCGCCTCTA-1","Keratinocytes","Keratinocytes"
"sam2_AAGTCGTAGACTACGG-1","Macrophage","Macrophage"
"sam2_AAGTCGTAGCCGAATG-1","T_cells","T_cells"
"sam2_AAGTCGTCAGAACCGA-1","T_cells","T_cells"
"sam2_AAGTCGTTCAGACCGC-1","Fibroblasts","Fibroblasts"
"sam2_AAGTCGTTCGGTAGAG-1","DC","DC"
"sam2_AAGTGAAGTAACATGA-1","T_cells","T_cells"
"sam2_AAGTGAAGTCTGTAGT-1","NK_cell","NK_cell"
"sam2_AAGTGAAGTGGACAGT-1","T_cells","T_cells"
"sam2_AAGTGAATCCAGCCTT-1","Macrophage","Macrophage"
"sam2_AAGTTCGAGGCTGGAT-1","Smooth_muscle_cells","Smooth_muscle_cells"
"sam2_AAGTTCGCACGCTTAA-1","Macrophage","Macrophage"
"sam2_AAGTTCGCAGGATGAC-1","Epithelial_cells","Epithelial_cells"
"sam2_AAGTTCGCAGGCCTGT-1","T_cells","T_cells"
"sam2_AAGTTCGCAGTCAACT-1","Macrophage","Macrophage"
"sam2_AAGTTCGGTCGACTTA-1","MSC","MSC"
"sam2_AAGTTCGGTGGTACAG-1","NK_cell","NK_cell"
"sam2_AAGTTCGTCACTAGCA-1","Fibroblasts","Unassigned"
"sam2_AATAGAGAGAAACCAT-1","NK_cell","NK_cell"
"sam2_AATAGAGAGTGATGGC-1","Macrophage","Macrophage"
"sam2_AATAGAGCAAGTGCAG-1","NK_cell","NK_cell"
"sam2_AATCACGAGACGCCAA-1","Macrophage","Macrophage"
"sam2_AATCACGAGGTCGAGT-1","Epithelial_cells","Epithelial_cells"
"sam2_AATCACGCATAGCTGT-1","Smooth_muscle_cells","Smooth_muscle_cells"
"sam2_AATCACGGTAGGTACG-1","B_cell","B_cell"
"sam2_AATCACGGTATCACCA-1","Chondrocytes","Chondrocytes"
"sam2_AATCACGGTCCAAGAG-1","T_cells","T_cells"
"sam2_AATCACGGTGAGCTCC-1","Smooth_muscle_cells","Smooth_muscle_cells"
"sam2_AATCACGTCGGAAGGT-1","Hepatocytes","Hepatocytes"
"sam2_AATCGACAGCGACAGT-1","NK_cell","NK_cell"
"sam2_AATCGACCAAACCACT-1","NK_cell","NK_cell"
"sam2_AATCGACCAATTCTCT-1","NK_cell","NK_cell"
"sam2_AATCGACCAGGTCAAG-1","Chondrocytes","Chondrocytes"
"sam2_AATCGACGTATGAGAT-1","Macrophage","Macrophage"
"sam2_AATCGACGTGAGTGAC-1","T_cells","T_cells"
"sam2_AATCGACTCAGCTCTC-1","Macrophage","Macrophage"
"sam2_AATCGACTCTGCTAGA-1","HSC_-G-CSF","HSC_-G-CSF"
"sam2_AATCGACTCTTGATTC-1","HSC_-G-CSF","HSC_-G-CSF"
"sam2_AATCGTGAGGCTAAAT-1","MEP","MEP"
"sam2_AATCGTGAGGTTCACT-1","T_cells","T_cells"
"sam2_AATCGTGCATTCAGCA-1","Monocyte","Monocyte"
"sam2_AATCGTGGTGAACGGT-1","Smooth_muscle_cells","Smooth_muscle_cells"
"sam2_AATCGTGGTTGATCGT-1","NK_cell","NK_cell"
"sam2_AATCGTGTCCATCTAT-1","Fibroblasts","Fibroblasts"
"sam2_AATGAAGCAAGTGTCT-1","T_cells","T_cells"
"sam2_AATGAAGCACTCCTGT-1","NK_cell","NK_cell"
"sam2_AATGACCAGAAATTGC-1","T_cells","T_cells"
"sam2_AATGACCAGGGCATGT-1","T_cells","T_cells"
"sam2_AATGACCCAAGAGGTC-1","Pre-B_cell_CD34-","Pre-B_cell_CD34-"
"sam2_AATGACCCAATCGCAT-1","B_cell","B_cell"
"sam2_AATGACCCAGAACCGA-1","NK_cell","NK_cell"
"sam2_AATGACCGTAATGCTC-1","HSC_-G-CSF","HSC_-G-CSF"
"sam2_AATGACCGTCTACGTA-1","Macrophage","Macrophage"
"sam2_AATGACCGTGGAGAAA-1","Neutrophils","Neutrophils"
"sam2_AATGACCTCTAGTCAG-1","Smooth_muscle_cells","Smooth_muscle_cells"
"sam2_AATGCCAAGGACTGGT-1","T_cells","T_cells"
"sam2_AATGCCAAGGGCCCTT-1","Fibroblasts","Fibroblasts"
"sam2_AATGCCAAGGTGCTGA-1","T_cells","T_cells"
"sam2_AATGCCAGTGTACAGG-1","NK_cell","NK_cell"
"sam2_AATGCCATCATGGAGG-1","Epithelial_cells","Epithelial_cells"
"sam2_AATGCCATCCACTGGG-1","Macrophage","Macrophage"
"sam2_AATGCCATCGGACGTC-1","Epithelial_cells","Epithelial_cells"
"sam2_AATGCCATCTTGTTAC-1","T_cells","T_cells"
"sam2_AATGGAACAAAGGCGT-1","T_cells","T_cells"
"sam2_AATGGAATCGACCCAG-1","T_cells","T_cells"
"sam2_AATGGCTCAACGCCCA-1","Smooth_muscle_cells","Smooth_muscle_cells"
"sam2_AATGGCTCAATACGAA-1","NK_cell","NK_cell"
"sam2_AATGGCTGTGATGTAA-1","Myelocyte","Myelocyte"
"sam2_AATGGCTGTTCGTAAC-1","Epithelial_cells","Epithelial_cells"
"sam2_AATGGCTTCCCGAAAT-1","Keratinocytes","Keratinocytes"
"sam2_AATTCCTAGATGGTCG-1","Epithelial_cells","Epithelial_cells"
"sam2_AATTCCTAGGAGTCTG-1","Pro-B_cell_CD34+","Pro-B_cell_CD34+"
"sam2_AATTCCTAGTGTACCT-1","Smooth_muscle_cells","Smooth_muscle_cells"
"sam2_AATTCCTCAATGAACA-1","Pre-B_cell_CD34-","Pre-B_cell_CD34-"
"sam2_AATTCCTCACACCTTC-1","Fibroblasts","Fibroblasts"
"sam2_AATTCCTTCTCTTGCG-1","Fibroblasts","Fibroblasts"
"sam2_AATTTCCAGTACGTCT-1","T_cells","T_cells"
"sam2_AATTTCCCATACCAGT-1","Macrophage","Macrophage"
"sam2_AATTTCCGTGTTACAC-1","T_cells","T_cells"
"sam2_AATTTCCTCGTCACCT-1","T_cells","T_cells"
"sam2_ACAAAGAAGAGTTCGG-1","NK_cell","NK_cell"
"sam2_ACAAAGAAGCCGAATG-1","Epithelial_cells","Epithelial_cells"
"sam2_ACAAAGAAGGGCATGT-1","Fibroblasts","Fibroblasts"
"sam2_ACAAAGAAGTGGACGT-1","T_cells","T_cells"
"sam2_ACAAAGACATACCAGT-1","Pre-B_cell_CD34-","Pre-B_cell_CD34-"
"sam2_ACAACCAAGAAGTCTA-1","Pre-B_cell_CD34-","Pre-B_cell_CD34-"
"sam2_ACAACCACACTCCACT-1","NK_cell","NK_cell"
"sam2_ACAACCACAGTGAGCA-1","NK_cell","NK_cell"
"sam2_ACAACCACATGTGCCG-1","NK_cell","NK_cell"
"sam2_ACAACCAGTAGAGATT-1","Smooth_muscle_cells","Smooth_muscle_cells"
"sam2_ACAACCAGTCGTTATG-1","T_cells","T_cells"
"sam2_ACAACCAGTGACTCGC-1","NK_cell","NK_cell"
"sam2_ACAACCAGTTGGACCC-1","Keratinocytes","Keratinocytes"
"sam2_ACAACCATCCCAGTGG-1","Neutrophils","Neutrophils"
"sam2_ACAAGCTAGGTCCCTG-1","T_cells","T_cells"
"sam2_ACAAGCTAGGTCCTGC-1","MSC","MSC"
"sam2_ACAAGCTCATGATCTG-1","NK_cell","NK_cell"
"sam2_ACAAGCTGTCTGTGGC-1","NK_cell","NK_cell"
"sam2_ACAAGCTGTTAATCGC-1","Fibroblasts","Fibroblasts"
"sam2_ACAAGCTTCCGGTAAT-1","Neutrophils","Neutrophils"
"sam2_ACAAGCTTCTTACACT-1","Fibroblasts","Fibroblasts"
"sam2_ACACAGTGTCACTTAG-1","HSC_-G-CSF","HSC_-G-CSF"
"sam2_ACACAGTTCTAGTGAC-1","T_cells","T_cells"
"sam2_ACACCAACAAGCCTGC-1","Epithelial_cells","Epithelial_cells"
"sam2_ACACCAACACTCCACT-1","Pro-B_cell_CD34+","Pro-B_cell_CD34+"
"sam2_ACACCAACAGTGGGTA-1","Macrophage","Macrophage"
"sam2_ACACCAAGTCCAATCA-1","Epithelial_cells","Epithelial_cells"
"sam2_ACACCAAGTTGTTGAC-1","Epithelial_cells","Epithelial_cells"
"sam2_ACACCAAGTTGTTGCA-1","MSC","MSC"
"sam2_ACACCAAGTTTCGACA-1","T_cells","T_cells"
"sam2_ACACGCGCACTAACGT-1","Pre-B_cell_CD34-","Pre-B_cell_CD34-"
"sam2_ACACGCGCAGGACTTT-1","Epithelial_cells","Epithelial_cells"
"sam2_ACACGCGCAGTTGTCA-1","NK_cell","NK_cell"
"sam2_ACACGCGTCTGGGCCA-1","Fibroblasts","Fibroblasts"
"sam2_ACACTGAAGAGGTGCT-1","NK_cell","NK_cell"
"sam2_ACACTGACATTCACAG-1","Pre-B_cell_CD34-","Pre-B_cell_CD34-"
"sam2_ACACTGAGTAGGCTGA-1","NK_cell","NK_cell"
"sam2_ACACTGAGTTGACTGT-1","T_cells","T_cells"
"sam2_ACACTGATCCGCAGTG-1","Monocyte","Monocyte"
"sam2_ACACTGATCTCTGACC-1","Fibroblasts","Fibroblasts"
"sam2_ACAGAAAAGTGCCTCG-1","HSC_-G-CSF","HSC_-G-CSF"
"sam2_ACAGAAACAATTTCGG-1","Pre-B_cell_CD34-","Pre-B_cell_CD34-"
"sam2_ACAGAAACATACCATG-1","Fibroblasts","Fibroblasts"
"sam2_ACAGAAAGTCCTATAG-1","Fibroblasts","Fibroblasts"
"sam2_ACAGAAAGTGTATACC-1","Smooth_muscle_cells","Smooth_muscle_cells"
"sam2_ACAGAAAGTTACACTG-1","Macrophage","Macrophage"
"sam2_ACAGAAAGTTCCTACC-1","Macrophage","Macrophage"
"sam2_ACAGAAATCGGTTAGT-1","T_cells","T_cells"
"sam2_ACAGCCGAGGGCTTCC-1","Platelets","Platelets"
"sam2_ACAGCCGCAAGTGGGT-1","NK_cell","NK_cell"
"sam2_ACAGCCGGTGAGGAAA-1","Epithelial_cells","Epithelial_cells"
"sam2_ACAGGGAAGCCAACCC-1","NK_cell","NK_cell"
"sam2_ACAGGGAAGTTAGTGA-1","Macrophage","Macrophage"
"sam2_ACAGGGAAGTTCCTGA-1","T_cells","T_cells"
"sam2_ACAGGGACATACAGAA-1","HSC_CD34+","HSC_CD34+"
"sam2_ACAGGGAGTATGTCTG-1","T_cells","T_cells"
"sam2_ACAGGGAGTCGTGATT-1","T_cells","T_cells"
"sam2_ACAGGGAGTTTCTATC-1","Neutrophils","Neutrophils"
"sam2_ACAGGGATCCAACCGG-1","Macrophage","Macrophage"
"sam2_ACAGGGATCTGAGAGG-1","Tissue_stem_cells","Tissue_stem_cells"
"sam2_ACATCCCCACAATCTG-1","Fibroblasts","Fibroblasts"
"sam2_ACATCCCCACGTATAC-1","Pre-B_cell_CD34-","Pre-B_cell_CD34-"
"sam2_ACATCCCGTATCAGCT-1","NK_cell","NK_cell"
"sam2_ACATCCCGTTGTCCCT-1","Smooth_muscle_cells","Smooth_muscle_cells"
"sam2_ACATCCCTCGCACTCT-1","Macrophage","Macrophage"
"sam2_ACATCCCTCTATGTGG-1","Pre-B_cell_CD34-","Pre-B_cell_CD34-"
"sam2_ACATCGAAGGCCTTGC-1","NK_cell","NK_cell"
"sam2_ACATCGACAATGGCCC-1","T_cells","T_cells"
"sam2_ACATCGACACTACCCT-1","MSC","MSC"
"sam2_ACATCGAGTGCCTTCT-1","Macrophage","Macrophage"
"sam2_ACATCGAGTGCTGATT-1","Chondrocytes","Chondrocytes"
"sam2_ACATGCAAGAGCTGCA-1","NK_cell","NK_cell"
"sam2_ACATGCAAGTTGCATC-1","Macrophage","Macrophage"
"sam2_ACATGCACACCGAATT-1","Epithelial_cells","Epithelial_cells"
"sam2_ACATGCAGTCTACGTA-1","Fibroblasts","Fibroblasts"
"sam2_ACATGCAGTTAATCGC-1","T_cells","T_cells"
"sam2_ACATTTCCACAATCTG-1","NK_cell","NK_cell"
"sam2_ACATTTCCATGGTGGA-1","NK_cell","NK_cell"
"sam2_ACATTTCGTGGCGCTT-1","NK_cell","NK_cell"
"sam2_ACATTTCTCAACTGAC-1","T_cells","T_cells"
"sam2_ACCAAACAGCTAAGTA-1","Fibroblasts","Fibroblasts"
"sam2_ACCAAACAGCTGACTT-1","T_cells","T_cells"
"sam2_ACCAAACAGGTAAGGA-1","NK_cell","NK_cell"
"sam2_ACCAAACAGGTTTACC-1","Pre-B_cell_CD34-","Pre-B_cell_CD34-"
"sam2_ACCAAACCATCAGCAT-1","T_cells","T_cells"
"sam2_ACCAAACTCTTGTTAC-1","Macrophage","Macrophage"
"sam2_ACCAACACAAACACGG-1","Smooth_muscle_cells","Smooth_muscle_cells"
"sam2_ACCAACATCAAAGGTA-1","T_cells","T_cells"
"sam2_ACCAACATCACAACCA-1","Pro-B_cell_CD34+","Pro-B_cell_CD34+"
"sam2_ACCAACATCCGTAATG-1","NK_cell","NK_cell"
"sam2_ACCAACATCTCTCTTC-1","T_cells","T_cells"
"sam2_ACCAACATCTGAGATC-1","T_cells","T_cells"
"sam2_ACCAACATCTGCATGA-1","NK_cell","NK_cell"
"sam2_ACCACAAAGCACCGTC-1","NK_cell","NK_cell"
"sam2_ACCACAAAGCCAAGCA-1","NK_cell","NK_cell"
"sam2_ACCACAAAGCTGGCTC-1","Epithelial_cells","Epithelial_cells"
"sam2_ACCACAACAACACGAG-1","Pre-B_cell_CD34-","Pre-B_cell_CD34-"
"sam2_ACCACAACACAACGTT-1","Keratinocytes","Keratinocytes"
"sam2_ACCACAAGTAAGGCTG-1","Macrophage","Macrophage"
"sam2_ACCACAAGTATAGGGC-1","Pre-B_cell_CD34-","Pre-B_cell_CD34-"
"sam2_ACCACAAGTCAACATC-1","NK_cell","NK_cell"
"sam2_ACCACAAGTTTAGTCG-1","T_cells","T_cells"
"sam2_ACCATTTAGGCGTTAG-1","NK_cell","NK_cell"
"sam2_ACCATTTAGGTAAAGG-1","Macrophage","Macrophage"
"sam2_ACCATTTAGGTGCTGA-1","Fibroblasts","Fibroblasts"
"sam2_ACCATTTGTGGTAATA-1","NK_cell","NK_cell"
"sam2_ACCATTTGTTCGTAAC-1","Macrophage","Macrophage"
"sam2_ACCATTTTCCTCAGAA-1","Macrophage","Macrophage"
"sam2_ACCCAAAAGCATATGA-1","NK_cell","NK_cell"
"sam2_ACCCAAAAGGAGGGTG-1","Fibroblasts","Fibroblasts"
"sam2_ACCCAAAAGTTACTCG-1","Pre-B_cell_CD34-","Pre-B_cell_CD34-"
"sam2_ACCCAAACATGGAATA-1","Pre-B_cell_CD34-","Pre-B_cell_CD34-"
"sam2_ACCCAAAGTCAGGTAG-1","T_cells","T_cells"
"sam2_ACCCAAAGTTCGAACT-1","Smooth_muscle_cells","Smooth_muscle_cells"
"sam2_ACCCAAATCCCTGTTG-1","Pre-B_cell_CD34-","Pre-B_cell_CD34-"
"sam2_ACCCTCAGTCCGGACT-1","Smooth_muscle_cells","Smooth_muscle_cells"
"sam2_ACCCTCATCCTACAAG-1","Macrophage","Macrophage"
"sam2_ACCCTCATCTCCGCAT-1","Keratinocytes","Keratinocytes"
"sam2_ACCCTTGAGCCTAACT-1","NK_cell","NK_cell"
"sam2_ACCCTTGCAGGATCTT-1","Epithelial_cells","Epithelial_cells"
"sam2_ACCCTTGCATGACGTT-1","Fibroblasts","Fibroblasts"
"sam2_ACCCTTGGTGATGTAA-1","T_cells","T_cells"
"sam2_ACCCTTGGTTTCGCTC-1","NK_cell","NK_cell"
"sam2_ACCCTTGTCATGCGGC-1","Fibroblasts","Fibroblasts"
"sam2_ACCCTTGTCTGTCAGA-1","T_cells","T_cells"
"sam2_ACCGTTCAGCCTTCTC-1","Macrophage","Macrophage"
"sam2_ACCGTTCAGGCAGGGA-1","NK_cell","NK_cell"
"sam2_ACCGTTCCACCGGTCA-1","GMP","GMP"
"sam2_ACCGTTCCAGGAATAT-1","Pre-B_cell_CD34-","Pre-B_cell_CD34-"
"sam2_ACCGTTCCATAACGGG-1","Macrophage","Macrophage"
"sam2_ACCGTTCCATGCCGCA-1","Epithelial_cells","Epithelial_cells"
"sam2_ACCGTTCGTCGAACAG-1","T_cells","T_cells"
"sam2_ACCTACCAGATCCGAG-1","Epithelial_cells","Epithelial_cells"
"sam2_ACCTACCAGGCACTAG-1","Macrophage","Macrophage"
"sam2_ACCTACCAGGGATCGT-1","Epithelial_cells","Epithelial_cells"
"sam2_ACCTACCCACATGAAA-1","MSC","MSC"
"sam2_ACCTACCCATTCCTAT-1","NK_cell","NK_cell"
"sam2_ACCTACCGTGCCAAGA-1","Fibroblasts","Unassigned"
"sam2_ACCTACCGTGGATTTC-1","Smooth_muscle_cells","Smooth_muscle_cells"
"sam2_ACCTACCTCCATTCGC-1","Pre-B_cell_CD34-","Pre-B_cell_CD34-"
"sam2_ACCTGAACATACACCA-1","T_cells","T_cells"
"sam2_ACCTGAATCCGTGCGA-1","T_cells","T_cells"
"sam2_ACCTGTCAGATACTGA-1","Pre-B_cell_CD34-","Pre-B_cell_CD34-"
"sam2_ACCTGTCAGTTCATCG-1","NK_cell","NK_cell"
"sam2_ACCTGTCCACACACGC-1","Epithelial_cells","Epithelial_cells"
"sam2_ACCTGTCCACCCTAGG-1","Macrophage","Macrophage"
"sam2_ACCTGTCCACTCAGAT-1","T_cells","T_cells"
"sam2_ACCTGTCCATACCATG-1","Pre-B_cell_CD34-","Pre-B_cell_CD34-"
"sam2_ACCTGTCCATCTCAAG-1","DC","DC"
"sam2_ACCTGTCGTTGTAGCT-1","Macrophage","Macrophage"
"sam2_ACCTGTCTCATCTCTA-1","NK_cell","NK_cell"
"sam2_ACCTGTCTCCCACAGG-1","Neurons","Neurons"
"sam2_ACCTGTCTCGAACCTA-1","Neurons","Neurons"
"sam2_ACCTGTCTCGACCCAG-1","NK_cell","NK_cell"
"sam2_ACCTGTCTCGCTGTCT-1","NK_cell","NK_cell"
"sam2_ACGATCAAGTAGGTTA-1","NK_cell","NK_cell"
"sam2_ACGATCACAAAGGGTC-1","Macrophage","Macrophage"
"sam2_ACGATCACATGGATCT-1","T_cells","T_cells"
"sam2_ACGATCAGTAGTCACT-1","T_cells","T_cells"
"sam2_ACGATCAGTGTCATTG-1","HSC_-G-CSF","HSC_-G-CSF"
"sam2_ACGATCAGTGTCCACG-1","NK_cell","NK_cell"
"sam2_ACGATGTAGACCATAA-1","DC","DC"
"sam2_ACGATGTAGAGGATCC-1","Fibroblasts","Fibroblasts"
"sam2_ACGATGTAGAGTCCGA-1","Fibroblasts","Fibroblasts"
"sam2_ACGATGTAGTCTGGAG-1","HSC_-G-CSF","HSC_-G-CSF"
"sam2_ACGATGTCACACCTTC-1","Macrophage","Macrophage"
"sam2_ACGATGTCAGCGATTT-1","Macrophage","Unassigned"
"sam2_ACGATGTCATTGGGAG-1","Macrophage","Macrophage"
"sam2_ACGATGTGTGCCGTAC-1","T_cells","T_cells"
"sam2_ACGATGTTCTACACAG-1","Chondrocytes","Chondrocytes"
"sam2_ACGATGTTCTAGACAC-1","Smooth_muscle_cells","Smooth_muscle_cells"
"sam2_ACGCACGCAGTTGAAA-1","Keratinocytes","Keratinocytes"
"sam2_ACGCACGTCATGGAGG-1","Smooth_muscle_cells","Smooth_muscle_cells"
"sam2_ACGCACGTCTCTTGCG-1","Pre-B_cell_CD34-","Pre-B_cell_CD34-"
"sam2_ACGGAAGAGATGATTG-1","Epithelial_cells","Epithelial_cells"
"sam2_ACGGAAGAGTGGACTG-1","Macrophage","Macrophage"
"sam2_ACGGAAGCAAATAGCA-1","Fibroblasts","Fibroblasts"
"sam2_ACGGAAGCAACACGTT-1","NK_cell","NK_cell"
"sam2_ACGGAAGTCCCTCTCC-1","Keratinocytes","Keratinocytes"
"sam2_ACGGAAGTCTTCGGAA-1","NK_cell","NK_cell"
"sam2_ACGGGTCAGAAGAGCA-1","T_cells","T_cells"
"sam2_ACGGGTCAGAATAGTC-1","HSC_-G-CSF","HSC_-G-CSF"
"sam2_ACGGGTCAGCACTAAA-1","Macrophage","Macrophage"
"sam2_ACGGGTCCACGGATCC-1","NK_cell","NK_cell"
"sam2_ACGGGTCGTCTTCTAT-1","Macrophage","Macrophage"
"sam2_ACGGGTCGTTCGGCGT-1","NK_cell","NK_cell"
"sam2_ACGGGTCGTTGTCTAG-1","HSC_CD34+","HSC_CD34+"
"sam2_ACGGTCGAGACATATG-1","T_cells","T_cells"
"sam2_ACGGTCGCACTCAAGT-1","NK_cell","NK_cell"
"sam2_ACGGTCGCAGTTCCAA-1","Epithelial_cells","Epithelial_cells"
"sam2_ACGGTCGGTAGACAGC-1","Fibroblasts","Fibroblasts"
"sam2_ACGGTCGTCGCTGACG-1","Pre-B_cell_CD34-","Pre-B_cell_CD34-"
"sam2_ACGGTCGTCTGACAGT-1","T_cells","T_cells"
"sam2_ACGGTTAGTCACGCTG-1","NK_cell","NK_cell"
"sam2_ACGGTTAGTTGCGAAG-1","Smooth_muscle_cells","Smooth_muscle_cells"
"sam2_ACGGTTATCAGCCTCT-1","NK_cell","NK_cell"
"sam2_ACGGTTATCTTGGAAC-1","T_cells","T_cells"
"sam2_ACGTAACAGCACTAAA-1","Fibroblasts","Fibroblasts"
"sam2_ACGTAACAGGCTGAAC-1","MEP","MEP"
"sam2_ACGTAACAGGTTTACC-1","NK_cell","NK_cell"
"sam2_ACGTAACCAATGGCCC-1","Pre-B_cell_CD34-","Pre-B_cell_CD34-"
"sam2_ACGTAACGTGGACTGA-1","Epithelial_cells","Epithelial_cells"
"sam2_ACGTAACTCGAGGCAA-1","Pre-B_cell_CD34-","Pre-B_cell_CD34-"
"sam2_ACGTAACTCGGAACTT-1","iPS_cells","iPS_cells"
"sam2_ACGTACAGTTCAATCG-1","T_cells","T_cells"
"sam2_ACGTACATCCAGTACA-1","Macrophage","Macrophage"
"sam2_ACGTACATCGACGTCG-1","NK_cell","NK_cell"
"sam2_ACGTAGTCACTGGATT-1","Fibroblasts","Fibroblasts"
"sam2_ACGTAGTCAGTTAAAG-1","T_cells","T_cells"
"sam2_ACGTAGTGTTACCGTA-1","Monocyte","Monocyte"
"sam2_ACGTCCTAGCTGAGTG-1","Macrophage","Macrophage"
"sam2_ACGTCCTCAAACACGG-1","Monocyte","Monocyte"
"sam2_ACGTCCTCACTAGGTT-1","Macrophage","Macrophage"
"sam2_ACGTCCTCATCGATGT-1","NK_cell","NK_cell"
"sam2_ACGTCCTCATCTTTCA-1","T_cells","T_cells"
"sam2_ACGTCCTGTCTCACGG-1","T_cells","T_cells"
"sam2_ACGTCCTTCCTTTAGT-1","Fibroblasts","Fibroblasts"
"sam2_ACGTTCCAGACTTCCA-1","NK_cell","NK_cell"
"sam2_ACGTTCCTCGGCTGTG-1","Macrophage","Macrophage"
"sam2_ACTACGAAGGGACAGG-1","T_cells","T_cells"
"sam2_ACTACGAAGGTCGACA-1","Pre-B_cell_CD34-","Pre-B_cell_CD34-"
"sam2_ACTACGACACGAGGTA-1","Macrophage","Macrophage"
"sam2_ACTACGACATCGAAGG-1","Chondrocytes","Chondrocytes"
"sam2_ACTACGAGTAACACCT-1","Pre-B_cell_CD34-","Pre-B_cell_CD34-"
"sam2_ACTACGATCCACAAGT-1","NK_cell","NK_cell"
"sam2_ACTATCTAGCGTTCCG-1","Pre-B_cell_CD34-","Pre-B_cell_CD34-"
"sam2_ACTATCTCACTAGTAC-1","Smooth_muscle_cells","Smooth_muscle_cells"
"sam2_ACTATCTCAGACAATA-1","NK_cell","NK_cell"
"sam2_ACTATCTGTCATCCGG-1","Macrophage","Macrophage"
"sam2_ACTATCTGTTTGGGAG-1","NK_cell","NK_cell"
"sam2_ACTATCTTCAAACTGC-1","Macrophage","Macrophage"
"sam2_ACTATCTTCGTCAAAC-1","Macrophage","Macrophage"
"sam2_ACTATGGAGACCCTTA-1","Fibroblasts","Fibroblasts"
"sam2_ACTATGGAGTTGCTGT-1","Macrophage","Macrophage"
"sam2_ACTATGGCAAGCCATT-1","T_cells","T_cells"
"sam2_ACTATGGGTATGCTTG-1","Smooth_muscle_cells","Smooth_muscle_cells"
"sam2_ACTATGGTCACGGAGA-1","Smooth_muscle_cells","Smooth_muscle_cells"
"sam2_ACTATGGTCCATTTCA-1","Fibroblasts","Fibroblasts"
"sam2_ACTATGGTCCTTGAAG-1","T_cells","T_cells"
"sam2_ACTATGGTCTCCGAGG-1","Fibroblasts","Fibroblasts"
"sam2_ACTATTCAGAAGCGAA-1","MSC","MSC"
"sam2_ACTATTCAGGTACAGC-1","NK_cell","NK_cell"
"sam2_ACTATTCAGTGCTAGG-1","T_cells","T_cells"
"sam2_ACTATTCAGTTCCTGA-1","Epithelial_cells","Epithelial_cells"
"sam2_ACTATTCTCAGTGTGT-1","Pre-B_cell_CD34-","Pre-B_cell_CD34-"
"sam2_ACTATTCTCGCCGAAC-1","NK_cell","NK_cell"
"sam2_ACTCCCAAGGAGTATT-1","NK_cell","NK_cell"
"sam2_ACTCCCACAACTAGAA-1","Smooth_muscle_cells","Smooth_muscle_cells"
"sam2_ACTCCCACACAGTCGC-1","Epithelial_cells","Epithelial_cells"
"sam2_ACTCCCACAGAGACTG-1","Macrophage","Macrophage"
"sam2_ACTCCCATCATTACGG-1","Macrophage","Macrophage"
"sam2_ACTCCCATCGACCACG-1","B_cell","B_cell"
"sam2_ACTCCCATCTCACGAA-1","T_cells","T_cells"
"sam2_ACTCTCGAGGCCACCT-1","Macrophage","Macrophage"
"sam2_ACTCTCGCAGAGCTAG-1","Epithelial_cells","Epithelial_cells"
"sam2_ACTCTCGCATTCTGTT-1","T_cells","T_cells"
"sam2_ACTCTCGGTCATAGTC-1","Fibroblasts","Fibroblasts"
"sam2_ACTCTCGGTTAGCGGA-1","T_cells","T_cells"
"sam2_ACTGATGCATATGCGT-1","Chondrocytes","Chondrocytes"
"sam2_ACTGATGCATCAACCA-1","Macrophage","Macrophage"
"sam2_ACTGATGGTACACGTT-1","Neurons","Neurons"
"sam2_ACTGATGTCCCGTTGT-1","T_cells","T_cells"
"sam2_ACTGCAAAGGGTACGT-1","T_cells","T_cells"
"sam2_ACTGCAACACAGGATG-1","Neurons","Neurons"
"sam2_ACTGCAAGTTGCAACT-1","NK_cell","NK_cell"
"sam2_ACTGCAATCCGAGGCT-1","NK_cell","NK_cell"
"sam2_ACTGCAATCGACCATA-1","Pre-B_cell_CD34-","Pre-B_cell_CD34-"
"sam2_ACTGCAATCGTCAAAC-1","HSC_-G-CSF","HSC_-G-CSF"
"sam2_ACTGTCCCATCTCGTC-1","NK_cell","NK_cell"
"sam2_ACTGTCCGTAACATCC-1","T_cells","T_cells"
"sam2_ACTGTCCGTGTCATGT-1","Fibroblasts","Fibroblasts"
"sam2_ACTGTCCTCAAACGTC-1","T_cells","T_cells"
"sam2_ACTGTCCTCAACTCTT-1","Epithelial_cells","Epithelial_cells"
"sam2_ACTGTCCTCATTGCTT-1","HSC_-G-CSF","HSC_-G-CSF"
"sam2_ACTGTCCTCCATTTGT-1","NK_cell","NK_cell"
"sam2_ACTGTCCTCCTATGGA-1","Pre-B_cell_CD34-","Pre-B_cell_CD34-"
"sam2_ACTGTCCTCCTCAGAA-1","Macrophage","Macrophage"
"sam2_ACTGTCCTCTTGCAGA-1","T_cells","T_cells"
"sam2_ACTGTGAAGGATTCAA-1","Pre-B_cell_CD34-","Pre-B_cell_CD34-"
"sam2_ACTGTGAAGGGCCAAT-1","Monocyte","Monocyte"
"sam2_ACTGTGAAGGGTCAAC-1","Epithelial_cells","Epithelial_cells"
"sam2_ACTGTGAAGTGCAGGT-1","Monocyte","Monocyte"
"sam2_ACTGTGAAGTGGACTG-1","Epithelial_cells","Epithelial_cells"
"sam2_ACTGTGATCCATTCGC-1","Pre-B_cell_CD34-","Pre-B_cell_CD34-"
"sam2_ACTGTGATCGACCATA-1","Fibroblasts","Fibroblasts"
"sam2_ACTGTGATCGCTACGG-1","Pre-B_cell_CD34-","Pre-B_cell_CD34-"
"sam2_ACTTAGGAGCTCTATG-1","NK_cell","NK_cell"
"sam2_ACTTAGGAGTCCTACA-1","Macrophage","Macrophage"
"sam2_ACTTAGGCAGAAGCGT-1","NK_cell","NK_cell"
"sam2_ACTTAGGCAGCGTACC-1","BM","BM"
"sam2_ACTTAGGGTATTGGCT-1","Pro-B_cell_CD34+","Pro-B_cell_CD34+"
"sam2_ACTTAGGGTCATACCA-1","NK_cell","NK_cell"
"sam2_ACTTAGGGTCCAGCGT-1","NK_cell","NK_cell"
"sam2_ACTTAGGTCCATTTCA-1","T_cells","T_cells"
"sam2_ACTTAGGTCGGTTCAA-1","NK_cell","NK_cell"
"sam2_ACTTATCAGGGACCAT-1","Macrophage","Macrophage"
"sam2_ACTTATCAGTAGGATT-1","NK_cell","NK_cell"
"sam2_ACTTATCCACGTATAC-1","NK_cell","NK_cell"
"sam2_ACTTATCCAGAGTCAG-1","NK_cell","NK_cell"
"sam2_ACTTATCCATGACAAA-1","T_cells","T_cells"
"sam2_ACTTATCGTATCCTTT-1","Macrophage","Macrophage"
"sam2_ACTTATCGTGCCTTTC-1","Macrophage","Macrophage"
"sam2_ACTTATCTCAAGTCTG-1","Macrophage","Macrophage"
"sam2_ACTTATCTCAGCATTG-1","T_cells","T_cells"
"sam2_ACTTATCTCTACTATC-1","Epithelial_cells","Epithelial_cells"
"sam2_ACTTCCGAGCATGGGT-1","Pre-B_cell_CD34-","Pre-B_cell_CD34-"
"sam2_ACTTCCGAGGGCTGAT-1","Epithelial_cells","Epithelial_cells"
"sam2_ACTTCCGCACAGTCAT-1","HSC_-G-CSF","HSC_-G-CSF"
"sam2_ACTTCCGCACTATCCC-1","Smooth_muscle_cells","Smooth_muscle_cells"
"sam2_ACTTCCGCACTGAGTT-1","T_cells","T_cells"
"sam2_ACTTCCGCATAGAAAC-1","Macrophage","Macrophage"
"sam2_ACTTCCGCATGACGTT-1","Macrophage","Macrophage"
"sam2_ACTTCCGGTAGAGTTA-1","Macrophage","Macrophage"
"sam2_ACTTCCGGTTGTGCAT-1","Macrophage","Macrophage"
"sam2_ACTTCCGTCCACGGGT-1","T_cells","T_cells"
"sam2_ACTTCGCAGACGTCCC-1","Smooth_muscle_cells","Smooth_muscle_cells"
"sam2_ACTTCGCAGTACAGAT-1","HSC_-G-CSF","HSC_-G-CSF"
"sam2_ACTTCGCGTAAGGTCG-1","NK_cell","NK_cell"
"sam2_ACTTCGCGTTACCTTT-1","Epithelial_cells","Epithelial_cells"
"sam2_ACTTCGCTCCAAGAGG-1","NK_cell","NK_cell"
"sam2_ACTTTCAAGCCTCTTC-1","NK_cell","NK_cell"
"sam2_ACTTTCAAGCGGTAGT-1","NK_cell","NK_cell"
"sam2_ACTTTCAAGGTTGCCC-1","Keratinocytes","Keratinocytes"
"sam2_ACTTTCACAAACACGG-1","T_cells","T_cells"
"sam2_ACTTTCACAACACACT-1","Epithelial_cells","Epithelial_cells"
"sam2_ACTTTCACAATCGAAA-1","T_cells","T_cells"
"sam2_ACTTTCACACAGCATT-1","Epithelial_cells","Epithelial_cells"
"sam2_ACTTTCAGTGTGCTTA-1","Fibroblasts","Fibroblasts"
"sam2_ACTTTGTAGCTAGCCC-1","NK_cell","NK_cell"
"sam2_ACTTTGTGTCTCAAGT-1","Monocyte","Monocyte"
"sam2_ACTTTGTGTTGGATCT-1","T_cells","T_cells"
"sam2_ACTTTGTTCACGATAC-1","Macrophage","Macrophage"
"sam2_ACTTTGTTCAGCACCG-1","Fibroblasts","Fibroblasts"
"sam2_AGAAATGAGGGCGAGA-1","NK_cell","NK_cell"
"sam2_AGAAATGCAATTAGGA-1","BM","BM"
"sam2_AGAAATGCACATACTG-1","Smooth_muscle_cells","Smooth_muscle_cells"
"sam2_AGAAATGCAGTATGAA-1","T_cells","T_cells"
"sam2_AGAAATGGTCGTATGT-1","Macrophage","Macrophage"
"sam2_AGAAATGGTGCAGATG-1","Monocyte","Monocyte"
"sam2_AGAAATGGTTACGCCG-1","Macrophage","Macrophage"
"sam2_AGAAATGTCGAACTCA-1","Macrophage","Macrophage"
"sam2_AGAAATGTCTTAGCCC-1","NK_cell","NK_cell"
"sam2_AGAACAACACTACCGG-1","T_cells","T_cells"
"sam2_AGAACAAGTATCTCGA-1","T_cells","T_cells"
"sam2_AGAACAATCAGTCCGG-1","Macrophage","Macrophage"
"sam2_AGAACCTAGACGCTCC-1","Epithelial_cells","Epithelial_cells"
"sam2_AGAACCTAGGCATGGT-1","NK_cell","NK_cell"
"sam2_AGAACCTAGTGCAAAT-1","Smooth_muscle_cells","Smooth_muscle_cells"
"sam2_AGAACCTCAGAGGTAC-1","Macrophage","Macrophage"
"sam2_AGAACCTGTAGTGCGA-1","Epithelial_cells","Epithelial_cells"
"sam2_AGAACCTGTTGCTTGA-1","Embryonic_stem_cells","Embryonic_stem_cells"
"sam2_AGAACCTGTTGGACTT-1","Epithelial_cells","Epithelial_cells"
"sam2_AGAAGCGAGGCCTAGA-1","NK_cell","NK_cell"
"sam2_AGAAGCGAGGCTCTAT-1","Monocyte","Monocyte"
"sam2_AGAAGCGCAGCTTTGA-1","NK_cell","NK_cell"
"sam2_AGAAGCGGTAGGTACG-1","Smooth_muscle_cells","Smooth_muscle_cells"
"sam2_AGAAGCGGTATAGCTC-1","Fibroblasts","Fibroblasts"
"sam2_AGAAGTACAGGTACGA-1","Fibroblasts","Fibroblasts"
"sam2_AGAAGTAGTACCCGCA-1","NK_cell","NK_cell"
"sam2_AGAAGTAGTAGGAGGG-1","Epithelial_cells","Epithelial_cells"
"sam2_AGACAAACACAGTATC-1","HSC_-G-CSF","HSC_-G-CSF"
"sam2_AGACAAACATATCTCT-1","T_cells","T_cells"
"sam2_AGACAAAGTAGCTCGC-1","Macrophage","Macrophage"
"sam2_AGACAAAGTTGCTAGT-1","NK_cell","NK_cell"
"sam2_AGACAAATCAGCTTCC-1","Macrophage","Macrophage"
"sam2_AGACAAATCCGCGAGT-1","NK_cell","NK_cell"
"sam2_AGACAAATCTGGGATT-1","NK_cell","NK_cell"
"sam2_AGACAAATCTGTTCAT-1","CMP","CMP"
"sam2_AGACACTAGGGAGGAC-1","Pro-B_cell_CD34+","Pro-B_cell_CD34+"
"sam2_AGACACTCATGCCGAC-1","Macrophage","Macrophage"
"sam2_AGACACTTCATTTGCT-1","Macrophage","Macrophage"
"sam2_AGACAGGAGAATAACC-1","Macrophage","Macrophage"
"sam2_AGACAGGGTCCTGGGT-1","Epithelial_cells","Epithelial_cells"
"sam2_AGACAGGGTGCCGTTG-1","Myelocyte","Myelocyte"
"sam2_AGACAGGTCAAGCCAT-1","MSC","MSC"
"sam2_AGACAGGTCACGAGGA-1","T_cells","T_cells"
"sam2_AGACAGGTCGGCTGAC-1","Fibroblasts","Fibroblasts"
"sam2_AGACCATAGGATGCGT-1","Epithelial_cells","Epithelial_cells"
"sam2_AGACCATCACCTCTAC-1","Macrophage","Macrophage"
"sam2_AGACCATCAGGCACTC-1","NK_cell","NK_cell"
"sam2_AGACCATGTACTCCCT-1","Macrophage","Macrophage"
"sam2_AGACCATGTAGAGTTA-1","T_cells","T_cells"
"sam2_AGACCATGTGAGTCAG-1","NK_cell","NK_cell"
"sam2_AGACCATGTGCCGTTG-1","T_cells","T_cells"
"sam2_AGACCATGTGCGTGCT-1","NK_cell","NK_cell"
"sam2_AGACCATTCGAAACAA-1","NK_cell","NK_cell"
"sam2_AGACCCGAGGGACCAT-1","NK_cell","NK_cell"
"sam2_AGACCCGAGTGCAGGT-1","T_cells","T_cells"
"sam2_AGACCCGCACTGTTCC-1","Pre-B_cell_CD34-","Pre-B_cell_CD34-"
"sam2_AGACCCGGTTCGGTAT-1","Macrophage","Macrophage"
"sam2_AGACCCGTCCAGCAAT-1","Pre-B_cell_CD34-","Pre-B_cell_CD34-"
"sam2_AGACCCGTCTGTAACG-1","NK_cell","NK_cell"
"sam2_AGACTCAAGCACACAG-1","Macrophage","Macrophage"
"sam2_AGACTCACAAGACTGG-1","Fibroblasts","Fibroblasts"
"sam2_AGACTCACAGTCAACT-1","T_cells","T_cells"
"sam2_AGACTCAGTACCGTGC-1","Smooth_muscle_cells","Smooth_muscle_cells"
"sam2_AGACTCAGTCGCTTGG-1","T_cells","T_cells"
"sam2_AGACTCATCGGAACTT-1","Pro-B_cell_CD34+","Pro-B_cell_CD34+"
"sam2_AGAGAATAGCGTCAGA-1","Pre-B_cell_CD34-","Pre-B_cell_CD34-"
"sam2_AGAGAATCAATAGTAG-1","Macrophage","Macrophage"
"sam2_AGAGAATGTCTGCATA-1","Fibroblasts","Fibroblasts"
"sam2_AGAGAATGTTAGGAGC-1","NK_cell","NK_cell"
"sam2_AGAGAATTCTAGTCAG-1","HSC_-G-CSF","HSC_-G-CSF"
"sam2_AGAGAGCAGCATCCTA-1","Macrophage","Macrophage"
"sam2_AGAGAGCAGTGGACGT-1","NK_cell","NK_cell"
"sam2_AGAGAGCCAATCTGCA-1","Smooth_muscle_cells","Smooth_muscle_cells"
"sam2_AGAGAGCCACACACTA-1","T_cells","T_cells"
"sam2_AGAGAGCCACTTGGCG-1","Pre-B_cell_CD34-","Pre-B_cell_CD34-"
"sam2_AGAGAGCGTACTGAGG-1","T_cells","T_cells"
"sam2_AGAGAGCGTTACCTGA-1","NK_cell","NK_cell"
"sam2_AGAGAGCTCACGGACC-1","Monocyte","Monocyte"
"sam2_AGAGAGCTCGCCTAGG-1","T_cells","T_cells"
"sam2_AGAGAGCTCTAAGCCA-1","Macrophage","Macrophage"
"sam2_AGAGAGCTCTCAGAAC-1","Fibroblasts","Fibroblasts"
"sam2_AGAGCAGCACAGAGAC-1","Smooth_muscle_cells","Smooth_muscle_cells"
"sam2_AGAGCAGTCTACGGGC-1","Macrophage","Macrophage"
"sam2_AGAGCCCAGACAACAT-1","Epithelial_cells","Epithelial_cells"
"sam2_AGAGCCCCAGATTTCG-1","Macrophage","Macrophage"
"sam2_AGAGCCCCAGTAACCT-1","Macrophage","Macrophage"
"sam2_AGAGCCCGTGACCGTC-1","Macrophage","Macrophage"
"sam2_AGAGCCCTCTTCTCAA-1","NK_cell","NK_cell"
"sam2_AGATAGAAGACCAGCA-1","T_cells","T_cells"
"sam2_AGATAGAAGATGTTCC-1","T_cells","T_cells"
"sam2_AGATAGACAACACGAG-1","Pre-B_cell_CD34-","Pre-B_cell_CD34-"
"sam2_AGATAGAGTAACGTTC-1","Fibroblasts","Fibroblasts"
"sam2_AGATAGAGTACTCCCT-1","NK_cell","NK_cell"
"sam2_AGATAGAGTCGTCATA-1","NK_cell","NK_cell"
"sam2_AGATAGATCTTGGTCC-1","NK_cell","NK_cell"
"sam2_AGATCCAAGCTATCCA-1","T_cells","T_cells"
"sam2_AGATCCAGTAACCAGG-1","Fibroblasts","Fibroblasts"
"sam2_AGATCCATCGCGCCAA-1","NK_cell","NK_cell"
"sam2_AGATCCATCGTCTAAG-1","B_cell","B_cell"
"sam2_AGATCGTGTGCCTTCT-1","Fibroblasts","Fibroblasts"
"sam2_AGATCGTTCTGTCGCT-1","NK_cell","NK_cell"
"sam2_AGATGAAAGAGGTCGT-1","HSC_-G-CSF","HSC_-G-CSF"
"sam2_AGATGAAAGTGGATAT-1","NK_cell","NK_cell"
"sam2_AGATGAACAGAGTCTT-1","BM","BM"
"sam2_AGATGAAGTACATTGC-1","Fibroblasts","Unassigned"
"sam2_AGATGAAGTATGCTAC-1","NK_cell","NK_cell"
"sam2_AGATGAAGTTGCTTGA-1","Fibroblasts","Fibroblasts"
"sam2_AGATGAATCGATACAC-1","NK_cell","NK_cell"
"sam2_AGATGAATCTGCCTCA-1","Pre-B_cell_CD34-","Pre-B_cell_CD34-"
"sam2_AGATGCTCACTAACGT-1","Fibroblasts","Fibroblasts"
"sam2_AGATGCTCATCTGCGG-1","T_cells","T_cells"
"sam2_AGCATCAAGGTTCCAT-1","Chondrocytes","Chondrocytes"
"sam2_AGCATCAAGTTTGGCT-1","T_cells","T_cells"
"sam2_AGCATCAGTTTATGCG-1","Macrophage","Macrophage"
"sam2_AGCATCATCAAGCTTG-1","Pro-B_cell_CD34+","Pro-B_cell_CD34+"
"sam2_AGCATCATCGTGCACG-1","Smooth_muscle_cells","Smooth_muscle_cells"
"sam2_AGCATCATCTATGCCC-1","BM","BM"
"sam2_AGCCAATAGCGAGAAA-1","T_cells","T_cells"
"sam2_AGCCAATAGCGAGGAG-1","Pro-B_cell_CD34+","Pro-B_cell_CD34+"
"sam2_AGCCAATCAAGATTGA-1","NK_cell","NK_cell"
"sam2_AGCCAATGTTGCTAGT-1","Endothelial_cells","Endothelial_cells"
"sam2_AGCCAATTCCTTCACG-1","Smooth_muscle_cells","Smooth_muscle_cells"
"sam2_AGCCAATTCGGCCAAC-1","Macrophage","Macrophage"
"sam2_AGCCACGCAAGGCGTA-1","Pre-B_cell_CD34-","Pre-B_cell_CD34-"
"sam2_AGCCACGCAATCGCGC-1","Macrophage","Macrophage"
"sam2_AGCCACGGTGGTCAAG-1","T_cells","T_cells"
"sam2_AGCCACGGTTATCCAG-1","Smooth_muscle_cells","Smooth_muscle_cells"
"sam2_AGCCACGGTTCTCTAT-1","NK_cell","NK_cell"
"sam2_AGCCACGTCATCAGTG-1","NK_cell","NK_cell"
"sam2_AGCCAGCAGCACAAAT-1","T_cells","T_cells"
"sam2_AGCCAGCAGTCTTCGA-1","T_cells","T_cells"
"sam2_AGCCAGCCAATTGCCA-1","BM","BM"
"sam2_AGCCAGCCATCGATCA-1","T_cells","T_cells"
"sam2_AGCCAGCCATCTATCT-1","NK_cell","NK_cell"
"sam2_AGCCAGCGTACGCGTC-1","Epithelial_cells","Epithelial_cells"
"sam2_AGCCAGCGTCGGAAAC-1","Macrophage","Macrophage"
"sam2_AGCCAGCGTGCTCTCT-1","T_cells","T_cells"
"sam2_AGCCAGCTCCTGATAG-1","T_cells","T_cells"
"sam2_AGCGATTAGCCACAAG-1","Monocyte","Monocyte"
"sam2_AGCGATTAGGCTTAAA-1","HSC_CD34+","HSC_CD34+"
"sam2_AGCGATTCACCCTATC-1","GMP","GMP"
"sam2_AGCGATTCACTACCGG-1","Chondrocytes","Chondrocytes"
"sam2_AGCGATTCAGTGAGCA-1","NK_cell","NK_cell"
"sam2_AGCGATTCATTGAGGG-1","Epithelial_cells","Epithelial_cells"
"sam2_AGCGATTGTCCACTCT-1","Smooth_muscle_cells","Smooth_muscle_cells"
"sam2_AGCGATTGTGCAGTGA-1","Fibroblasts","Fibroblasts"
"sam2_AGCGCCAAGAAACCCG-1","Macrophage","Macrophage"
"sam2_AGCGCCAAGCCTGGAA-1","NK_cell","NK_cell"
"sam2_AGCGCCACAAGTGACG-1","NK_cell","NK_cell"
"sam2_AGCGCCACACGACAGA-1","T_cells","T_cells"
"sam2_AGCGCCATCCGATTAG-1","Epithelial_cells","Epithelial_cells"
"sam2_AGCGCTGCACCCTGTT-1","Macrophage","Macrophage"
"sam2_AGCGCTGGTAGGTCAG-1","Monocyte","Monocyte"
"sam2_AGCGCTGGTCGGAAAC-1","Fibroblasts","Fibroblasts"
"sam2_AGCGCTGGTCTTTATC-1","NK_cell","NK_cell"
"sam2_AGCGTATAGCCATGCC-1","Macrophage","Macrophage"
"sam2_AGCGTATAGTCTACCA-1","Macrophage","Macrophage"
"sam2_AGCGTATGTAGCTTGT-1","Smooth_muscle_cells","Smooth_muscle_cells"
"sam2_AGCGTATGTTCACCGG-1","Macrophage","Macrophage"
"sam2_AGCGTATTCAGTGGGA-1","T_cells","T_cells"
"sam2_AGCGTCGCAAGAGAGA-1","Fibroblasts","Fibroblasts"
"sam2_AGCGTCGGTCCAGGTC-1","Fibroblasts","Fibroblasts"
"sam2_AGCTACAAGGAGATAG-1","NK_cell","NK_cell"
"sam2_AGCTACACACTTACAG-1","Macrophage","Macrophage"
"sam2_AGCTACAGTGCTCGTG-1","Epithelial_cells","Epithelial_cells"
"sam2_AGCTACAGTTCTAAGC-1","NK_cell","NK_cell"
"sam2_AGCTACATCGAAGCAG-1","HSC_-G-CSF","HSC_-G-CSF"
"sam2_AGCTACATCTATCGCC-1","T_cells","T_cells"
"sam2_AGCTACATCTCACTCG-1","NK_cell","NK_cell"
"sam2_AGCTCAAGTGACTAAA-1","NK_cell","NK_cell"
"sam2_AGCTCAAGTTACCTTT-1","T_cells","T_cells"
"sam2_AGCTCAATCGCAGATT-1","HSC_-G-CSF","HSC_-G-CSF"
"sam2_AGCTCAATCGGACAAG-1","BM","BM"
"sam2_AGCTTCCAGGCCCGTT-1","T_cells","T_cells"
"sam2_AGCTTCCCACGACGCT-1","NK_cell","NK_cell"
"sam2_AGCTTCCCATCGGATT-1","Monocyte","Monocyte"
"sam2_AGCTTCCGTAGCTGTT-1","Chondrocytes","Chondrocytes"
"sam2_AGCTTCCGTTCAGCGC-1","NK_cell","NK_cell"
"sam2_AGGAAATAGAGATTCA-1","Macrophage","Macrophage"
"sam2_AGGAAATAGCCGCTTG-1","MSC","MSC"
"sam2_AGGAAATAGGTCCCGT-1","Macrophage","Macrophage"
"sam2_AGGAAATCAACCCGCA-1","Epithelial_cells","Epithelial_cells"
"sam2_AGGAAATCAGGCACTC-1","Macrophage","Macrophage"
"sam2_AGGAAATGTTCTTGCC-1","Fibroblasts","Fibroblasts"
"sam2_AGGAAATTCAGTGTGT-1","T_cells","T_cells"
"sam2_AGGAAATTCCGGACGT-1","T_cells","T_cells"
"sam2_AGGAATAAGGGCAAGG-1","NK_cell","NK_cell"
"sam2_AGGAATACACGGAAGT-1","MSC","MSC"
"sam2_AGGAATACAGGGTCTC-1","Epithelial_cells","Epithelial_cells"
"sam2_AGGAATACAGGTTACT-1","Smooth_muscle_cells","Smooth_muscle_cells"
"sam2_AGGAATACAGTAACGG-1","MSC","MSC"
"sam2_AGGAATAGTCGCATTA-1","T_cells","T_cells"
"sam2_AGGAATAGTGGTACAG-1","T_cells","T_cells"
"sam2_AGGACGAAGGAAGTAG-1","Macrophage","Macrophage"
"sam2_AGGACGACAACGTTAC-1","iPS_cells","iPS_cells"
"sam2_AGGACGACACGCGTGT-1","NK_cell","NK_cell"
"sam2_AGGACGAGTTATAGAG-1","MSC","MSC"
"sam2_AGGACGATCAACGTGT-1","Macrophage","Macrophage"
"sam2_AGGACGATCATCGCTC-1","Macrophage","Macrophage"
"sam2_AGGACGATCGAACACT-1","Macrophage","Macrophage"
"sam2_AGGACTTGTACCTATG-1","Keratinocytes","Keratinocytes"
"sam2_AGGACTTGTCCAGCGT-1","Macrophage","Macrophage"
"sam2_AGGAGGTCAAACTAGA-1","NK_cell","NK_cell"
"sam2_AGGAGGTGTAGACAGC-1","Macrophage","Macrophage"
"sam2_AGGAGGTTCAGTCATG-1","NK_cell","NK_cell"
"sam2_AGGATAAAGCATGATA-1","T_cells","T_cells"
"sam2_AGGATAACAACTCATG-1","NK_cell","NK_cell"
"sam2_AGGATAAGTACAGAAT-1","Fibroblasts","Fibroblasts"
"sam2_AGGATAAGTTACACAC-1","HSC_-G-CSF","HSC_-G-CSF"
"sam2_AGGATCTAGACTTCAC-1","T_cells","T_cells"
"sam2_AGGATCTCAAAGCACG-1","T_cells","T_cells"
"sam2_AGGATCTCAATTTCCT-1","Chondrocytes","Chondrocytes"
"sam2_AGGATCTCACTGCGTG-1","NK_cell","NK_cell"
"sam2_AGGATCTGTAACAAGT-1","T_cells","T_cells"
"sam2_AGGATCTGTGACTCGC-1","Epithelial_cells","Epithelial_cells"
"sam2_AGGATCTGTGTAGCAG-1","Fibroblasts","Fibroblasts"
"sam2_AGGATCTGTTAAAGTG-1","Epithelial_cells","Epithelial_cells"
"sam2_AGGCATTAGCGATGCA-1","Smooth_muscle_cells","Smooth_muscle_cells"
"sam2_AGGCATTCATATCGGT-1","T_cells","T_cells"
"sam2_AGGCATTGTATTTCCT-1","Fibroblasts","Fibroblasts"
"sam2_AGGCATTGTCATTCCC-1","Macrophage","Macrophage"
"sam2_AGGCATTGTCGTATGT-1","NK_cell","NK_cell"
"sam2_AGGCATTTCGTCGCTT-1","T_cells","T_cells"
"sam2_AGGCCACAGAACAGGA-1","Macrophage","Macrophage"
"sam2_AGGCCACAGCTCTATG-1","NK_cell","NK_cell"
"sam2_AGGCCACCACAGCCAC-1","NK_cell","NK_cell"
"sam2_AGGCCACCATCAGCTA-1","NK_cell","NK_cell"
"sam2_AGGCCACGTTCGGTCG-1","NK_cell","NK_cell"
"sam2_AGGCCACGTTGCTGAT-1","NK_cell","NK_cell"
"sam2_AGGCCACTCCTGCCAT-1","GMP","GMP"
"sam2_AGGCTGCAGCTTAAGA-1","Fibroblasts","Fibroblasts"
"sam2_AGGCTGCCAACCGTGC-1","Epithelial_cells","Epithelial_cells"
"sam2_AGGCTGCCAGCGATTT-1","Pro-B_cell_CD34+","Pro-B_cell_CD34+"
"sam2_AGGCTGCCATCAGCTA-1","Chondrocytes","Chondrocytes"
"sam2_AGGCTGCTCTAGTGTG-1","T_cells","T_cells"
"sam2_AGGCTGCTCTGACCCT-1","Fibroblasts","Fibroblasts"
"sam2_AGGGAGTAGCATGATA-1","NK_cell","NK_cell"
"sam2_AGGGAGTGTGGAAATT-1","T_cells","T_cells"
"sam2_AGGGAGTTCCATTGCC-1","Fibroblasts","Fibroblasts"
"sam2_AGGGAGTTCTAGTACG-1","Macrophage","Macrophage"
"sam2_AGGGAGTTCTCCGAGG-1","Smooth_muscle_cells","Smooth_muscle_cells"
"sam2_AGGGAGTTCTCTCGCA-1","Chondrocytes","Chondrocytes"
"sam2_AGGGCCTAGAGAGCGG-1","Pre-B_cell_CD34-","Pre-B_cell_CD34-"
"sam2_AGGGCCTAGCCATTTG-1","T_cells","T_cells"
"sam2_AGGGCCTCAAGAAACT-1","T_cells","T_cells"
"sam2_AGGGCCTGTAGGCTCC-1","T_cells","T_cells"
"sam2_AGGGCCTGTGGTTTAC-1","GMP","GMP"
"sam2_AGGGCCTGTTTGTTGG-1","DC","DC"
"sam2_AGGGCCTTCGAACCTA-1","Pro-B_cell_CD34+","Pro-B_cell_CD34+"
"sam2_AGGGCCTTCGCTATTT-1","NK_cell","NK_cell"
"sam2_AGGGCTCAGATTAGAC-1","NK_cell","NK_cell"
"sam2_AGGGCTCAGCTGCCAC-1","Epithelial_cells","Epithelial_cells"
"sam2_AGGGCTCAGTAACGAT-1","MEP","MEP"
"sam2_AGGGCTCCAACCGCCA-1","T_cells","T_cells"
"sam2_AGGGCTCGTACGAAAT-1","Pre-B_cell_CD34-","Pre-B_cell_CD34-"
"sam2_AGGGCTCGTAGGATAT-1","Macrophage","Macrophage"
"sam2_AGGGCTCGTATCGCGC-1","Macrophage","Macrophage"
"sam2_AGGGCTCTCTCTAGGA-1","Pre-B_cell_CD34-","Pre-B_cell_CD34-"
"sam2_AGGGCTCTCTGGGCAC-1","T_cells","T_cells"
"sam2_AGGGTCCAGGTAAACT-1","Monocyte","Monocyte"
"sam2_AGGGTCCCAATCACGT-1","CMP","CMP"
"sam2_AGGGTCCGTAAGGCTG-1","Monocyte","Monocyte"
"sam2_AGGGTCCGTTACCCAA-1","GMP","GMP"
"sam2_AGGGTCCTCTCATTTG-1","NK_cell","NK_cell"
"sam2_AGGGTGACAAGATCCT-1","NK_cell","NK_cell"
"sam2_AGGGTGACAGAGGGTT-1","Macrophage","Macrophage"
"sam2_AGGGTGACATCTTTCA-1","Macrophage","Macrophage"
"sam2_AGGGTGAGTGCAGGAT-1","Macrophage","Macrophage"
"sam2_AGGGTGATCGCTATTT-1","CMP","CMP"
"sam2_AGGGTGATCTGTCTCG-1","NK_cell","NK_cell"
"sam2_AGGGTTTAGCCTCAGC-1","Smooth_muscle_cells","Smooth_muscle_cells"
"sam2_AGGGTTTAGGAAGTCC-1","Neurons","Neurons"
"sam2_AGGGTTTAGTGGATAT-1","Fibroblasts","Fibroblasts"
"sam2_AGGGTTTAGTGTAGAT-1","Pre-B_cell_CD34-","Pre-B_cell_CD34-"
"sam2_AGGGTTTGTCAGATTC-1","Fibroblasts","Fibroblasts"
"sam2_AGGGTTTGTGGGAGAG-1","Fibroblasts","Fibroblasts"
"sam2_AGGGTTTGTTGCAAGG-1","T_cells","T_cells"
"sam2_AGGGTTTGTTGGAGGT-1","HSC_-G-CSF","HSC_-G-CSF"
"sam2_AGGGTTTTCTGCGATA-1","Macrophage","Macrophage"
"sam2_AGGTAGGAGCATCAGG-1","T_cells","T_cells"
"sam2_AGGTAGGTCCGCCTAT-1","Fibroblasts","Fibroblasts"
"sam2_AGGTCATAGCATCCTA-1","Macrophage","Macrophage"
"sam2_AGGTCATAGGATAATC-1","NK_cell","NK_cell"
"sam2_AGGTCATAGGCCCAAA-1","B_cell","B_cell"
"sam2_AGGTCATAGGCTCTAT-1","Chondrocytes","Chondrocytes"
"sam2_AGGTCATCACGGAAGT-1","NK_cell","NK_cell"
"sam2_AGGTCATCATGCCGCA-1","NK_cell","NK_cell"
"sam2_AGGTCATGTAATTGGA-1","HSC_-G-CSF","HSC_-G-CSF"
"sam2_AGGTCATGTAGAGACC-1","T_cells","T_cells"
"sam2_AGGTCATGTCCACATA-1","NK_cell","NK_cell"
"sam2_AGGTCATGTGGATTTC-1","T_cells","T_cells"
"sam2_AGGTCATTCTGCGATA-1","NK_cell","NK_cell"
"sam2_AGGTCTAAGAACCGCA-1","NK_cell","NK_cell"
"sam2_AGGTCTAAGCTAGAGC-1","Macrophage","Macrophage"
"sam2_AGGTCTACAATTCGTG-1","T_cells","T_cells"
"sam2_AGGTCTACATCAGCTA-1","Macrophage","Macrophage"
"sam2_AGGTGTTAGGGATCGT-1","NK_cell","NK_cell"
"sam2_AGGTGTTCATCATCCC-1","Macrophage","Macrophage"
"sam2_AGGTGTTGTGTAAACA-1","T_cells","T_cells"
"sam2_AGGTGTTGTTATCCAG-1","HSC_-G-CSF","HSC_-G-CSF"
"sam2_AGGTGTTTCCATCTGC-1","GMP","GMP"
"sam2_AGGTGTTTCCGATCTC-1","BM","BM"
"sam2_AGGTTACCATCTCGTC-1","Smooth_muscle_cells","Smooth_muscle_cells"
"sam2_AGGTTACGTGACAGGT-1","Fibroblasts","Fibroblasts"
"sam2_AGGTTACTCAAGCCAT-1","Macrophage","Macrophage"
"sam2_AGGTTACTCACAAGAA-1","Smooth_muscle_cells","Smooth_muscle_cells"
"sam2_AGGTTACTCTCTGCCA-1","T_cells","T_cells"
"sam2_AGGTTGTCAACCAATC-1","T_cells","T_cells"
"sam2_AGGTTGTCAATCCTAG-1","DC","DC"
"sam2_AGGTTGTCAGACATCT-1","NK_cell","NK_cell"
"sam2_AGGTTGTCAGGCTCTG-1","Monocyte","Monocyte"
"sam2_AGGTTGTCATGAAGCG-1","NK_cell","NK_cell"
"sam2_AGGTTGTCATGGGATG-1","Smooth_muscle_cells","Smooth_muscle_cells"
"sam2_AGGTTGTTCCATCGTC-1","Epithelial_cells","Epithelial_cells"
"sam2_AGGTTGTTCTCATGGA-1","T_cells","T_cells"
"sam2_AGGTTGTTCTCTGCTG-1","NK_cell","NK_cell"
"sam2_AGTAACCCAGATCATC-1","Pre-B_cell_CD34-","Pre-B_cell_CD34-"
"sam2_AGTAACCCATCCGGTG-1","T_cells","T_cells"
"sam2_AGTAACCCATCGTCCT-1","Macrophage","Macrophage"
"sam2_AGTAACCTCTCGTCGT-1","Macrophage","Macrophage"
"sam2_AGTACCAAGCAGCCTC-1","Macrophage","Macrophage"
"sam2_AGTACCAAGCTTTGTG-1","Macrophage","Macrophage"
"sam2_AGTACCAGTTACCGTA-1","Pre-B_cell_CD34-","Pre-B_cell_CD34-"
"sam2_AGTACCATCAGGAGAC-1","Macrophage","Macrophage"
"sam2_AGTACCATCCTTTAGT-1","Fibroblasts","Fibroblasts"
"sam2_AGTACTGAGAATTGCA-1","T_cells","T_cells"
"sam2_AGTACTGAGACGTCCC-1","Pre-B_cell_CD34-","Pre-B_cell_CD34-"
"sam2_AGTACTGCAACACGAG-1","T_cells","T_cells"
"sam2_AGTACTGCAAGTGCTT-1","Pre-B_cell_CD34-","Pre-B_cell_CD34-"
"sam2_AGTACTGCACTACACA-1","Macrophage","Macrophage"
"sam2_AGTACTGTCAACGAGG-1","MSC","MSC"
"sam2_AGTACTGTCCGTGGGT-1","NK_cell","NK_cell"
"sam2_AGTAGCTAGAGATCGC-1","Epithelial_cells","Epithelial_cells"
"sam2_AGTAGCTAGCCGAATG-1","Pre-B_cell_CD34-","Pre-B_cell_CD34-"
"sam2_AGTAGCTGTTCGTAAC-1","NK_cell","NK_cell"
"sam2_AGTAGCTTCGCCGATG-1","NK_cell","NK_cell"
"sam2_AGTAGTCGTCAGACTT-1","Macrophage","Macrophage"
"sam2_AGTAGTCGTTCCGCGA-1","Smooth_muscle_cells","Smooth_muscle_cells"
"sam2_AGTAGTCTCCATTTGT-1","Macrophage","Macrophage"
"sam2_AGTAGTCTCTTTGCGC-1","NK_cell","NK_cell"
"sam2_AGTCAACAGCGTTCAT-1","NK_cell","NK_cell"
"sam2_AGTCAACAGGTCATAA-1","T_cells","T_cells"
"sam2_AGTCAACAGTGATCGG-1","Epithelial_cells","Epithelial_cells"
"sam2_AGTCAACGTAATTAGG-1","NK_cell","NK_cell"
"sam2_AGTCAACGTATTTCTC-1","Epithelial_cells","Epithelial_cells"
"sam2_AGTCAACTCTATCGGA-1","Macrophage","Macrophage"
"sam2_AGTCACAAGAGCAGAA-1","NK_cell","NK_cell"
"sam2_AGTCACAAGAGTACCG-1","Epithelial_cells","Epithelial_cells"
"sam2_AGTCACAAGCCATTCA-1","Epithelial_cells","Epithelial_cells"
"sam2_AGTCACAAGCGTATGG-1","Epithelial_cells","Epithelial_cells"
"sam2_AGTCACAAGTGTAGTA-1","Epithelial_cells","Epithelial_cells"
"sam2_AGTCACACACTAACGT-1","Macrophage","Macrophage"
"sam2_AGTCACACAGAGACTG-1","NK_cell","NK_cell"
"sam2_AGTCACACATCATCCC-1","T_cells","T_cells"
"sam2_AGTCACAGTTGGAGGT-1","Macrophage","Macrophage"
"sam2_AGTCACATCCGGCAAC-1","T_cells","T_cells"
"sam2_AGTCATGGTCGCCTAG-1","Fibroblasts","Fibroblasts"
"sam2_AGTCATGTCGTGGTAT-1","Pre-B_cell_CD34-","Pre-B_cell_CD34-"
"sam2_AGTCATGTCTCCATAT-1","T_cells","T_cells"
"sam2_AGTCTCCAGGCATCAG-1","Pre-B_cell_CD34-","Pre-B_cell_CD34-"
"sam2_AGTCTCCAGTTACTCG-1","Macrophage","Macrophage"
"sam2_AGTCTCCTCGCAGTCG-1","Macrophage","Macrophage"
"sam2_AGTCTCCTCGTTGTGA-1","T_cells","T_cells"
"sam2_AGTGACTCAGGGTTGA-1","Macrophage","Macrophage"
"sam2_AGTGACTGTGGCTTAT-1","NK_cell","NK_cell"
"sam2_AGTGACTTCACGTCCT-1","Macrophage","Macrophage"
"sam2_AGTGACTTCAGAGCGA-1","DC","DC"
"sam2_AGTGACTTCAGCGGAA-1","Macrophage","Macrophage"
"sam2_AGTGACTTCGCTATTT-1","T_cells","T_cells"
"sam2_AGTGACTTCGGCATTA-1","Pre-B_cell_CD34-","Pre-B_cell_CD34-"
"sam2_AGTGATCAGCTTGTTG-1","T_cells","T_cells"
"sam2_AGTGATCAGTATTCCG-1","Smooth_muscle_cells","Smooth_muscle_cells"
"sam2_AGTGATCAGTCCCGGT-1","Macrophage","Macrophage"
"sam2_AGTGATCCAATCTCTT-1","Pro-B_cell_CD34+","Pro-B_cell_CD34+"
"sam2_AGTGATCCACCACATA-1","T_cells","T_cells"
"sam2_AGTGATCGTGAGATAT-1","Fibroblasts","Fibroblasts"
"sam2_AGTGCCGAGCGTTCAT-1","NK_cell","NK_cell"
"sam2_AGTGCCGAGGACGCTA-1","Neutrophils","Neutrophils"
"sam2_AGTGCCGAGGTGCCAA-1","Pro-B_cell_CD34+","Pro-B_cell_CD34+"
"sam2_AGTGCCGCATGTCTAG-1","T_cells","T_cells"
"sam2_AGTGCCGCATTGACCA-1","Epithelial_cells","Epithelial_cells"
"sam2_AGTGCCGGTACAGTCT-1","T_cells","T_cells"
"sam2_AGTGCCGGTCACTCAA-1","T_cells","T_cells"
"sam2_AGTGCCGTCACTGATG-1","Hepatocytes","Hepatocytes"
"sam2_AGTGTTGAGACCTGGA-1","T_cells","T_cells"
"sam2_AGTGTTGCAACACTAC-1","Smooth_muscle_cells","Smooth_muscle_cells"
"sam2_AGTGTTGCACTCTAGA-1","Fibroblasts","Fibroblasts"
"sam2_AGTGTTGCAGTCAGTT-1","NK_cell","NK_cell"
"sam2_AGTGTTGCATCCGGTG-1","Smooth_muscle_cells","Smooth_muscle_cells"
"sam2_AGTTAGCAGACGATAT-1","Smooth_muscle_cells","Smooth_muscle_cells"
"sam2_AGTTAGCAGGATTCCT-1","Pre-B_cell_CD34-","Pre-B_cell_CD34-"
"sam2_AGTTAGCAGTAACGTA-1","NK_cell","NK_cell"
"sam2_AGTTAGCCACCCTCTA-1","NK_cell","NK_cell"
"sam2_AGTTAGCGTTCGGGTC-1","NK_cell","NK_cell"
"sam2_AGTTAGCGTTCGTAAC-1","T_cells","T_cells"
"sam2_AGTTCCCAGACAACTA-1","T_cells","T_cells"
"sam2_AGTTCCCAGCAGCCTC-1","Epithelial_cells","Epithelial_cells"
"sam2_AGTTCCCCACAGTCGC-1","Monocyte","Monocyte"
"sam2_AGTTCCCGTAGACAAT-1","B_cell","B_cell"
"sam2_AGTTCCCGTAGTGTGG-1","NK_cell","NK_cell"
"sam2_AGTTCCCTCATTACTC-1","GMP","GMP"
"sam2_AGTTCGACAAGGCTTT-1","T_cells","T_cells"
"sam2_AGTTCGATCACCGCTT-1","Smooth_muscle_cells","Smooth_muscle_cells"
"sam2_AGTTCGATCCCAGGCA-1","NK_cell","NK_cell"
"sam2_ATACCGAAGGCAGCTA-1","T_cells","T_cells"
"sam2_ATACCGACAACAGAGC-1","Epithelial_cells","Epithelial_cells"
"sam2_ATACCGACAGACTGCC-1","Macrophage","Macrophage"
"sam2_ATACCGACATGGCCCA-1","B_cell","B_cell"
"sam2_ATACCGAGTCGCCACA-1","T_cells","T_cells"
"sam2_ATACCGATCATCCTAT-1","Pre-B_cell_CD34-","Pre-B_cell_CD34-"
"sam2_ATACCGATCATTGTTC-1","Fibroblasts","Fibroblasts"
"sam2_ATACCGATCCGGCTTT-1","Macrophage","Macrophage"
"sam2_ATACCTTAGAGCAAGA-1","Fibroblasts","Fibroblasts"
"sam2_ATACCTTAGCGTGTCC-1","Smooth_muscle_cells","Smooth_muscle_cells"
"sam2_ATACCTTAGTCGCTAT-1","T_cells","T_cells"
"sam2_ATACCTTAGTTCAACC-1","Macrophage","Macrophage"
"sam2_ATACCTTCATCGAACT-1","CMP","CMP"
"sam2_ATACCTTGTCTTGGTA-1","Pre-B_cell_CD34-","Pre-B_cell_CD34-"
"sam2_ATACTTCCAACTCCCT-1","Keratinocytes","Keratinocytes"
"sam2_ATACTTCCAGTGTGCC-1","Macrophage","Macrophage"
"sam2_ATACTTCCAGTTGTCA-1","HSC_-G-CSF","HSC_-G-CSF"
"sam2_ATACTTCGTTAGTTCG-1","T_cells","T_cells"
"sam2_ATACTTCTCCGAGGCT-1","T_cells","T_cells"
"sam2_ATACTTCTCCGTCAAA-1","Macrophage","Macrophage"
"sam2_ATACTTCTCGAGCCAC-1","Chondrocytes","Chondrocytes"
"sam2_ATAGACCAGCGTTCCG-1","Macrophage","Macrophage"
"sam2_ATAGACCCAATCGAAA-1","NK_cell","NK_cell"
"sam2_ATAGACCCACACCGAC-1","HSC_-G-CSF","HSC_-G-CSF"
"sam2_ATAGACCCAGTCTACA-1","NK_cell","NK_cell"
"sam2_ATAGACCCATAGGAGC-1","NK_cell","NK_cell"
"sam2_ATAGACCGTCATAGTC-1","NK_cell","NK_cell"
"sam2_ATAGACCGTCTCGGAC-1","NK_cell","NK_cell"
"sam2_ATAGACCGTGTGTACT-1","Macrophage","Macrophage"
"sam2_ATAGACCTCACCACAA-1","NK_cell","NK_cell"
"sam2_ATAGACCTCAGGACAG-1","Epithelial_cells","Epithelial_cells"
"sam2_ATAGACCTCCGCACTT-1","Macrophage","Macrophage"
"sam2_ATAGACCTCCGTACGG-1","Fibroblasts","Fibroblasts"
"sam2_ATAGAGAAGCACCGTC-1","Macrophage","Macrophage"
"sam2_ATAGAGAAGGATGTTA-1","Epithelial_cells","Epithelial_cells"
"sam2_ATAGAGAAGTAGTCTC-1","Smooth_muscle_cells","Smooth_muscle_cells"
"sam2_ATAGAGAAGTTGAAGT-1","Epithelial_cells","Epithelial_cells"
"sam2_ATAGAGACAAGCAATA-1","Pro-Myelocyte","Pro-Myelocyte"
"sam2_ATAGAGACAGTAGATA-1","Pro-Myelocyte","Pro-Myelocyte"
"sam2_ATAGAGAGTCAGCTTA-1","Fibroblasts","Fibroblasts"
"sam2_ATAGAGATCCGTGGCA-1","Fibroblasts","Fibroblasts"
"sam2_ATAGAGATCGCTAAAC-1","Smooth_muscle_cells","Smooth_muscle_cells"
"sam2_ATAGGCTCACGACGCT-1","T_cells","T_cells"
"sam2_ATAGGCTCACGTCGTG-1","Pre-B_cell_CD34-","Pre-B_cell_CD34-"
"sam2_ATAGGCTCAGAGGTAC-1","Fibroblasts","Fibroblasts"
"sam2_ATAGGCTGTACTAACC-1","T_cells","T_cells"
"sam2_ATAGGCTGTTACCGTA-1","Keratinocytes","Keratinocytes"
"sam2_ATAGGCTTCGCCTAGG-1","T_cells","T_cells"
"sam2_ATATCCTAGACCTTTG-1","Macrophage","Macrophage"
"sam2_ATATCCTAGGACACTG-1","Fibroblasts","Fibroblasts"
"sam2_ATATCCTCAAACACGG-1","NK_cell","NK_cell"
"sam2_ATATCCTCAATCGAAA-1","Macrophage","Macrophage"
"sam2_ATATCCTTCGACTCCT-1","Smooth_muscle_cells","Unassigned"
"sam2_ATCACAGCACTGTCCT-1","Fibroblasts","Fibroblasts"
"sam2_ATCACAGCATAGGTAA-1","NK_cell","NK_cell"
"sam2_ATCACAGGTACCTTCC-1","Smooth_muscle_cells","Smooth_muscle_cells"
"sam2_ATCACAGTCGCTCATC-1","Smooth_muscle_cells","Smooth_muscle_cells"
"sam2_ATCACAGTCTGCGATA-1","Fibroblasts","Fibroblasts"
"sam2_ATCACGACAAGATGGC-1","NK_cell","NK_cell"
"sam2_ATCACGACAGCTATTG-1","NK_cell","NK_cell"
"sam2_ATCACGACAGGAGGTT-1","Macrophage","Macrophage"
"sam2_ATCACGACAGGGATAC-1","T_cells","T_cells"
"sam2_ATCACGAGTACCCACG-1","T_cells","T_cells"
"sam2_ATCACGAGTTCTTGCC-1","Macrophage","Macrophage"
"sam2_ATCACGATCACGACTA-1","Neutrophils","Neutrophils"
"sam2_ATCACGATCCAACACA-1","BM","BM"
"sam2_ATCACGATCGACGTCG-1","Macrophage","Macrophage"
"sam2_ATCACGATCGCCAATA-1","Fibroblasts","Unassigned"
"sam2_ATCACGATCTTCTGGC-1","T_cells","T_cells"
"sam2_ATCACTTAGCTCTTCC-1","T_cells","T_cells"
"sam2_ATCACTTCATAATCCG-1","T_cells","T_cells"
"sam2_ATCACTTGTGAGCGAT-1","Macrophage","Macrophage"
"sam2_ATCACTTGTGCGTCGT-1","Epithelial_cells","Epithelial_cells"
"sam2_ATCACTTTCATTGGTG-1","NK_cell","NK_cell"
"sam2_ATCACTTTCCGCCTAT-1","NK_cell","NK_cell"
"sam2_ATCACTTTCTCCCATG-1","DC","DC"
"sam2_ATCACTTTCTGGGCAC-1","Macrophage","Macrophage"
"sam2_ATCAGGTAGTGGTTCT-1","NK_cell","NK_cell"
"sam2_ATCAGGTCATAGGCGA-1","Fibroblasts","Fibroblasts"
"sam2_ATCAGGTGTAACGATA-1","Epithelial_cells","Epithelial_cells"
"sam2_ATCAGGTGTATGAAGT-1","Smooth_muscle_cells","Smooth_muscle_cells"
"sam2_ATCAGGTGTATTGGCT-1","Macrophage","Macrophage"
"sam2_ATCAGGTGTTCGGTCG-1","NK_cell","NK_cell"
"sam2_ATCAGGTTCTTTGATC-1","Fibroblasts","Fibroblasts"
"sam2_ATCATTCAGCTCCCTT-1","NK_cell","NK_cell"
"sam2_ATCATTCAGGACGCAT-1","NK_cell","NK_cell"
"sam2_ATCATTCAGTCCGCGT-1","Macrophage","Macrophage"
"sam2_ATCATTCCAGCAGGAT-1","Epithelial_cells","Epithelial_cells"
"sam2_ATCATTCTCAATCAGC-1","Pre-B_cell_CD34-","Pre-B_cell_CD34-"
"sam2_ATCATTCTCTCTCGCA-1","Keratinocytes","Keratinocytes"
"sam2_ATCCACCCAGTTACCA-1","NK_cell","NK_cell"
"sam2_ATCCACCTCTGCCTCA-1","T_cells","T_cells"
"sam2_ATCCATTAGAGTCTGG-1","Epithelial_cells","Epithelial_cells"
"sam2_ATCCATTCAGGGATAC-1","MSC","MSC"
"sam2_ATCCATTGTTTGCCGG-1","T_cells","T_cells"
"sam2_ATCCATTTCTCTAAGG-1","T_cells","T_cells"
"sam2_ATCCCTGAGTGCACTT-1","Macrophage","Macrophage"
"sam2_ATCCCTGCAGAACGCA-1","Pre-B_cell_CD34-","Pre-B_cell_CD34-"
"sam2_ATCCCTGCAGCACCCA-1","NK_cell","NK_cell"
"sam2_ATCCCTGGTACGTAGG-1","Smooth_muscle_cells","Smooth_muscle_cells"
"sam2_ATCCCTGGTCCCTAAA-1","T_cells","T_cells"
"sam2_ATCCCTGGTGAATTAG-1","Smooth_muscle_cells","Smooth_muscle_cells"
"sam2_ATCCCTGTCTCCTGAC-1","NK_cell","NK_cell"
"sam2_ATCCCTGTCTGCAGCG-1","Fibroblasts","Fibroblasts"
"sam2_ATCCCTGTCTGCTCTG-1","iPS_cells","iPS_cells"
"sam2_ATCCGTCAGCACACCC-1","Monocyte","Monocyte"
"sam2_ATCCGTCAGGAGGTTC-1","NK_cell","NK_cell"
"sam2_ATCCGTCAGTAGGAAG-1","BM","BM"
"sam2_ATCCTATAGATACCAA-1","Myelocyte","Myelocyte"
"sam2_ATCCTATGTAATGCTC-1","NK_cell","NK_cell"
"sam2_ATCCTATGTACTGTTG-1","Chondrocytes","Chondrocytes"
"sam2_ATCCTATGTCACCACG-1","T_cells","T_cells"
"sam2_ATCCTATTCCATAGAC-1","Pre-B_cell_CD34-","Pre-B_cell_CD34-"
"sam2_ATCCTATTCGTTGTAG-1","HSC_-G-CSF","HSC_-G-CSF"
"sam2_ATCGATGCAAAGACGC-1","T_cells","T_cells"
"sam2_ATCGATGCAAATAAGC-1","BM","BM"
"sam2_ATCGATGCAAATGGAT-1","NK_cell","NK_cell"
"sam2_ATCGATGCAACCGACC-1","T_cells","T_cells"
"sam2_ATCGATGCAGGCATGA-1","T_cells","T_cells"
"sam2_ATCGATGCATAATCGC-1","Smooth_muscle_cells","Smooth_muscle_cells"
"sam2_ATCGATGGTTGTAAAG-1","Macrophage","Macrophage"
"sam2_ATCGATGGTTTACGAC-1","Macrophage","Macrophage"
"sam2_ATCGATGTCGCCGTGA-1","Macrophage","Macrophage"
"sam2_ATCGCCTAGCATCTTG-1","Fibroblasts","Fibroblasts"
"sam2_ATCGCCTCAACGATCT-1","Macrophage","Unassigned"
"sam2_ATCGCCTTCTAAGGAA-1","Fibroblasts","Fibroblasts"
"sam2_ATCGGATAGTAAACAC-1","Macrophage","Macrophage"
"sam2_ATCGGATCACTACTTT-1","NK_cell","NK_cell"
"sam2_ATCGGATCAGACCTAT-1","NK_cell","NK_cell"
"sam2_ATCGGATCAGCCTATA-1","NK_cell","NK_cell"
"sam2_ATCGGATGTAGCTAAA-1","Smooth_muscle_cells","Smooth_muscle_cells"
"sam2_ATCGGATGTATCGCGC-1","Smooth_muscle_cells","Smooth_muscle_cells"
"sam2_ATCGGATTCCGACAGC-1","NK_cell","NK_cell"
"sam2_ATCGGCGAGGGCCTCT-1","Epithelial_cells","Epithelial_cells"
"sam2_ATCGGCGCACGCTTAA-1","Pre-B_cell_CD34-","Pre-B_cell_CD34-"
"sam2_ATCGGCGCAGCGGTTC-1","Epithelial_cells","Epithelial_cells"
"sam2_ATCGGCGCAGTCGCAC-1","Smooth_muscle_cells","Smooth_muscle_cells"
"sam2_ATCGGCGCATGGACAG-1","T_cells","T_cells"
"sam2_ATCGGCGGTATACCTG-1","Pre-B_cell_CD34-","Pre-B_cell_CD34-"
"sam2_ATCGGCGTCGGCTCTT-1","T_cells","T_cells"
"sam2_ATCGGCGTCTCGAACA-1","NK_cell","NK_cell"
"sam2_ATCGTAGAGCGATCGA-1","Fibroblasts","Fibroblasts"
"sam2_ATCGTAGAGGGTTGCA-1","NK_cell","NK_cell"
"sam2_ATCGTAGCATCATCTT-1","Macrophage","Macrophage"
"sam2_ATCGTAGGTGTAGCAG-1","Fibroblasts","Fibroblasts"
"sam2_ATCGTAGTCCGTGGCA-1","Pre-B_cell_CD34-","Pre-B_cell_CD34-"
"sam2_ATCGTCCAGGTTGGAC-1","T_cells","T_cells"
"sam2_ATCGTCCAGTGGAAAG-1","Smooth_muscle_cells","Smooth_muscle_cells"
"sam2_ATCGTCCAGTTGCTCA-1","Hepatocytes","Hepatocytes"
"sam2_ATCGTCCGTCTAATCG-1","Smooth_muscle_cells","Smooth_muscle_cells"
"sam2_ATCGTGACACGGTGTC-1","Macrophage","Unassigned"
"sam2_ATCGTGACAGCGATTT-1","B_cell","B_cell"
"sam2_ATCGTGACAGTTAGGG-1","Macrophage","Macrophage"
"sam2_ATCGTGACATCACCAA-1","Monocyte","Monocyte"
"sam2_ATCGTGAGTTAACAGA-1","Pre-B_cell_CD34-","Pre-B_cell_CD34-"
"sam2_ATCGTGATCTCGTCAC-1","Macrophage","Macrophage"
"sam2_ATCTCTACACGGTGTC-1","Fibroblasts","Fibroblasts"
"sam2_ATCTCTAGTCATACCA-1","T_cells","T_cells"
"sam2_ATCTCTAGTCGGCACT-1","T_cells","T_cells"
"sam2_ATCTCTAGTGTTCCAA-1","Macrophage","Macrophage"
"sam2_ATCTCTATCCGGGACT-1","T_cells","T_cells"
"sam2_ATCTCTATCTGGGATT-1","Macrophage","Macrophage"
"sam2_ATCTTCAAGCATACTC-1","T_cells","T_cells"
"sam2_ATCTTCATCCGGCAAC-1","NK_cell","NK_cell"
"sam2_ATGAAAGAGACAGCGT-1","Epithelial_cells","Epithelial_cells"
"sam2_ATGAAAGAGCATAGGC-1","T_cells","T_cells"
"sam2_ATGAAAGAGGCACCAA-1","T_cells","T_cells"
"sam2_ATGAAAGAGTTAACAG-1","Smooth_muscle_cells","Smooth_muscle_cells"
"sam2_ATGAAAGAGTTCGGTT-1","Macrophage","Macrophage"
"sam2_ATGAAAGCACTTCAAG-1","T_cells","T_cells"
"sam2_ATGAAAGCATAGGTAA-1","Macrophage","Macrophage"
"sam2_ATGAAAGGTGCATACT-1","B_cell","B_cell"
"sam2_ATGAAAGGTTCGGCCA-1","T_cells","T_cells"
"sam2_ATGAAAGGTTGCCTAA-1","NK_cell","NK_cell"
"sam2_ATGACCAAGCTAGATA-1","BM","BM"
"sam2_ATGACCAAGGTAGGCT-1","Macrophage","Macrophage"
"sam2_ATGACCACAGTTAGGG-1","NK_cell","NK_cell"
"sam2_ATGACCACATCCGCGA-1","Macrophage","Macrophage"
"sam2_ATGACCAGTACAGAGC-1","DC","DC"
"sam2_ATGACCAGTGAGCTCC-1","T_cells","T_cells"
"sam2_ATGACCATCAACCTCC-1","Chondrocytes","Chondrocytes"
"sam2_ATGACCATCACCATCC-1","T_cells","T_cells"
"sam2_ATGACCATCCATTGTT-1","Macrophage","Macrophage"
"sam2_ATGACCATCCGGGACT-1","Smooth_muscle_cells","Smooth_muscle_cells"
"sam2_ATGAGGGCAACCTAAC-1","GMP","GMP"
"sam2_ATGAGGGCATAGTCGT-1","Macrophage","Macrophage"
"sam2_ATGAGGGGTATGACAA-1","Fibroblasts","Fibroblasts"
"sam2_ATGAGGGGTTGAGGAC-1","Macrophage","Macrophage"
"sam2_ATGAGGGTCTGTAAGC-1","Smooth_muscle_cells","Smooth_muscle_cells"
"sam2_ATGAGTCAGAAGGCTC-1","Macrophage","Macrophage"
"sam2_ATGAGTCAGATCCGAG-1","NK_cell","NK_cell"
"sam2_ATGAGTCAGCCTGTGC-1","T_cells","T_cells"
"sam2_ATGAGTCCAAATAAGC-1","DC","DC"
"sam2_ATGAGTCCATGGTGGA-1","Macrophage","Macrophage"
"sam2_ATGAGTCGTTATTCCT-1","T_cells","T_cells"
"sam2_ATGATCGCACTTCTCG-1","Smooth_muscle_cells","Smooth_muscle_cells"
"sam2_ATGATCGCATAATGCC-1","Monocyte","Monocyte"
"sam2_ATGATCGGTTGGGATG-1","NK_cell","NK_cell"
"sam2_ATGATCGGTTGTGGAG-1","Epithelial_cells","Epithelial_cells"
"sam2_ATGCATGAGAGCTGCA-1","DC","DC"
"sam2_ATGCATGAGCCATTGT-1","NK_cell","NK_cell"
"sam2_ATGCATGCAGAAGTTA-1","Pre-B_cell_CD34-","Pre-B_cell_CD34-"
"sam2_ATGCATGGTAATCAAG-1","Smooth_muscle_cells","Smooth_muscle_cells"
"sam2_ATGCATGGTTGTACGT-1","T_cells","T_cells"
"sam2_ATGCATGTCCTTGACC-1","T_cells","T_cells"
"sam2_ATGCCTCAGTCACGAG-1","Macrophage","Macrophage"
"sam2_ATGCCTCAGTGCAGCA-1","Pre-B_cell_CD34-","Pre-B_cell_CD34-"
"sam2_ATGCCTCCAACTCGTA-1","NK_cell","NK_cell"
"sam2_ATGCCTCCACTTGAAC-1","T_cells","T_cells"
"sam2_ATGCCTCTCCTAGCCT-1","Pre-B_cell_CD34-","Pre-B_cell_CD34-"
"sam2_ATGCCTCTCGTTATCT-1","T_cells","T_cells"
"sam2_ATGCGATAGCCTCTTC-1","NK_cell","NK_cell"
"sam2_ATGCGATAGGATATAC-1","NK_cell","NK_cell"
"sam2_ATGCGATAGTAGTGCG-1","Macrophage","Macrophage"
"sam2_ATGCGATCACCCTAAA-1","Keratinocytes","Keratinocytes"
"sam2_ATGCGATCATGATGCT-1","NK_cell","NK_cell"
"sam2_ATGCGATTCCTGGGAC-1","NK_cell","NK_cell"
"sam2_ATGGAGGAGATAGTCA-1","Fibroblasts","Fibroblasts"
"sam2_ATGGAGGCATACCAGT-1","Macrophage","Macrophage"
"sam2_ATGGAGGGTCTGTGAT-1","HSC_-G-CSF","HSC_-G-CSF"
"sam2_ATGGAGGGTTTCGATG-1","Macrophage","Macrophage"
"sam2_ATGGAGGTCACTGTCC-1","NK_cell","NK_cell"
"sam2_ATGGAGGTCCCGATCT-1","T_cells","T_cells"
"sam2_ATGGATCAGGAACATT-1","Pre-B_cell_CD34-","Pre-B_cell_CD34-"
"sam2_ATGGATCCAGAGCGTA-1","Macrophage","Macrophage"
"sam2_ATGGATCCATTACTCT-1","Pre-B_cell_CD34-","Pre-B_cell_CD34-"
"sam2_ATGGATCTCACTGGTA-1","MSC","MSC"
"sam2_ATGGATCTCGCAATTG-1","Macrophage","Macrophage"
"sam2_ATGGATCTCGCAGTCG-1","Macrophage","Macrophage"
"sam2_ATGGATCTCGCTGTTC-1","Keratinocytes","Keratinocytes"
"sam2_ATGGGAGCACTGTTCC-1","NK_cell","NK_cell"
"sam2_ATGGGAGGTACACGCC-1","NK_cell","NK_cell"
"sam2_ATGGGAGGTCTTTCTA-1","Macrophage","Macrophage"
"sam2_ATGGGAGTCAGGAAGC-1","Fibroblasts","Fibroblasts"
"sam2_ATGGGAGTCCAACTGA-1","Macrophage","Macrophage"
"sam2_ATGGGAGTCTGTGCGG-1","Monocyte","Monocyte"
"sam2_ATGGGTTAGAAGTATC-1","NK_cell","NK_cell"
"sam2_ATGGGTTAGGTGATCG-1","NK_cell","NK_cell"
"sam2_ATGGGTTCAAGCTCTA-1","NK_cell","NK_cell"
"sam2_ATGGGTTGTCGTCGGT-1","T_cells","T_cells"
"sam2_ATGGGTTTCACTCTTA-1","T_cells","T_cells"
"sam2_ATGGGTTTCCGTGGCA-1","Fibroblasts","Fibroblasts"
"sam2_ATGGGTTTCGCTTACC-1","B_cell","B_cell"
"sam2_ATGGGTTTCTGGGCAC-1","T_cells","T_cells"
"sam2_ATGGTTGCAAGTGGGT-1","Keratinocytes","Keratinocytes"
"sam2_ATGGTTGGTCAAAGTA-1","Fibroblasts","Fibroblasts"
"sam2_ATGGTTGTCGCAATTG-1","Epithelial_cells","Epithelial_cells"
"sam2_ATGGTTGTCGGTCATA-1","NK_cell","NK_cell"
"sam2_ATGGTTGTCTGAGAGG-1","T_cells","T_cells"
"sam2_ATGTCCCAGGCCTGAA-1","T_cells","T_cells"
"sam2_ATGTCCCCAAGATCCT-1","T_cells","T_cells"
"sam2_ATGTCCCCATCAACCA-1","Pre-B_cell_CD34-","Pre-B_cell_CD34-"
"sam2_ATGTCCCGTACGATTC-1","Macrophage","Macrophage"
"sam2_ATGTCCCGTGACTGTT-1","Fibroblasts","Fibroblasts"
"sam2_ATGTCCCTCTCATGCC-1","NK_cell","NK_cell"
"sam2_ATGTCCCTCTGCAGCG-1","Macrophage","Macrophage"
"sam2_ATGTCTTAGCACCGTC-1","Monocyte","Monocyte"
"sam2_ATGTCTTAGGGACTGT-1","Macrophage","Macrophage"
"sam2_ATGTCTTCACGCTGCA-1","Epithelial_cells","Epithelial_cells"
"sam2_ATGTCTTCACTCTCGT-1","Epithelial_cells","Epithelial_cells"
"sam2_ATGTCTTCAGTATACC-1","HSC_-G-CSF","HSC_-G-CSF"
"sam2_ATGTCTTCATCATGAC-1","Neutrophils","Neutrophils"
"sam2_ATGTCTTCATGTCAGT-1","Pre-B_cell_CD34-","Pre-B_cell_CD34-"
"sam2_ATTACCTAGATGCTTC-1","Macrophage","Macrophage"
"sam2_ATTACCTCAGACACCC-1","NK_cell","NK_cell"
"sam2_ATTACCTCATAATGCC-1","NK_cell","NK_cell"
"sam2_ATTACCTGTCTGTCAA-1","Neurons","Neurons"
"sam2_ATTACCTTCACGGGCT-1","NK_cell","NK_cell"
"sam2_ATTACTCCATTCTGTT-1","Chondrocytes","Chondrocytes"
"sam2_ATTACTCGTCGGATTT-1","Macrophage","Macrophage"
"sam2_ATTACTCGTTACTCAG-1","Fibroblasts","Fibroblasts"
"sam2_ATTACTCTCGAACGGA-1","Epithelial_cells","Epithelial_cells"
"sam2_ATTACTCTCGACCACG-1","Monocyte","Monocyte"
"sam2_ATTATCCAGCAATAGT-1","NK_cell","NK_cell"
"sam2_ATTATCCAGCCAAGTG-1","Macrophage","Macrophage"
"sam2_ATTATCCAGCTGTTCA-1","T_cells","T_cells"
"sam2_ATTATCCAGTATGCAA-1","NK_cell","NK_cell"
"sam2_ATTATCCAGTGGACGT-1","Macrophage","Macrophage"
"sam2_ATTATCCCACAAGTTC-1","Macrophage","Macrophage"
"sam2_ATTATCCCAGACAAGC-1","Monocyte","Monocyte"
"sam2_ATTATCCGTTCAAAGA-1","T_cells","T_cells"
"sam2_ATTATCCTCGATACAC-1","Keratinocytes","Keratinocytes"
"sam2_ATTCACTAGTCCTACA-1","Fibroblasts","Fibroblasts"
"sam2_ATTCACTGTCAGCGTC-1","B_cell","B_cell"
"sam2_ATTCACTGTGGAGGTT-1","Macrophage","Macrophage"
"sam2_ATTCACTTCCTGGGTG-1","Macrophage","Macrophage"
"sam2_ATTCAGGAGCTCGAAG-1","Macrophage","Macrophage"
"sam2_ATTCAGGGTATAGGGC-1","Fibroblasts","Fibroblasts"
"sam2_ATTCAGGTCATTACCT-1","Astrocyte","Astrocyte"
"sam2_ATTCAGGTCGGTCGAC-1","NK_cell","NK_cell"
"sam2_ATTCAGGTCGTTCTCG-1","NK_cell","NK_cell"
"sam2_ATTCAGGTCTTGTGCC-1","T_cells","T_cells"
"sam2_ATTCATCAGACCAAGC-1","BM","BM"
"sam2_ATTCATCAGCGACTGA-1","NK_cell","NK_cell"
"sam2_ATTCATCAGCTAAGTA-1","T_cells","T_cells"
"sam2_ATTCATCAGGCTCTCG-1","Fibroblasts","Fibroblasts"
"sam2_ATTCATCAGGTATCTC-1","NK_cell","NK_cell"
"sam2_ATTCATCCACCATAAC-1","NK_cell","NK_cell"
"sam2_ATTCATCGTCGTTGCG-1","Macrophage","Macrophage"
"sam2_ATTCATCTCAAACCCA-1","T_cells","T_cells"
"sam2_ATTCATCTCAGGACGA-1","iPS_cells","iPS_cells"
"sam2_ATTCATCTCGCTTGCT-1","Pre-B_cell_CD34-","Pre-B_cell_CD34-"
"sam2_ATTCATCTCGTGCAGC-1","Epithelial_cells","Epithelial_cells"
"sam2_ATTCCATCAGTCGAGA-1","Macrophage","Macrophage"
"sam2_ATTCCATCAGTTTGGT-1","T_cells","T_cells"
"sam2_ATTCCATCATAACTCG-1","Chondrocytes","Chondrocytes"
"sam2_ATTCCATCATTGCTTT-1","Chondrocytes","Chondrocytes"
"sam2_ATTCCATGTCCGCAGT-1","NK_cell","NK_cell"
"sam2_ATTCCATGTGCATCTA-1","Osteoblasts","Osteoblasts"
"sam2_ATTCCATTCGCCTTTG-1","NK_cell","NK_cell"
"sam2_ATTCCCGAGAGAGCCT-1","Epithelial_cells","Epithelial_cells"
"sam2_ATTCCCGAGCTACGTT-1","NK_cell","NK_cell"
"sam2_ATTCCCGCAGACCCGT-1","NK_cell","NK_cell"
"sam2_ATTCCCGGTATCCCTC-1","NK_cell","NK_cell"
"sam2_ATTCCCGTCCACCTGT-1","Fibroblasts","Fibroblasts"
"sam2_ATTCCCGTCGCTCCTA-1","Macrophage","Macrophage"
"sam2_ATTCCTAAGTAGTCTC-1","Fibroblasts","Fibroblasts"
"sam2_ATTCCTAAGTTGCGAG-1","T_cells","T_cells"
"sam2_ATTCCTACACCGTCGA-1","Macrophage","Macrophage"
"sam2_ATTCCTAGTATAGGGC-1","HSC_-G-CSF","HSC_-G-CSF"
"sam2_ATTCCTAGTCCTGTTC-1","Fibroblasts","Fibroblasts"
"sam2_ATTCGTTAGCCTGTGC-1","Fibroblasts","Fibroblasts"
"sam2_ATTCGTTCACGGAAGT-1","Fibroblasts","Fibroblasts"
"sam2_ATTCGTTCAGAGTTCT-1","Pro-Myelocyte","Pro-Myelocyte"
"sam2_ATTCGTTGTACGGGAT-1","NK_cell","NK_cell"
"sam2_ATTCGTTGTCGGTGAA-1","Macrophage","Macrophage"
"sam2_ATTCGTTGTGTTCCAA-1","Macrophage","Macrophage"
"sam2_ATTCGTTTCCATTCAT-1","HSC_-G-CSF","HSC_-G-CSF"
"sam2_ATTCGTTTCTTCTGGC-1","Smooth_muscle_cells","Smooth_muscle_cells"
"sam2_ATTCTACAGGACAACC-1","Monocyte","Monocyte"
"sam2_ATTCTACCAAGGGCAT-1","Monocyte","Monocyte"
"sam2_ATTCTACGTAGGCAAC-1","Smooth_muscle_cells","Smooth_muscle_cells"
"sam2_ATTCTACTCAACTCTT-1","NK_cell","NK_cell"
"sam2_ATTCTTGAGAGTCTGG-1","T_cells","T_cells"
"sam2_ATTCTTGCACTCCGAG-1","DC","DC"
"sam2_ATTCTTGTCGTTCTCG-1","NK_cell","NK_cell"
"sam2_ATTGGGTAGACGGTCA-1","Neuroepithelial_cell","Neuroepithelial_cell"
"sam2_ATTGGGTCACGTAACT-1","NK_cell","NK_cell"
"sam2_ATTGGGTGTACACGCC-1","Macrophage","Macrophage"
"sam2_ATTGGGTTCATTACCT-1","Macrophage","Macrophage"
"sam2_ATTGGGTTCTTTCGAT-1","NK_cell","NK_cell"
"sam2_ATTGTTCAGGTAAAGG-1","T_cells","T_cells"
"sam2_ATTGTTCCACTTGAGT-1","Pre-B_cell_CD34-","Pre-B_cell_CD34-"
"sam2_ATTGTTCTCGAGAAAT-1","NK_cell","NK_cell"
"sam2_ATTGTTCTCTTCGGAA-1","DC","DC"
"sam2_ATTTACCCAGATTAAG-1","Pre-B_cell_CD34-","Pre-B_cell_CD34-"
"sam2_ATTTACCGTAACGATA-1","NK_cell","NK_cell"
"sam2_ATTTACCGTACCGCGT-1","Fibroblasts","Fibroblasts"
"sam2_ATTTACCGTATTTCTC-1","Macrophage","Macrophage"
"sam2_ATTTACCTCCACTTCG-1","Macrophage","Macrophage"
"sam2_ATTTCACAGCTCAGAG-1","NK_cell","NK_cell"
"sam2_ATTTCACAGGCTCCCA-1","Pre-B_cell_CD34-","Pre-B_cell_CD34-"
"sam2_ATTTCACGTCACAATC-1","T_cells","T_cells"
"sam2_ATTTCACGTGATTAGA-1","T_cells","T_cells"
"sam2_ATTTCACGTGCTGCAC-1","Pre-B_cell_CD34-","Pre-B_cell_CD34-"
"sam2_ATTTCACTCCGGTAAT-1","T_cells","T_cells"
"sam2_ATTTCACTCTGGCCAG-1","Pre-B_cell_CD34-","Pre-B_cell_CD34-"
"sam2_ATTTCTGAGATTGCGG-1","NK_cell","NK_cell"
"sam2_ATTTCTGAGGAGAGGC-1","NK_cell","NK_cell"
"sam2_ATTTCTGCAAGACGGT-1","Macrophage","Macrophage"
"sam2_ATTTCTGGTACTGCGC-1","NK_cell","NK_cell"
"sam2_ATTTCTGGTAGGCAGT-1","Macrophage","Macrophage"
"sam2_ATTTCTGGTGTACATC-1","T_cells","T_cells"
"sam2_ATTTCTGTCTACTGAG-1","Fibroblasts","Fibroblasts"
"sam2_CAAAGAAAGACCTTTG-1","NK_cell","NK_cell"
"sam2_CAAAGAAAGGGAGTTC-1","Neurons","Neurons"
"sam2_CAAAGAACAAGTGGCA-1","Macrophage","Macrophage"
"sam2_CAAAGAACAGAGGAAA-1","T_cells","T_cells"
"sam2_CAAAGAATCATAGGCT-1","Epithelial_cells","Epithelial_cells"
"sam2_CAACAACAGACTCGAG-1","Macrophage","Macrophage"
"sam2_CAACAACAGCAACAAT-1","NK_cell","NK_cell"
"sam2_CAACAACAGGTCATAA-1","Macrophage","Macrophage"
"sam2_CAACAACGTGCTATTG-1","Chondrocytes","Chondrocytes"
"sam2_CAACAACGTGTTTGCA-1","DC","DC"
"sam2_CAACAACTCTGCAGCG-1","Smooth_muscle_cells","Smooth_muscle_cells"
"sam2_CAACAGTAGTCTCGTA-1","T_cells","T_cells"
"sam2_CAACAGTCACGTGAGA-1","T_cells","T_cells"
"sam2_CAACAGTGTCCAGCAC-1","Macrophage","Macrophage"
"sam2_CAACCAACAACTTGCA-1","Platelets","Platelets"
"sam2_CAACCAACAGTAGTGG-1","NK_cell","NK_cell"
"sam2_CAACCAAGTACCGTCG-1","GMP","GMP"
"sam2_CAACCAAGTATGATCC-1","Smooth_muscle_cells","Smooth_muscle_cells"
"sam2_CAACCAATCGCTTACC-1","Monocyte","Monocyte"
"sam2_CAACCAATCTGTGCAA-1","Monocyte","Monocyte"
"sam2_CAACCTCAGACCAGAC-1","HSC_-G-CSF","HSC_-G-CSF"
"sam2_CAACCTCCAGCAGTGA-1","T_cells","T_cells"
"sam2_CAACCTCCAGGAATCG-1","Fibroblasts","Fibroblasts"
"sam2_CAACCTCGTATCGATC-1","T_cells","T_cells"
"sam2_CAACCTCGTCGTACAT-1","HSC_-G-CSF","HSC_-G-CSF"
"sam2_CAACGATAGCCTTGAT-1","NK_cell","NK_cell"
"sam2_CAACGATAGGTTTGAA-1","Chondrocytes","Chondrocytes"
"sam2_CAACGATCAACTGATC-1","Epithelial_cells","Epithelial_cells"
"sam2_CAACGATCAATGTCAC-1","Epithelial_cells","Epithelial_cells"
"sam2_CAACGATCAGGTCCCA-1","Macrophage","Macrophage"
"sam2_CAACGATCATTGCCGG-1","T_cells","T_cells"
"sam2_CAACGATGTCGTGCCA-1","T_cells","T_cells"
"sam2_CAACGATTCATTCATC-1","Smooth_muscle_cells","Smooth_muscle_cells"
"sam2_CAACGATTCGACTCCT-1","NK_cell","NK_cell"
"sam2_CAACGATTCGTTCGCT-1","Epithelial_cells","Epithelial_cells"
"sam2_CAACGGCAGGTCACAG-1","Fibroblasts","Fibroblasts"
"sam2_CAACGGCCAACCAATC-1","T_cells","T_cells"
"sam2_CAACGGCCAAGCCTGC-1","T_cells","T_cells"
"sam2_CAACGGCCAAGTTCCA-1","Macrophage","Macrophage"
"sam2_CAACGGCCACTCTCGT-1","Pre-B_cell_CD34-","Pre-B_cell_CD34-"
"sam2_CAACGGCGTAGATTAG-1","Chondrocytes","Chondrocytes"
"sam2_CAACGGCGTTCCAGGC-1","NK_cell","NK_cell"
"sam2_CAACGGCTCACCACAA-1","T_cells","T_cells"
"sam2_CAACGGCTCAGGACGA-1","MSC","MSC"
"sam2_CAACGGCTCTCGCCTA-1","T_cells","T_cells"
"sam2_CAAGACTAGAATGTTG-1","Smooth_muscle_cells","Smooth_muscle_cells"
"sam2_CAAGACTCAAACTAGA-1","T_cells","T_cells"
"sam2_CAAGACTCAATACCCA-1","T_cells","T_cells"
"sam2_CAAGACTCACGACGCT-1","NK_cell","NK_cell"
"sam2_CAAGACTGTATCGGTT-1","GMP","GMP"
"sam2_CAAGACTGTCCATAGT-1","Smooth_muscle_cells","Smooth_muscle_cells"
"sam2_CAAGACTGTGCATGTT-1","NK_cell","NK_cell"
"sam2_CAAGACTTCATTTCGT-1","B_cell","B_cell"
"sam2_CAAGACTTCGACATCA-1","NK_cell","NK_cell"
"sam2_CAAGAGGCACGCAGTC-1","Pre-B_cell_CD34-","Pre-B_cell_CD34-"
"sam2_CAAGAGGCATCCGAAT-1","Fibroblasts","Fibroblasts"
"sam2_CAAGAGGGTCAAGCCC-1","NK_cell","NK_cell"
"sam2_CAAGAGGGTTCTATCT-1","Embryonic_stem_cells","Embryonic_stem_cells"
"sam2_CAAGAGGTCATGGATC-1","Epithelial_cells","Epithelial_cells"
"sam2_CAAGAGGTCCTCTTTC-1","Macrophage","Macrophage"
"sam2_CAAGCTAAGCGCCATC-1","Neutrophils","Neutrophils"
"sam2_CAAGCTACAGACAATA-1","NK_cell","NK_cell"
"sam2_CAAGCTACATCTCGTC-1","Myelocyte","Myelocyte"
"sam2_CAAGCTAGTCTCAGGC-1","T_cells","T_cells"
"sam2_CAAGCTAGTTCCACGG-1","MSC","MSC"
"sam2_CAAGGGAAGGACGCAT-1","T_cells","T_cells"
"sam2_CAAGGGAAGTCTGGTT-1","Epithelial_cells","Epithelial_cells"
"sam2_CAAGGGAAGTTAACAG-1","T_cells","T_cells"
"sam2_CAAGGGACATGGCTGC-1","Macrophage","Macrophage"
"sam2_CAAGGGAGTCCAGCAC-1","NK_cell","NK_cell"
"sam2_CAAGGGATCAGCCCAG-1","Macrophage","Macrophage"
"sam2_CAAGGGATCGCAATTG-1","T_cells","T_cells"
"sam2_CAAGGGATCGCATTAG-1","NK_cell","NK_cell"
"sam2_CAAGGGATCGGTCATA-1","Macrophage","Macrophage"
"sam2_CAATACGAGTATTCCG-1","HSC_-G-CSF","HSC_-G-CSF"
"sam2_CAATACGAGTTGCCCG-1","T_cells","T_cells"
"sam2_CAATACGCAAGTGACG-1","Epithelial_cells","Epithelial_cells"
"sam2_CAATACGCACACCGAC-1","Pre-B_cell_CD34-","Pre-B_cell_CD34-"
"sam2_CAATACGGTCACAATC-1","Neurons","Neurons"
"sam2_CAATACGGTCCACTCT-1","T_cells","T_cells"
"sam2_CAATACGGTGTTCATG-1","NK_cell","NK_cell"
"sam2_CAATACGTCTAGCAAC-1","Smooth_muscle_cells","Smooth_muscle_cells"
"sam2_CAATCGAAGGGAGGCA-1","T_cells","T_cells"
"sam2_CAATCGACAGGCCTGT-1","T_cells","T_cells"
"sam2_CAATGACCAATTCTCT-1","HSC_-G-CSF","HSC_-G-CSF"
"sam2_CAATGACCACAAGTTC-1","Smooth_muscle_cells","Smooth_muscle_cells"
"sam2_CAATGACTCCGTTTCG-1","Macrophage","Macrophage"
"sam2_CAATTTCAGCTAAACA-1","Keratinocytes","Keratinocytes"
"sam2_CAATTTCAGGACTATA-1","T_cells","T_cells"
"sam2_CAATTTCCAAATTGGA-1","NK_cell","NK_cell"
"sam2_CAATTTCCAAGCAGGT-1","T_cells","T_cells"
"sam2_CAATTTCGTAGCGTTT-1","Macrophage","Macrophage"
"sam2_CAATTTCGTTCGAAGG-1","iPS_cells","iPS_cells"
"sam2_CAATTTCTCATCTACT-1","NK_cell","NK_cell"
"sam2_CAATTTCTCATTACGG-1","T_cells","T_cells"
"sam2_CAATTTCTCGACCTAA-1","Astrocyte","Astrocyte"
"sam2_CAATTTCTCGGCAGTC-1","NK_cell","NK_cell"
"sam2_CACAACAAGACATGCG-1","HSC_-G-CSF","HSC_-G-CSF"
"sam2_CACAACAAGGAAAGGT-1","NK_cell","NK_cell"
"sam2_CACAACAAGGAAGTCC-1","DC","DC"
"sam2_CACAACAAGGGTCAAC-1","Smooth_muscle_cells","Smooth_muscle_cells"
"sam2_CACAACACAACACAGG-1","T_cells","T_cells"
"sam2_CACAACACAGACATCT-1","Fibroblasts","Fibroblasts"
"sam2_CACAACATCGCGCTGA-1","Monocyte","Monocyte"
"sam2_CACAACATCGTGCATA-1","GMP","GMP"
"sam2_CACACAAAGTCACGCC-1","NK_cell","NK_cell"
"sam2_CACACAACAAATCAGA-1","Epithelial_cells","Epithelial_cells"
"sam2_CACACAACATCTCCCA-1","Fibroblasts","Unassigned"
"sam2_CACACAAGTTCTCTCG-1","T_cells","T_cells"
"sam2_CACACAATCGCATTAG-1","HSC_-G-CSF","HSC_-G-CSF"
"sam2_CACACAATCTGGTGGC-1","NK_cell","NK_cell"
"sam2_CACACAATCTTCCTAA-1","iPS_cells","iPS_cells"
"sam2_CACAGATAGAAACACT-1","Gametocytes","Gametocytes"
"sam2_CACAGATCACCACTGG-1","T_cells","T_cells"
"sam2_CACAGATCAGGCCTGT-1","Pre-B_cell_CD34-","Pre-B_cell_CD34-"
"sam2_CACAGATCATTGCAAC-1","Smooth_muscle_cells","Smooth_muscle_cells"
"sam2_CACAGATGTTACCGTA-1","NK_cell","NK_cell"
"sam2_CACAGATTCAACCTTT-1","T_cells","T_cells"
"sam2_CACAGATTCAAGGTGG-1","Macrophage","Macrophage"
"sam2_CACAGATTCGCAGAGA-1","T_cells","T_cells"
"sam2_CACAGGCCAACTCGAT-1","Fibroblasts","Fibroblasts"
"sam2_CACAGGCCAGCTTTGA-1","Smooth_muscle_cells","Smooth_muscle_cells"
"sam2_CACAGGCGTAGTCTGT-1","Macrophage","Macrophage"
"sam2_CACAGGCGTTAAAGTG-1","NK_cell","NK_cell"
"sam2_CACATGAAGCAAGCCA-1","NK_cell","NK_cell"
"sam2_CACATGACACCCGTAG-1","T_cells","T_cells"
"sam2_CACATGACAGGGCTTC-1","T_cells","T_cells"
"sam2_CACCAAAAGCAGCAGT-1","Keratinocytes","Keratinocytes"
"sam2_CACCAAAAGCAGGCTA-1","Macrophage","Macrophage"
"sam2_CACCAAAAGCTGTTAC-1","Macrophage","Macrophage"
"sam2_CACCAAAAGTGACACG-1","Fibroblasts","Fibroblasts"
"sam2_CACCAAACACAGTGTT-1","Fibroblasts","Fibroblasts"
"sam2_CACCAAACACATTGTG-1","NK_cell","NK_cell"
"sam2_CACCAAACATCGGATT-1","Fibroblasts","Fibroblasts"
"sam2_CACCAAAGTTGATCGT-1","Astrocyte","Astrocyte"
"sam2_CACCGTTAGGTTAAAC-1","Monocyte","Monocyte"
"sam2_CACCGTTAGTCAGCGA-1","NK_cell","NK_cell"
"sam2_CACCGTTAGTCATGAA-1","Macrophage","Macrophage"
"sam2_CACCGTTAGTGGAATT-1","Macrophage","Macrophage"
"sam2_CACCGTTCATAGATGA-1","Macrophage","Macrophage"
"sam2_CACCGTTGTAGGAAAG-1","T_cells","T_cells"
"sam2_CACCGTTGTTGGGTAG-1","Smooth_muscle_cells","Smooth_muscle_cells"
"sam2_CACCGTTTCACCTGTC-1","Smooth_muscle_cells","Smooth_muscle_cells"
"sam2_CACCGTTTCTGACAGT-1","Pre-B_cell_CD34-","Pre-B_cell_CD34-"
"sam2_CACCGTTTCTTGCAGA-1","NK_cell","NK_cell"
"sam2_CACGAATAGACTCATC-1","Pre-B_cell_CD34-","Pre-B_cell_CD34-"
"sam2_CACGAATAGGGCAATC-1","Pre-B_cell_CD34-","Pre-B_cell_CD34-"
"sam2_CACGAATCAGTTAGAA-1","Epithelial_cells","Epithelial_cells"
"sam2_CACGAATTCAAGAATG-1","T_cells","T_cells"
"sam2_CACGAATTCCCTTCCC-1","NK_cell","NK_cell"
"sam2_CACGAATTCTCTGACC-1","HSC_-G-CSF","HSC_-G-CSF"
"sam2_CACGGGTAGAAGGGAT-1","Macrophage","Macrophage"
"sam2_CACGGGTAGAATCGTA-1","NK_cell","NK_cell"
"sam2_CACGGGTCAAGTTTGC-1","Macrophage","Macrophage"
"sam2_CACGGGTCACATTCTT-1","BM","BM"
"sam2_CACGGGTCAGGACAGT-1","NK_cell","NK_cell"
"sam2_CACGGGTTCAAAGCCT-1","Macrophage","Macrophage"
"sam2_CACGTGGAGAGCCGAT-1","NK_cell","NK_cell"
"sam2_CACGTGGCAACGGCCT-1","Macrophage","Macrophage"
"sam2_CACGTGGCACACCGAC-1","T_cells","T_cells"
"sam2_CACGTGGCACGCTGTG-1","Macrophage","Macrophage"
"sam2_CACGTGGCACTTGTGA-1","Chondrocytes","Chondrocytes"
"sam2_CACGTGGCATTGACTG-1","Pre-B_cell_CD34-","Pre-B_cell_CD34-"
"sam2_CACGTGGGTCGTTGCG-1","Pre-B_cell_CD34-","Pre-B_cell_CD34-"
"sam2_CACGTGGGTTCTCTCG-1","T_cells","T_cells"
"sam2_CACGTGGTCTATACTC-1","NK_cell","NK_cell"
"sam2_CACGTTCAGAATCGCG-1","Epithelial_cells","Epithelial_cells"
"sam2_CACGTTCTCATTGTGG-1","Pro-B_cell_CD34+","Pro-B_cell_CD34+"
"sam2_CACTAAGCACCTCGTT-1","T_cells","T_cells"
"sam2_CACTAAGCATATGCGT-1","NK_cell","NK_cell"
"sam2_CACTAAGGTAAGATAC-1","Smooth_muscle_cells","Smooth_muscle_cells"
"sam2_CACTAAGGTGAGATCG-1","Macrophage","Macrophage"
"sam2_CACTAAGGTGCCTTCT-1","Pre-B_cell_CD34-","Pre-B_cell_CD34-"
"sam2_CACTGAACAAGATGGC-1","GMP","GMP"
"sam2_CACTGAACAATGGCCC-1","T_cells","T_cells"
"sam2_CACTGAAGTAACGATA-1","Smooth_muscle_cells","Smooth_muscle_cells"
"sam2_CACTGAAGTCAGACTT-1","HSC_-G-CSF","HSC_-G-CSF"
"sam2_CACTGAAGTCGCTGCA-1","NK_cell","NK_cell"
"sam2_CACTGAAGTGAGATAT-1","Macrophage","Macrophage"
"sam2_CACTGAATCAAGAGTA-1","HSC_-G-CSF","HSC_-G-CSF"
"sam2_CACTGGGCAAATGGAT-1","T_cells","T_cells"
"sam2_CACTGGGCACTAACCA-1","Epithelial_cells","Epithelial_cells"
"sam2_CACTGGGTCTTCTAAC-1","T_cells","T_cells"
"sam2_CACTGTCAGACGCATG-1","GMP","GMP"
"sam2_CACTTCGCAACCGCCA-1","Fibroblasts","Fibroblasts"
"sam2_CACTTCGCAGTCTTCC-1","T_cells","T_cells"
"sam2_CACTTCGGTCTCTCTG-1","NK_cell","NK_cell"
"sam2_CACTTCGGTGTGATGG-1","Macrophage","Macrophage"
"sam2_CACTTCGGTGTGTACT-1","Monocyte","Monocyte"
"sam2_CACTTCGGTTTACGAC-1","T_cells","T_cells"
"sam2_CACTTCGTCACCTGTC-1","NK_cell","NK_cell"
"sam2_CACTTCGTCATTATCC-1","NK_cell","NK_cell"
"sam2_CAGAGCCAGGACTATA-1","Macrophage","Macrophage"
"sam2_CAGAGCCAGGTACTGG-1","T_cells","T_cells"
"sam2_CAGAGCCCAAGACCGA-1","NK_cell","NK_cell"
"sam2_CAGAGCCCAGTTGCGC-1","Macrophage","Macrophage"
"sam2_CAGAGCCCATAACTCG-1","T_cells","T_cells"
"sam2_CAGAGCCCATCCGCGA-1","T_cells","T_cells"
"sam2_CAGAGCCGTGGACTAG-1","Epithelial_cells","Epithelial_cells"
"sam2_CAGAGCCTCTATCCAT-1","T_cells","T_cells"
"sam2_CAGAGCCTCTGGGAGA-1","T_cells","T_cells"
"sam2_CAGATACAGAGCCATG-1","Macrophage","Macrophage"
"sam2_CAGATACAGAGGTCAC-1","DC","DC"
"sam2_CAGATACAGCCGAATG-1","Macrophage","Macrophage"
"sam2_CAGATACCAGAGGCTA-1","Smooth_muscle_cells","Smooth_muscle_cells"
"sam2_CAGATACTCAAGGAGC-1","Fibroblasts","Fibroblasts"
"sam2_CAGATACTCCATGCAA-1","NK_cell","NK_cell"
"sam2_CAGATCAAGAGTATAC-1","Macrophage","Macrophage"
"sam2_CAGATCACACACACTA-1","T_cells","T_cells"
"sam2_CAGATCAGTCAAGCCC-1","Macrophage","Macrophage"
"sam2_CAGATCAGTGGGTTGA-1","Macrophage","Macrophage"
"sam2_CAGATCATCGCTTGAA-1","NK_cell","NK_cell"
"sam2_CAGATCATCGGCTCTT-1","Macrophage","Macrophage"
"sam2_CAGATCATCTAACGGT-1","Macrophage","Macrophage"
"sam2_CAGATTGAGAATAGTC-1","HSC_-G-CSF","HSC_-G-CSF"
"sam2_CAGATTGGTACTCGAT-1","Neurons","Neurons"
"sam2_CAGATTGGTACTGGGA-1","Smooth_muscle_cells","Smooth_muscle_cells"
"sam2_CAGATTGGTTGTGGCC-1","Macrophage","Macrophage"
"sam2_CAGATTGTCCATGAGT-1","Fibroblasts","Fibroblasts"
"sam2_CAGATTGTCCGACATA-1","Epithelial_cells","Epithelial_cells"
"sam2_CAGCAATAGTTACGTC-1","Fibroblasts","Fibroblasts"
"sam2_CAGCAATCACCTTCCA-1","Fibroblasts","Unassigned"
"sam2_CAGCAATCACGACGCT-1","Macrophage","Macrophage"
"sam2_CAGCAATCAGTTTCGA-1","T_cells","T_cells"
"sam2_CAGCAATGTCGAACAG-1","NK_cell","NK_cell"
"sam2_CAGCAATGTTAGGCTT-1","NK_cell","NK_cell"
"sam2_CAGCAATTCCATTTCA-1","NK_cell","NK_cell"
"sam2_CAGCAATTCGATTTCT-1","T_cells","T_cells"
"sam2_CAGCAATTCTCCCATG-1","Epithelial_cells","Epithelial_cells"
"sam2_CAGCAATTCTTCTGTA-1","T_cells","T_cells"
"sam2_CAGCACGAGCAGAAAG-1","T_cells","T_cells"
"sam2_CAGCACGGTATCATGC-1","Macrophage","Macrophage"
"sam2_CAGCAGCCATAGATGA-1","NK_cell","NK_cell"
"sam2_CAGCAGCGTCACATTG-1","Macrophage","Macrophage"
"sam2_CAGCAGCGTGCGTCGT-1","HSC_-G-CSF","HSC_-G-CSF"
"sam2_CAGCAGCGTTATGACC-1","T_cells","T_cells"
"sam2_CAGCAGCTCCACGGGT-1","NK_cell","NK_cell"
"sam2_CAGCAGCTCTACAGGT-1","Epithelial_cells","Epithelial_cells"
"sam2_CAGCCAGAGGTACCTT-1","NK_cell","NK_cell"
"sam2_CAGCCAGCAAGCTGTT-1","Fibroblasts","Fibroblasts"
"sam2_CAGCCAGGTAGATGTA-1","Fibroblasts","Fibroblasts"
"sam2_CAGCCAGGTCCCAAAT-1","HSC_-G-CSF","HSC_-G-CSF"
"sam2_CAGCCAGGTGGCACTC-1","Chondrocytes","Chondrocytes"
"sam2_CAGCGTGAGGAAGAAC-1","Epithelial_cells","Epithelial_cells"
"sam2_CAGCGTGAGTCGCTAT-1","Smooth_muscle_cells","Smooth_muscle_cells"
"sam2_CAGCGTGCAAGTTTGC-1","Epithelial_cells","Epithelial_cells"
"sam2_CAGCGTGCAGCCATTA-1","T_cells","T_cells"
"sam2_CAGCGTGCATTGACAC-1","T_cells","T_cells"
"sam2_CAGCGTGGTACGAAAT-1","Macrophage","Macrophage"
"sam2_CAGCGTGGTCCGACGT-1","Fibroblasts","Fibroblasts"
"sam2_CAGCGTGGTCTAACTG-1","NK_cell","NK_cell"
"sam2_CAGCGTGTCACTTGGA-1","Macrophage","Macrophage"
"sam2_CAGGCCAAGCTCCCTT-1","T_cells","T_cells"
"sam2_CAGGCCAAGGTTACAA-1","Monocyte","Monocyte"
"sam2_CAGGCCACATCCGAGC-1","HSC_-G-CSF","HSC_-G-CSF"
"sam2_CAGGCCAGTACGATCT-1","T_cells","T_cells"
"sam2_CAGGCCATCAGTCCGG-1","Chondrocytes","Chondrocytes"
"sam2_CAGGCCATCGTGGGTC-1","T_cells","T_cells"
"sam2_CAGGGCTAGCAGATAT-1","iPS_cells","iPS_cells"
"sam2_CAGGTATAGACGACGT-1","BM & Prog.","BM & Prog."
"sam2_CAGGTATCAACTACGT-1","Pre-B_cell_CD34-","Pre-B_cell_CD34-"
"sam2_CAGGTATTCCTTCTAA-1","Macrophage","Macrophage"
"sam2_CAGGTATTCTAGGCCG-1","Monocyte","Monocyte"
"sam2_CAGTGCGAGCATGGGT-1","T_cells","T_cells"
"sam2_CAGTGCGAGTTAACAG-1","NK_cell","NK_cell"
"sam2_CAGTGCGGTCGCAACC-1","Smooth_muscle_cells","Smooth_muscle_cells"
"sam2_CAGTGCGGTGTAGTGG-1","Smooth_muscle_cells","Smooth_muscle_cells"
"sam2_CAGTGCGTCCGAACGC-1","Fibroblasts","Fibroblasts"
"sam2_CAGTGCGTCGAATCCA-1","Macrophage","Macrophage"
"sam2_CAGTGCGTCTCCGTGT-1","NK_cell","NK_cell"
"sam2_CAGTGCGTCTTTCAGT-1","NK_cell","NK_cell"
"sam2_CAGTTAGAGGAGTATT-1","NK_cell","NK_cell"
"sam2_CAGTTAGCACAGCGCT-1","Neurons","Neurons"
"sam2_CAGTTAGGTAGGAGGG-1","Smooth_muscle_cells","Smooth_muscle_cells"
"sam2_CAGTTAGGTCTTCAAG-1","Macrophage","Macrophage"
"sam2_CAGTTAGTCGATGCAT-1","Fibroblasts","Fibroblasts"
"sam2_CAGTTAGTCTGAGCAT-1","Macrophage","Macrophage"
"sam2_CAGTTCCAGCTGCGAA-1","T_cells","T_cells"
"sam2_CAGTTCCAGGGTTAGC-1","Macrophage","Macrophage"
"sam2_CAGTTCCCATCCGTTC-1","T_cells","T_cells"
"sam2_CAGTTCCGTAACACCT-1","NK_cell","NK_cell"
"sam2_CAGTTCCGTAGATCCT-1","Macrophage","Macrophage"
"sam2_CAGTTCCGTCACGACC-1","Macrophage","Macrophage"
"sam2_CAGTTCCTCAAGTGGG-1","Chondrocytes","Chondrocytes"
"sam2_CAGTTCCTCATTCACT-1","NK_cell","NK_cell"
"sam2_CATAAGCAGCCAACCC-1","HSC_-G-CSF","HSC_-G-CSF"
"sam2_CATAAGCAGCGAATGC-1","Fibroblasts","Fibroblasts"
"sam2_CATAAGCAGCGCTTCG-1","Neuroepithelial_cell","Neuroepithelial_cell"
"sam2_CATAAGCCAGCTATAC-1","Macrophage","Macrophage"
"sam2_CATAAGCCATGTGACT-1","HSC_-G-CSF","HSC_-G-CSF"
"sam2_CATAAGCTCCATTGTT-1","Smooth_muscle_cells","Smooth_muscle_cells"
"sam2_CATAAGCTCGCACGAC-1","Fibroblasts","Fibroblasts"
"sam2_CATACAGAGAAACCCG-1","Macrophage","Macrophage"
"sam2_CATACAGGTACAGAAT-1","Pre-B_cell_CD34-","Pre-B_cell_CD34-"
"sam2_CATACAGGTTCCACGG-1","Smooth_muscle_cells","Smooth_muscle_cells"
"sam2_CATACAGTCGCTTGAA-1","Monocyte","Monocyte"
"sam2_CATACAGTCGGAGTGA-1","NK_cell","NK_cell"
"sam2_CATACCCCAGCTACCG-1","Smooth_muscle_cells","Smooth_muscle_cells"
"sam2_CATACCCCATAGTCAC-1","B_cell","B_cell"
"sam2_CATACCCTCCCAAGCG-1","T_cells","T_cells"
"sam2_CATACCCTCTTACCAT-1","Macrophage","Macrophage"
"sam2_CATACTTAGATACTGA-1","Smooth_muscle_cells","Smooth_muscle_cells"
"sam2_CATACTTAGCTTTCTT-1","Smooth_muscle_cells","Smooth_muscle_cells"
"sam2_CATACTTAGTGCTACT-1","T_cells","T_cells"
"sam2_CATACTTAGTTCGGTT-1","GMP","GMP"
"sam2_CATACTTCAATTCTCT-1","NK_cell","NK_cell"
"sam2_CATACTTCACCCATAA-1","HSC_-G-CSF","HSC_-G-CSF"
"sam2_CATACTTTCGCGTGAC-1","NK_cell","NK_cell"
"sam2_CATACTTTCTGGAGAG-1","Fibroblasts","Fibroblasts"
"sam2_CATAGACAGATGGTAT-1","NK_cell","NK_cell"
"sam2_CATAGACAGTACTGTC-1","NK_cell","NK_cell"
"sam2_CATAGACCAACGTAAA-1","Epithelial_cells","Epithelial_cells"
"sam2_CATAGACCAATCTCGA-1","T_cells","T_cells"
"sam2_CATAGACCAGCTGTTA-1","T_cells","T_cells"
"sam2_CATAGACGTCACCGAC-1","Macrophage","Macrophage"
"sam2_CATAGACGTCCTATAG-1","Macrophage","Macrophage"
"sam2_CATAGACGTTTGACAC-1","CMP","CMP"
"sam2_CATAGACTCCAAACCA-1","Macrophage","Macrophage"
"sam2_CATCAAGAGCGAGGAG-1","T_cells","T_cells"
"sam2_CATCAAGAGGCTGGAT-1","B_cell","B_cell"
"sam2_CATCAAGAGGGTCTTT-1","Macrophage","Macrophage"
"sam2_CATCAAGAGGTGAGAA-1","Pre-B_cell_CD34-","Pre-B_cell_CD34-"
"sam2_CATCAAGCAAGGGCAT-1","NK_cell","NK_cell"
"sam2_CATCAAGGTGTAGCAG-1","Neurons","Neurons"
"sam2_CATCAAGTCAGCACCG-1","T_cells","T_cells"
"sam2_CATCAAGTCAGCTGTA-1","Hepatocytes","Hepatocytes"
"sam2_CATCAAGTCTTGGAAC-1","Fibroblasts","Fibroblasts"
"sam2_CATCCACAGACCATTC-1","Fibroblasts","Fibroblasts"
"sam2_CATCCACAGTCATGCT-1","HSC_-G-CSF","HSC_-G-CSF"
"sam2_CATCCACAGTTCCAGT-1","T_cells","T_cells"
"sam2_CATCCACCAGTTTCGA-1","Pro-Myelocyte","Pro-Myelocyte"
"sam2_CATCCACGTACGTAGG-1","Pre-B_cell_CD34-","Pre-B_cell_CD34-"
"sam2_CATCCACGTGTTTACG-1","NK_cell","NK_cell"
"sam2_CATCCACGTTACCCAA-1","iPS_cells","iPS_cells"
"sam2_CATCCACTCATTGAGC-1","T_cells","T_cells"
"sam2_CATCCCAAGTCGGCCT-1","Macrophage","Macrophage"
"sam2_CATCCCACACCCAACG-1","Fibroblasts","Fibroblasts"
"sam2_CATCCCAGTCAGACTT-1","Pre-B_cell_CD34-","Pre-B_cell_CD34-"
"sam2_CATCCCAGTGCAACAG-1","T_cells","T_cells"
"sam2_CATCCCATCCCTTCCC-1","Pre-B_cell_CD34-","Pre-B_cell_CD34-"
"sam2_CATCCCATCTGGGCGT-1","T_cells","T_cells"
"sam2_CATCCGTCATGCACTA-1","NK_cell","NK_cell"
"sam2_CATCCGTGTTCGGTCG-1","Macrophage","Macrophage"
"sam2_CATCCGTTCCTATTGT-1","T_cells","T_cells"
"sam2_CATCCGTTCTACCACC-1","Macrophage","Macrophage"
"sam2_CATCGCTAGAGAGCGG-1","Fibroblasts","Fibroblasts"
"sam2_CATCGCTAGATGAACT-1","HSC_-G-CSF","HSC_-G-CSF"
"sam2_CATCGCTAGCTCGTGC-1","T_cells","T_cells"
"sam2_CATCGCTGTACAGGTG-1","T_cells","T_cells"
"sam2_CATCGCTGTAGTCACT-1","Smooth_muscle_cells","Smooth_muscle_cells"
"sam2_CATCGCTGTGTATCCA-1","Smooth_muscle_cells","Smooth_muscle_cells"
"sam2_CATCGCTTCACCTCGT-1","Endothelial_cells","Endothelial_cells"
"sam2_CATCGCTTCACGGTCG-1","Monocyte","Monocyte"
"sam2_CATCGCTTCACTTGGA-1","T_cells","T_cells"
"sam2_CATCGGGAGACTCGAG-1","Macrophage","Macrophage"
"sam2_CATCGGGAGAGAGCAA-1","Fibroblasts","Fibroblasts"
"sam2_CATCGGGCAATTGTGC-1","Smooth_muscle_cells","Smooth_muscle_cells"
"sam2_CATCGGGCACTCCTGT-1","T_cells","T_cells"
"sam2_CATCGGGCAGCTGGTC-1","T_cells","T_cells"
"sam2_CATCGGGGTATCGAAA-1","T_cells","T_cells"
"sam2_CATCGGGGTTACACTG-1","T_cells","T_cells"
"sam2_CATCGGGTCATAGGCT-1","Fibroblasts","Fibroblasts"
"sam2_CATCGGGTCATCGACA-1","Macrophage","Macrophage"
"sam2_CATCGGGTCCAGTTCC-1","T_cells","T_cells"
"sam2_CATCGGGTCCCTCTCC-1","T_cells","T_cells"
"sam2_CATCGTCAGGATTTAG-1","NK_cell","NK_cell"
"sam2_CATCGTCAGGTAAGGA-1","T_cells","T_cells"
"sam2_CATCGTCCACAAGTTC-1","T_cells","T_cells"
"sam2_CATCGTCCACTATCGA-1","T_cells","T_cells"
"sam2_CATCGTCCAGTGGCTC-1","NK_cell","NK_cell"
"sam2_CATCGTCTCACAAGAA-1","Macrophage","Macrophage"
"sam2_CATCGTCTCGATACGT-1","NK_cell","NK_cell"
"sam2_CATGAGTCACATTCTT-1","NK_cell","NK_cell"
"sam2_CATGAGTCAGTCACGC-1","Smooth_muscle_cells","Smooth_muscle_cells"
"sam2_CATGAGTGTTCTCCTG-1","Smooth_muscle_cells","Smooth_muscle_cells"
"sam2_CATGAGTTCAATCCAG-1","Macrophage","Macrophage"
"sam2_CATGCAAAGACCATGG-1","Fibroblasts","Fibroblasts"
"sam2_CATGCAATCCAAGCTA-1","Epithelial_cells","Epithelial_cells"
"sam2_CATGCAATCTTGAGCA-1","NK_cell","NK_cell"
"sam2_CATGCCTAGCCATATC-1","HSC_-G-CSF","HSC_-G-CSF"
"sam2_CATGCCTCATGACCCG-1","Macrophage","Macrophage"
"sam2_CATGCGGAGATTAGTG-1","HSC_-G-CSF","HSC_-G-CSF"
"sam2_CATGCGGAGGGTTGCA-1","BM","BM"
"sam2_CATGCGGAGGTATCTC-1","T_cells","T_cells"
"sam2_CATGCGGCACGCTATA-1","Fibroblasts","Fibroblasts"
"sam2_CATGCGGGTCATCGCG-1","NK_cell","NK_cell"
"sam2_CATGCGGTCTGGCCTT-1","Fibroblasts","Fibroblasts"
"sam2_CATGCGGTCTTCTGGC-1","Macrophage","Macrophage"
"sam2_CATGCTCAGCATCCTA-1","NK_cell","NK_cell"
"sam2_CATGCTCAGGCAATGC-1","Neuroepithelial_cell","Neuroepithelial_cell"
"sam2_CATGCTCCACTCGATA-1","HSC_-G-CSF","HSC_-G-CSF"
"sam2_CATGCTCGTCAGATTC-1","Macrophage","Macrophage"
"sam2_CATGCTCGTCGGAACA-1","T_cells","T_cells"
"sam2_CATGCTCTCGAGTGAG-1","HSC_-G-CSF","HSC_-G-CSF"
"sam2_CATGGATCAAAGAACT-1","Pre-B_cell_CD34-","Pre-B_cell_CD34-"
"sam2_CATGGATCAGTGTGCC-1","T_cells","T_cells"
"sam2_CATGGATGTCTGCATA-1","Epithelial_cells","Epithelial_cells"
"sam2_CATGGATTCGGACCAC-1","Fibroblasts","Fibroblasts"
"sam2_CATGGTAAGTTTCAGC-1","NK_cell","NK_cell"
"sam2_CATGGTAGTACCGTGC-1","Macrophage","Macrophage"
"sam2_CATGGTAGTAGGTAGC-1","Pre-B_cell_CD34-","Pre-B_cell_CD34-"
"sam2_CATGGTAGTGAGTTGG-1","T_cells","T_cells"
"sam2_CATGGTATCGATGCAT-1","Smooth_muscle_cells","Unassigned"
"sam2_CATTCATAGGTCCTGC-1","Macrophage","Macrophage"
"sam2_CATTCATCAGCACGAA-1","Smooth_muscle_cells","Smooth_muscle_cells"
"sam2_CATTCATGTATGAGCG-1","GMP","GMP"
"sam2_CATTCATGTGATACTC-1","HSC_-G-CSF","HSC_-G-CSF"
"sam2_CATTCATTCAGTGATC-1","T_cells","T_cells"
"sam2_CATTCATTCCGATCTC-1","T_cells","T_cells"
"sam2_CATTCATTCGGTGTTA-1","T_cells","T_cells"
"sam2_CATTCCGAGCACTTTG-1","Pre-B_cell_CD34-","Pre-B_cell_CD34-"
"sam2_CATTCCGCACAGAGAC-1","Macrophage","Macrophage"
"sam2_CATTCCGCACGTAGAG-1","Pro-B_cell_CD34+","Pro-B_cell_CD34+"
"sam2_CATTCCGTCTGGGATT-1","Pre-B_cell_CD34-","Pre-B_cell_CD34-"
"sam2_CATTCTACAAACCACT-1","NK_cell","NK_cell"
"sam2_CATTCTACAGCTAACT-1","NK_cell","NK_cell"
"sam2_CATTCTACATTGGCAT-1","Monocyte","Monocyte"
"sam2_CATTCTAGTCAGTTTG-1","NK_cell","NK_cell"
"sam2_CATTCTAGTTGAGAGC-1","Macrophage","Macrophage"
"sam2_CATTCTATCTCTAGGA-1","T_cells","T_cells"
"sam2_CATTGAGAGACGCAGT-1","Neuroepithelial_cell","Neuroepithelial_cell"
"sam2_CATTGAGAGCGTATAA-1","T_cells","T_cells"
"sam2_CATTGAGAGCTTCTAG-1","Fibroblasts","Fibroblasts"
"sam2_CATTGAGGTGAGTTGG-1","Macrophage","Macrophage"
"sam2_CATTGAGGTGCGTCGT-1","Macrophage","Macrophage"
"sam2_CATTGAGGTGGCTCTG-1","NK_cell","NK_cell"
"sam2_CATTGAGGTGTCTAAC-1","Fibroblasts","Fibroblasts"
"sam2_CATTGCCAGATCACTC-1","Macrophage","Macrophage"
"sam2_CATTGCCCAACAGCCC-1","BM & Prog.","BM & Prog."
"sam2_CATTGCCGTATCTCGA-1","T_cells","T_cells"
"sam2_CATTGCCGTGTCTAAC-1","Fibroblasts","Fibroblasts"
"sam2_CATTGCCGTTGACGGA-1","Macrophage","Macrophage"
"sam2_CATTGCCTCTATCGTT-1","T_cells","T_cells"
"sam2_CATTGTTAGCTAATGA-1","T_cells","T_cells"
"sam2_CATTGTTAGGAAGTAG-1","T_cells","T_cells"
"sam2_CATTGTTCATAGGTTC-1","Pre-B_cell_CD34-","Pre-B_cell_CD34-"
"sam2_CATTGTTTCGATGCAT-1","Macrophage","Macrophage"
"sam2_CATTGTTTCGGCTGGT-1","Neuroepithelial_cell","Neuroepithelial_cell"
"sam2_CATTGTTTCGTTCGCT-1","B_cell","B_cell"
"sam2_CATTGTTTCTATTTCG-1","T_cells","T_cells"
"sam2_CATTTCAAGCTAGAAT-1","T_cells","T_cells"
"sam2_CATTTCAAGGTAGCAC-1","NK_cell","NK_cell"
"sam2_CATTTCAAGTAATTGG-1","T_cells","T_cells"
"sam2_CATTTCAGTCATAACC-1","T_cells","T_cells"
"sam2_CATTTCAGTCCGGCAT-1","Pre-B_cell_CD34-","Pre-B_cell_CD34-"
"sam2_CATTTCATCTCTTGCG-1","Pre-B_cell_CD34-","Pre-B_cell_CD34-"
"sam2_CATTTCATCTTCTTCC-1","NK_cell","NK_cell"
"sam2_CCAAGCGAGAACCGCA-1","NK_cell","NK_cell"
"sam2_CCAAGCGAGACATCCT-1","Keratinocytes","Keratinocytes"
"sam2_CCAAGCGAGCTGACCC-1","Macrophage","Macrophage"
"sam2_CCAAGCGCACAGCTTA-1","NK_cell","NK_cell"
"sam2_CCAAGCGCATGAAAGT-1","Pro-B_cell_CD34+","Pro-B_cell_CD34+"
"sam2_CCAAGCGCATGTCGTA-1","Macrophage","Macrophage"
"sam2_CCAAGCGGTAAGACCG-1","Macrophage","Macrophage"
"sam2_CCAAGCGTCACCATAG-1","NK_cell","NK_cell"
"sam2_CCAATGAAGTCTGGAG-1","T_cells","T_cells"
"sam2_CCAATGAAGTTTGAGA-1","NK_cell","NK_cell"
"sam2_CCAATGATCGTTCAGA-1","T_cells","T_cells"
"sam2_CCAATTTAGAGACAAG-1","Macrophage","Macrophage"
"sam2_CCAATTTAGCATGCGA-1","T_cells","T_cells"
"sam2_CCAATTTAGTCCGCCA-1","T_cells","T_cells"
"sam2_CCAATTTCAATTCACG-1","T_cells","T_cells"
"sam2_CCAATTTCATCTGGGC-1","NK_cell","NK_cell"
"sam2_CCAATTTGTATTTCGG-1","HSC_-G-CSF","HSC_-G-CSF"
"sam2_CCAATTTGTCGGAACA-1","NK_cell","NK_cell"
"sam2_CCAATTTTCCATCACC-1","Macrophage","Macrophage"
"sam2_CCACAAAAGATTGACA-1","NK_cell","NK_cell"
"sam2_CCACAAAAGTCATTGC-1","Macrophage","Macrophage"
"sam2_CCACAAACAAATGAGT-1","Macrophage","Macrophage"
"sam2_CCACAAAGTCCACATA-1","Macrophage","Macrophage"
"sam2_CCACAAAGTGCCGAAA-1","T_cells","T_cells"
"sam2_CCACAAAGTGGCAGAT-1","NK_cell","NK_cell"
"sam2_CCACAAAGTGGCTGCT-1","Macrophage","Macrophage"
"sam2_CCACAAAGTGGTCTTA-1","Neutrophils","Neutrophils"
"sam2_CCACAAATCAAGTTGC-1","NK_cell","NK_cell"
"sam2_CCACAAATCATTTACC-1","T_cells","T_cells"
"sam2_CCACACTAGAAGTCAT-1","T_cells","T_cells"
"sam2_CCACACTGTACAGCGA-1","Epithelial_cells","Epithelial_cells"
"sam2_CCACACTGTATCGTGT-1","T_cells","T_cells"
"sam2_CCACACTGTCGTCTCT-1","Fibroblasts","Fibroblasts"
"sam2_CCACACTTCCATGATG-1","Macrophage","Macrophage"
"sam2_CCACACTTCCGAAATC-1","Macrophage","Macrophage"
"sam2_CCACACTTCTAGAACC-1","Fibroblasts","Fibroblasts"
"sam2_CCACCATAGAGTGGCT-1","HSC_-G-CSF","HSC_-G-CSF"
"sam2_CCACCATAGCCTGACC-1","Smooth_muscle_cells","Smooth_muscle_cells"
"sam2_CCACCATCATCGCTGG-1","T_cells","T_cells"
"sam2_CCACCATTCACATCAG-1","T_cells","T_cells"
"sam2_CCACGAGAGATGTTCC-1","NK_cell","NK_cell"
"sam2_CCACGAGAGTCTGGAG-1","T_cells","T_cells"
"sam2_CCACGAGTCGAGAAAT-1","T_cells","T_cells"
"sam2_CCACGAGTCGCTGATA-1","HSC_-G-CSF","HSC_-G-CSF"
"sam2_CCACGAGTCTTTGCAT-1","Pre-B_cell_CD34-","Pre-B_cell_CD34-"
"sam2_CCACGTTAGGAGGCAG-1","NK_cell","NK_cell"
"sam2_CCACGTTCAGACCGCT-1","Fibroblasts","Fibroblasts"
"sam2_CCACGTTGTAGTGCGA-1","Monocyte","Monocyte"
"sam2_CCACGTTGTGGATACG-1","NK_cell","NK_cell"
"sam2_CCACGTTGTTATTCTC-1","Macrophage","Macrophage"
"sam2_CCACGTTTCTGAGAAA-1","Macrophage","Macrophage"
"sam2_CCACTTGCATCCGGTG-1","Epithelial_cells","Epithelial_cells"
"sam2_CCACTTGGTCGCTGCA-1","Epithelial_cells","Epithelial_cells"
"sam2_CCATAAGAGTCGCTAT-1","T_cells","T_cells"
"sam2_CCATAAGCACCTTCCA-1","Macrophage","Macrophage"
"sam2_CCATAAGCAGGTTCGC-1","Smooth_muscle_cells","Smooth_muscle_cells"
"sam2_CCATAAGGTCACATTG-1","T_cells","T_cells"
"sam2_CCATAAGGTCCTGTCT-1","Macrophage","Macrophage"
"sam2_CCATAAGTCATTTACC-1","T_cells","T_cells"
"sam2_CCATAAGTCCGCCTAT-1","NK_cell","NK_cell"
"sam2_CCATAAGTCCTCGCAT-1","Macrophage","Macrophage"
"sam2_CCATAAGTCGCTATTT-1","B_cell","B_cell"
"sam2_CCATCACAGATCCAAA-1","iPS_cells","iPS_cells"
"sam2_CCATCACAGCCTAACT-1","T_cells","T_cells"
"sam2_CCATCACCATCATGAC-1","Fibroblasts","Fibroblasts"
"sam2_CCATCACCATTACGGT-1","Fibroblasts","Fibroblasts"
"sam2_CCATCACGTAATACCC-1","Macrophage","Macrophage"
"sam2_CCATCACTCACGGTCG-1","Neutrophils","Neutrophils"
"sam2_CCATCACTCATATGGC-1","Fibroblasts","Fibroblasts"
"sam2_CCCAACTAGCTCGCAC-1","T_cells","T_cells"
"sam2_CCCAACTAGTGCAGGT-1","Fibroblasts","Fibroblasts"
"sam2_CCCAACTCAACCGCTG-1","Smooth_muscle_cells","Smooth_muscle_cells"
"sam2_CCCAACTCACCCTGTT-1","Fibroblasts","Fibroblasts"
"sam2_CCCAACTCACCTTCGT-1","T_cells","T_cells"
"sam2_CCCAACTCACTTACAG-1","NK_cell","NK_cell"
"sam2_CCCAACTCAGTGCGCT-1","NK_cell","NK_cell"
"sam2_CCCAACTCATGCCATA-1","Macrophage","Macrophage"
"sam2_CCCAACTGTCTAGGCC-1","Macrophage","Macrophage"
"sam2_CCCAACTGTTATTCCT-1","DC","DC"
"sam2_CCCAACTGTTGCAACT-1","Macrophage","Macrophage"
"sam2_CCCAACTTCGAGTGAG-1","Neutrophils","Neutrophils"
"sam2_CCCATTGAGAGATGCC-1","Macrophage","Macrophage"
"sam2_CCCATTGAGCCTAACT-1","NK_cell","NK_cell"
"sam2_CCCATTGAGTGCTAGG-1","NK_cell","NK_cell"
"sam2_CCCATTGCAATACCTG-1","T_cells","T_cells"
"sam2_CCCATTGGTACCCACG-1","NK_cell","NK_cell"
"sam2_CCCATTGGTAGCGTTT-1","Macrophage","Macrophage"
"sam2_CCCATTGGTGACATCT-1","NK_cell","NK_cell"
"sam2_CCCATTGGTGGCTTAT-1","T_cells","T_cells"
"sam2_CCCATTGGTTCACGAT-1","T_cells","T_cells"
"sam2_CCCATTGGTTGAGGAC-1","Macrophage","Macrophage"
"sam2_CCCATTGTCATTCACT-1","T_cells","T_cells"
"sam2_CCCGAAGAGAACAGGA-1","T_cells","T_cells"
"sam2_CCCGAAGAGTACCGGA-1","NK_cell","NK_cell"
"sam2_CCCGAAGCAACGTTAC-1","T_cells","T_cells"
"sam2_CCCGAAGCATCGCTGG-1","Smooth_muscle_cells","Smooth_muscle_cells"
"sam2_CCCGAAGGTAACTAAG-1","Fibroblasts","Fibroblasts"
"sam2_CCCGAAGGTCAACGCC-1","Macrophage","Macrophage"
"sam2_CCCGAAGGTCAGATTC-1","Macrophage","Macrophage"
"sam2_CCCGAAGGTCCCTAAA-1","NK_cell","NK_cell"
"sam2_CCCGAAGGTTCTGAGT-1","T_cells","T_cells"
"sam2_CCCGAAGTCAAATAGG-1","Macrophage","Macrophage"
"sam2_CCCGAAGTCACGAGGA-1","Pro-Myelocyte","Pro-Myelocyte"
"sam2_CCCGAAGTCGCTCCTA-1","Fibroblasts","Fibroblasts"
"sam2_CCCGGAAAGGATGTTA-1","Pre-B_cell_CD34-","Pre-B_cell_CD34-"
"sam2_CCCGGAACAGGACTAG-1","Pre-B_cell_CD34-","Pre-B_cell_CD34-"
"sam2_CCCGGAAGTACGTTCA-1","T_cells","T_cells"
"sam2_CCCGGAAGTAGCTTGT-1","Monocyte","Monocyte"
"sam2_CCCGGAATCCCTTGTG-1","Fibroblasts","Fibroblasts"
"sam2_CCCTAACAGACGAGCT-1","Epithelial_cells","Epithelial_cells"
"sam2_CCCTAACAGGCAGTCA-1","MSC","MSC"
"sam2_CCCTAACCATCTTTCA-1","T_cells","T_cells"
"sam2_CCCTAACGTGTCGATT-1","Macrophage","Macrophage"
"sam2_CCCTCAAAGGCATCGA-1","NK_cell","NK_cell"
"sam2_CCCTCAACACCATTCC-1","T_cells","T_cells"
"sam2_CCCTCAACACGGTAGA-1","Fibroblasts","Fibroblasts"
"sam2_CCCTCAACAGACCGCT-1","Macrophage","Macrophage"
"sam2_CCCTCAACAGCAATTC-1","Macrophage","Macrophage"
"sam2_CCCTCAAGTCTCGCGA-1","NK_cell","NK_cell"
"sam2_CCCTCAATCAGAATAG-1","NK_cell","NK_cell"
"sam2_CCCTCAATCGACATAC-1","NK_cell","NK_cell"
"sam2_CCCTCTCAGATTGACA-1","Monocyte","Monocyte"
"sam2_CCCTCTCCAATGAACA-1","Monocyte","Monocyte"
"sam2_CCCTCTCGTGTTGATC-1","NK_cell","NK_cell"
"sam2_CCCTCTCTCAGGTGTT-1","Monocyte","Monocyte"
"sam2_CCCTCTCTCCCAAGCG-1","NK_cell","NK_cell"
"sam2_CCCTCTCTCGACGAGA-1","NK_cell","NK_cell"
"sam2_CCCTGATCAGCACAGA-1","HSC_-G-CSF","HSC_-G-CSF"
"sam2_CCCTGATCATGTGACT-1","HSC_-G-CSF","HSC_-G-CSF"
"sam2_CCCTGATTCCGCTAGG-1","NK_cell","NK_cell"
"sam2_CCCTGATTCCGTGGCA-1","HSC_-G-CSF","HSC_-G-CSF"
"sam2_CCCTTAGAGACATATG-1","Fibroblasts","Fibroblasts"
"sam2_CCCTTAGCAACTGGTT-1","T_cells","T_cells"
"sam2_CCCTTAGCAATATCCG-1","Macrophage","Macrophage"
"sam2_CCCTTAGCATAACGGG-1","Fibroblasts","Fibroblasts"
"sam2_CCCTTAGCATAATGAG-1","Fibroblasts","Fibroblasts"
"sam2_CCCTTAGGTGCACAAG-1","Smooth_muscle_cells","Smooth_muscle_cells"
"sam2_CCCTTAGGTTCGGCTG-1","Neutrophils","Neutrophils"
"sam2_CCCTTAGGTTCTGAGT-1","Macrophage","Macrophage"
"sam2_CCCTTAGTCCATAAGC-1","Fibroblasts","Fibroblasts"
"sam2_CCGAACGAGATACAGT-1","Macrophage","Macrophage"
"sam2_CCGAACGAGGATTTGA-1","Macrophage","Macrophage"
"sam2_CCGAACGAGGTTTACC-1","T_cells","T_cells"
"sam2_CCGAACGAGTCACTCA-1","Embryonic_stem_cells","Embryonic_stem_cells"
"sam2_CCGAACGTCAACGCTA-1","Macrophage","Macrophage"
"sam2_CCGAACGTCAAGTGTC-1","Epithelial_cells","Epithelial_cells"
"sam2_CCGAACGTCATGGATC-1","NK_cell","NK_cell"
"sam2_CCGATCTAGGCCCGTT-1","T_cells","T_cells"
"sam2_CCGATCTCATCGAACT-1","Pre-B_cell_CD34-","Pre-B_cell_CD34-"
"sam2_CCGATCTGTCCTCCTA-1","Pre-B_cell_CD34-","Pre-B_cell_CD34-"
"sam2_CCGATCTGTTGGGCCT-1","T_cells","T_cells"
"sam2_CCGATCTTCACCTCAC-1","Smooth_muscle_cells","Smooth_muscle_cells"
"sam2_CCGATGGAGATGATTG-1","Macrophage","Macrophage"
"sam2_CCGATGGCAATACAGA-1","Epithelial_cells","Epithelial_cells"
"sam2_CCGATGGCACTGGCCA-1","Keratinocytes","Keratinocytes"
"sam2_CCGATGGGTGTTCAGT-1","Smooth_muscle_cells","Smooth_muscle_cells"
"sam2_CCGATGGGTTGAAGTA-1","Pre-B_cell_CD34-","Pre-B_cell_CD34-"
"sam2_CCGATGGTCAGCACCG-1","T_cells","T_cells"
"sam2_CCGATGGTCCGAGGCT-1","HSC_-G-CSF","HSC_-G-CSF"
"sam2_CCGCAAGCAGTTGAAA-1","Fibroblasts","Fibroblasts"
"sam2_CCGCAAGGTGGGAGAG-1","Fibroblasts","Fibroblasts"
"sam2_CCGCAAGGTTGCGAAG-1","Neurons","Neurons"
"sam2_CCGCAAGTCTATTCGT-1","Smooth_muscle_cells","Smooth_muscle_cells"
"sam2_CCGGACACAAAGTATG-1","Macrophage","Macrophage"
"sam2_CCGGACACATCCCGTT-1","Smooth_muscle_cells","Smooth_muscle_cells"
"sam2_CCGGACACATCTGGGC-1","Smooth_muscle_cells","Smooth_muscle_cells"
"sam2_CCGGACAGTCCATAGT-1","NK_cell","NK_cell"
"sam2_CCGGACATCGACCAAT-1","NK_cell","NK_cell"
"sam2_CCGGACATCGAGCTGC-1","Macrophage","Macrophage"
"sam2_CCGGACATCGGTGAAG-1","HSC_-G-CSF","HSC_-G-CSF"
"sam2_CCGGACATCTGCGATA-1","T_cells","T_cells"
"sam2_CCGGGTAAGAAGAGCA-1","Smooth_muscle_cells","Smooth_muscle_cells"
"sam2_CCGGGTAAGTATTCCG-1","Fibroblasts","Fibroblasts"
"sam2_CCGGGTAGTGACCGTC-1","B_cell","B_cell"
"sam2_CCGGGTAGTGCATGTT-1","Chondrocytes","Chondrocytes"
"sam2_CCGGGTATCACTAGCA-1","Fibroblasts","Fibroblasts"
"sam2_CCGGGTATCACTTTGT-1","NK_cell","NK_cell"
"sam2_CCGGGTATCTTTCCAA-1","T_cells","T_cells"
"sam2_CCGGTAGAGGAAGTCC-1","NK_cell","NK_cell"
"sam2_CCGGTAGCACAAGCCC-1","T_cells","T_cells"
"sam2_CCGGTAGCACTTACAG-1","Endothelial_cells","Endothelial_cells"
"sam2_CCGGTAGGTGTTGAGG-1","Macrophage","Macrophage"
"sam2_CCGGTAGTCCTCAGAA-1","Neurons","Neurons"
"sam2_CCGGTAGTCGGTAGAG-1","Pre-B_cell_CD34-","Pre-B_cell_CD34-"
"sam2_CCGGTAGTCGTGGGAA-1","T_cells","T_cells"
"sam2_CCGGTGAAGCTCTTCC-1","NK_cell","NK_cell"
"sam2_CCGGTGACAGCTCCTT-1","T_cells","T_cells"
"sam2_CCGGTGACATGGCCAC-1","MSC","MSC"
"sam2_CCGGTGAGTATCGGTT-1","Macrophage","Macrophage"
"sam2_CCGGTGATCAAGCGTT-1","NK_cell","NK_cell"
"sam2_CCGGTGATCCCATAGA-1","Macrophage","Macrophage"
"sam2_CCGGTGATCTCACGAA-1","NK_cell","NK_cell"
"sam2_CCGTAGGAGACCTGGA-1","Fibroblasts","Fibroblasts"
"sam2_CCGTAGGAGAGTTGCG-1","T_cells","T_cells"
"sam2_CCGTAGGAGGGCATGT-1","Epithelial_cells","Epithelial_cells"
"sam2_CCGTAGGTCTCTCAAT-1","Smooth_muscle_cells","Smooth_muscle_cells"
"sam2_CCGTGAGAGGCACTCC-1","Monocyte","Monocyte"
"sam2_CCGTGAGCATGTTTGG-1","Epithelial_cells","Epithelial_cells"
"sam2_CCGTGAGGTCACTCTC-1","NK_cell","NK_cell"
"sam2_CCGTGAGGTCATCCGG-1","Macrophage","Macrophage"
"sam2_CCGTGAGGTGCATTTG-1","NK_cell","NK_cell"
"sam2_CCGTGAGTCCAATGCA-1","NK_cell","NK_cell"
"sam2_CCGTTCAAGCGATGGT-1","MSC","MSC"
"sam2_CCGTTCAAGCTGACTT-1","Pro-Myelocyte","Pro-Myelocyte"
"sam2_CCGTTCAAGTAATCCC-1","T_cells","T_cells"
"sam2_CCGTTCACACTCATAG-1","HSC_-G-CSF","HSC_-G-CSF"
"sam2_CCGTTCACATCCTATT-1","Smooth_muscle_cells","Smooth_muscle_cells"
"sam2_CCGTTCACATTGACAC-1","Pre-B_cell_CD34-","Pre-B_cell_CD34-"
"sam2_CCGTTCAGTCAACGCC-1","Pre-B_cell_CD34-","Pre-B_cell_CD34-"
"sam2_CCGTTCATCTGAATGC-1","Fibroblasts","Fibroblasts"
"sam2_CCTAACCAGCCGAATG-1","T_cells","T_cells"
"sam2_CCTAACCGTCCGGACT-1","Epithelial_cells","Epithelial_cells"
"sam2_CCTAACCGTGGCTCTG-1","Macrophage","Macrophage"
"sam2_CCTAACCTCGCGAAGA-1","Smooth_muscle_cells","Smooth_muscle_cells"
"sam2_CCTAACCTCTGCTTAT-1","T_cells","T_cells"
"sam2_CCTAAGAAGTAAACGT-1","T_cells","T_cells"
"sam2_CCTAAGAAGTGAGTTA-1","NK_cell","NK_cell"
"sam2_CCTAAGAAGTTGCTGT-1","Smooth_muscle_cells","Smooth_muscle_cells"
"sam2_CCTAAGACAATAGGGC-1","HSC_CD34+","HSC_CD34+"
"sam2_CCTAAGACAGAATGTA-1","T_cells","T_cells"
"sam2_CCTAAGACAGTCAGAG-1","T_cells","T_cells"
"sam2_CCTAAGACATTGGCAT-1","T_cells","T_cells"
"sam2_CCTAAGATCATTGTGG-1","Fibroblasts","Fibroblasts"
"sam2_CCTAAGATCCTTCTGG-1","T_cells","T_cells"
"sam2_CCTAAGATCTGTAACG-1","Macrophage","Macrophage"
"sam2_CCTACGTAGGGAGATA-1","NK_cell","NK_cell"
"sam2_CCTACGTCAAATGGTA-1","Fibroblasts","Fibroblasts"
"sam2_CCTACGTCATGGCCCA-1","Embryonic_stem_cells","Embryonic_stem_cells"
"sam2_CCTACGTTCATCCTAT-1","T_cells","T_cells"
"sam2_CCTATCGAGAAGCTGC-1","Fibroblasts","Fibroblasts"
"sam2_CCTATCGAGCTCGACC-1","NK_cell","NK_cell"
"sam2_CCTATCGCAGTTGCGC-1","NK_cell","NK_cell"
"sam2_CCTATCGGTAGTCTTG-1","Monocyte","Monocyte"
"sam2_CCTATCGTCGTCTACC-1","NK_cell","NK_cell"
"sam2_CCTCAACAGGAGAGTA-1","NK_cell","NK_cell"
"sam2_CCTCAACGTGCTGATT-1","T_cells","T_cells"
"sam2_CCTCAACTCAGCTTCC-1","Smooth_muscle_cells","Smooth_muscle_cells"
"sam2_CCTCACAAGCAACTCT-1","NK_cell","NK_cell"
"sam2_CCTCACAAGGAAGTAG-1","Macrophage","Macrophage"
"sam2_CCTCACAAGGCGTTAG-1","T_cells","T_cells"
"sam2_CCTCACACAGAGTGTG-1","Smooth_muscle_cells","Smooth_muscle_cells"
"sam2_CCTCACAGTAACATAG-1","NK_cell","NK_cell"
"sam2_CCTCACAGTAAGGCTG-1","NK_cell","NK_cell"
"sam2_CCTCACAGTACAAAGT-1","T_cells","T_cells"
"sam2_CCTCACAGTCGCTTAA-1","NK_cell","NK_cell"
"sam2_CCTCACAGTTATGGTC-1","T_cells","T_cells"
"sam2_CCTCACATCAAGTGTC-1","T_cells","T_cells"
"sam2_CCTCAGTCACACACTA-1","Fibroblasts","Fibroblasts"
"sam2_CCTCAGTGTATGACAA-1","Epithelial_cells","Epithelial_cells"
"sam2_CCTCAGTGTGGATCAG-1","Smooth_muscle_cells","Smooth_muscle_cells"
"sam2_CCTCAGTGTTGTTGAC-1","T_cells","T_cells"
"sam2_CCTCATGAGATAGGGA-1","Smooth_muscle_cells","Smooth_muscle_cells"
"sam2_CCTCATGAGATTGAGT-1","NK_cell","NK_cell"
"sam2_CCTCATGAGCAGGGAG-1","Macrophage","Macrophage"
"sam2_CCTCATGAGTTCCGGC-1","Epithelial_cells","Epithelial_cells"
"sam2_CCTCATGGTTTGAAAG-1","Macrophage","Macrophage"
"sam2_CCTCCAAAGGGTCTTT-1","Monocyte","Monocyte"
"sam2_CCTCCAACATTGACTG-1","BM","BM"
"sam2_CCTCCAAGTTGGTGTT-1","NK_cell","NK_cell"
"sam2_CCTCCAATCCAAGCAT-1","T_cells","T_cells"
"sam2_CCTCCTCAGCTAATCC-1","Macrophage","Macrophage"
"sam2_CCTCCTCCATTGACCA-1","Macrophage","Macrophage"
"sam2_CCTCCTCGTGGTACAG-1","T_cells","T_cells"
"sam2_CCTCCTCTCCATAGAC-1","T_cells","T_cells"
"sam2_CCTCCTCTCCGTAGTA-1","Pro-Myelocyte","Pro-Myelocyte"
"sam2_CCTCTAGAGCTGTTAC-1","NK_cell","NK_cell"
"sam2_CCTCTAGAGGAACGAA-1","NK_cell","NK_cell"
"sam2_CCTCTAGAGTCACTAC-1","Embryonic_stem_cells","Embryonic_stem_cells"
"sam2_CCTCTAGTCCTCACGT-1","Pre-B_cell_CD34-","Pre-B_cell_CD34-"
"sam2_CCTCTAGTCTCGACGG-1","NK_cell","NK_cell"
"sam2_CCTCTCCAGTATAGGT-1","Epithelial_cells","Epithelial_cells"
"sam2_CCTCTCCAGTCCTGTA-1","NK_cell","NK_cell"
"sam2_CCTCTCCAGTCTCCTC-1","T_cells","T_cells"
"sam2_CCTCTCCCACATATCG-1","T_cells","T_cells"
"sam2_CCTCTCCCAGCGAACA-1","NK_cell","NK_cell"
"sam2_CCTCTCCGTCGAGTGA-1","Macrophage","Macrophage"
"sam2_CCTGCATAGGCACTCC-1","T_cells","T_cells"
"sam2_CCTGCATAGTCACACT-1","NK_cell","NK_cell"
"sam2_CCTGCATCAAAGCTAA-1","T_cells","T_cells"
"sam2_CCTGCATGTGGACAGT-1","Smooth_muscle_cells","Smooth_muscle_cells"
"sam2_CCTGTTGAGAAACTCA-1","CMP","CMP"
"sam2_CCTGTTGCACTCTAGA-1","Pre-B_cell_CD34-","Pre-B_cell_CD34-"
"sam2_CCTGTTGGTTGTGCAT-1","MSC","MSC"
"sam2_CCTTCAGAGGCCTGCT-1","T_cells","T_cells"
"sam2_CCTTCAGAGGTCGTGA-1","DC","DC"
"sam2_CCTTCAGCACCCTAGG-1","Macrophage","Macrophage"
"sam2_CCTTCAGCAGAGGAAA-1","Smooth_muscle_cells","Smooth_muscle_cells"
"sam2_CCTTCAGGTGGTCTTA-1","NK_cell","NK_cell"
"sam2_CCTTCAGTCGAACGCC-1","T_cells","T_cells"
"sam2_CCTTGTGAGAATCGAT-1","Epithelial_cells","Epithelial_cells"
"sam2_CCTTGTGAGCGTTCCG-1","Fibroblasts","Fibroblasts"
"sam2_CCTTGTGCAACGCCCA-1","Fibroblasts","Fibroblasts"
"sam2_CCTTGTGCAGCCTTCT-1","NK_cell","NK_cell"
"sam2_CCTTGTGCAGTCACGC-1","B_cell","B_cell"
"sam2_CCTTGTGCAGTTTGGT-1","T_cells","T_cells"
"sam2_CCTTTGGAGAGAGCCT-1","Fibroblasts","Fibroblasts"
"sam2_CCTTTGGAGCTGGTGA-1","NK_cell","NK_cell"
"sam2_CCTTTGGAGGTGAGCT-1","NK_cell","NK_cell"
"sam2_CCTTTGGCACCGTCTT-1","Fibroblasts","Fibroblasts"
"sam2_CCTTTGGGTACCGGAA-1","Macrophage","Macrophage"
"sam2_CCTTTGGGTCAGGCAA-1","Monocyte","Monocyte"
"sam2_CCTTTGGGTCTTTCAT-1","Fibroblasts","Fibroblasts"
"sam2_CCTTTGGGTGGTACAG-1","T_cells","T_cells"
"sam2_CCTTTGGTCTCCGATC-1","T_cells","T_cells"
"sam2_CGAAGGAAGGGCAAGG-1","Macrophage","Macrophage"
"sam2_CGAAGGAAGTGAATAC-1","HSC_-G-CSF","HSC_-G-CSF"
"sam2_CGAAGGAGTGCTTCAA-1","NK_cell","NK_cell"
"sam2_CGAAGGATCAATCTTC-1","Fibroblasts","Fibroblasts"
"sam2_CGAAGTTAGGCGACAT-1","Macrophage","Macrophage"
"sam2_CGAAGTTAGTATAGAC-1","T_cells","T_cells"
"sam2_CGAAGTTCAACAACAA-1","Macrophage","Macrophage"
"sam2_CGAAGTTGTATGAAAC-1","T_cells","T_cells"
"sam2_CGAATTGAGCATCAGG-1","NK_cell","NK_cell"
"sam2_CGAATTGAGGCACGAT-1","Monocyte","Monocyte"
"sam2_CGAATTGAGGGTACAC-1","NK_cell","NK_cell"
"sam2_CGAATTGCAAACCATC-1","MSC","MSC"
"sam2_CGAATTGCAATGACCT-1","Macrophage","Macrophage"
"sam2_CGAATTGCACAATGCT-1","T_cells","T_cells"
"sam2_CGAATTGCACTCAGAT-1","Epithelial_cells","Epithelial_cells"
"sam2_CGAATTGGTGCGTGCT-1","T_cells","T_cells"
"sam2_CGAATTGGTTACCTGA-1","Macrophage","Macrophage"
"sam2_CGAATTGGTTGTAAAG-1","Macrophage","Macrophage"
"sam2_CGACAGCAGACTAAGT-1","T_cells","T_cells"
"sam2_CGACAGCAGCACCCAC-1","NK_cell","NK_cell"
"sam2_CGACAGCAGGCTGGAT-1","Macrophage","Macrophage"
"sam2_CGACAGCCAGATCCAT-1","Fibroblasts","Fibroblasts"
"sam2_CGACAGCGTCATGGCC-1","Pre-B_cell_CD34-","Pre-B_cell_CD34-"
"sam2_CGACAGCGTCCCAAAT-1","Pre-B_cell_CD34-","Pre-B_cell_CD34-"
"sam2_CGACAGCTCAAGTAAG-1","Pre-B_cell_CD34-","Pre-B_cell_CD34-"
"sam2_CGACAGCTCGCTCTCA-1","HSC_-G-CSF","HSC_-G-CSF"
"sam2_CGACAGCTCTAGACAC-1","Platelets","Platelets"
"sam2_CGAGAAGGTAACCCGC-1","T_cells","T_cells"
"sam2_CGAGAAGTCCAGTTCC-1","T_cells","T_cells"
"sam2_CGAGAAGTCGGTAGAG-1","NK_cell","NK_cell"
"sam2_CGAGGAAAGTATAGAC-1","T_cells","T_cells"
"sam2_CGAGGAACAGCAGAAC-1","Pro-Myelocyte","Pro-Myelocyte"
"sam2_CGAGGAACATCCGAAT-1","Pre-B_cell_CD34-","Pre-B_cell_CD34-"
"sam2_CGAGGAATCCATCTCG-1","Fibroblasts","Fibroblasts"
"sam2_CGAGGAATCTGAATCG-1","HSC_-G-CSF","HSC_-G-CSF"
"sam2_CGAGGCTAGATTACCC-1","Macrophage","Macrophage"
"sam2_CGAGGCTCAATCCTTT-1","Macrophage","Macrophage"
"sam2_CGAGGCTCACAGTGAG-1","Pre-B_cell_CD34-","Pre-B_cell_CD34-"
"sam2_CGAGGCTCATACGCAT-1","NK_cell","NK_cell"
"sam2_CGAGGCTCATCTGGGC-1","NK_cell","NK_cell"
"sam2_CGAGGCTGTATGGTAA-1","NK_cell","NK_cell"
"sam2_CGAGGCTTCGTTAGTG-1","NK_cell","NK_cell"
"sam2_CGAGTGCAGGCATGGT-1","Fibroblasts","Fibroblasts"
"sam2_CGAGTGCAGTAGATCA-1","Macrophage","Macrophage"
"sam2_CGAGTGCCAGCTCGGT-1","HSC_CD34+","HSC_CD34+"
"sam2_CGAGTGCGTGTGTCCG-1","Fibroblasts","Fibroblasts"
"sam2_CGAGTTAAGGGACCAT-1","NK_cell","NK_cell"
"sam2_CGAGTTAAGGTCCCGT-1","Epithelial_cells","Epithelial_cells"
"sam2_CGAGTTAGTCCATCTC-1","NK_cell","NK_cell"
"sam2_CGAGTTAGTTTGGGTT-1","T_cells","T_cells"
"sam2_CGATCGGAGATGAATC-1","Neurons","Neurons"
"sam2_CGATCGGAGTATCCTG-1","Epithelial_cells","Epithelial_cells"
"sam2_CGATCGGCAATCGCAT-1","NK_cell","NK_cell"
"sam2_CGATCGGCACGCAAAG-1","Macrophage","Macrophage"
"sam2_CGATCGGGTAATCAAG-1","Macrophage","Macrophage"
"sam2_CGATCGGGTGGCTGAA-1","Macrophage","Macrophage"
"sam2_CGATGCGCAGGCTACC-1","Smooth_muscle_cells","Smooth_muscle_cells"
"sam2_CGATGCGCATTGACTG-1","T_cells","T_cells"
"sam2_CGATGCGGTTCTCACC-1","Smooth_muscle_cells","Smooth_muscle_cells"
"sam2_CGATGGCAGACTACGG-1","Macrophage","Macrophage"
"sam2_CGATGGCAGAGGCTGT-1","Macrophage","Macrophage"
"sam2_CGATGGCAGTAGTGCG-1","NK_cell","NK_cell"
"sam2_CGATGGCAGTCGCTAT-1","Macrophage","Macrophage"
"sam2_CGATGGCCAGGTCAGA-1","NK_cell","NK_cell"
"sam2_CGATGGCGTCCACATA-1","NK_cell","NK_cell"
"sam2_CGATGGCGTGGCTGCT-1","HSC_-G-CSF","HSC_-G-CSF"
"sam2_CGATGGCTCACCCATC-1","T_cells","T_cells"
"sam2_CGATGGCTCACCGGTG-1","Fibroblasts","Fibroblasts"
"sam2_CGATGGCTCCTGTAAG-1","Epithelial_cells","Epithelial_cells"
"sam2_CGATGGCTCTCGACCT-1","NK_cell","NK_cell"
"sam2_CGCAGGTAGACGACGT-1","Fibroblasts","Fibroblasts"
"sam2_CGCAGGTCACACCTAA-1","Macrophage","Macrophage"
"sam2_CGCAGGTCACATTGTG-1","Macrophage","Macrophage"
"sam2_CGCAGGTCACCCAATA-1","T_cells","T_cells"
"sam2_CGCAGGTGTACGTTCA-1","Chondrocytes","Chondrocytes"
"sam2_CGCAGGTGTGAGGATC-1","Smooth_muscle_cells","Smooth_muscle_cells"
"sam2_CGCATAAAGGCATCGA-1","NK_cell","NK_cell"
"sam2_CGCATAAAGGGCAACT-1","Macrophage","Macrophage"
"sam2_CGCATAACAAGTCCAT-1","T_cells","T_cells"
"sam2_CGCATAATCATGTCAG-1","HSC_-G-CSF","HSC_-G-CSF"
"sam2_CGCATAATCCGTGTAA-1","NK_cell","NK_cell"
"sam2_CGCATGGAGTTTGAGA-1","Chondrocytes","Chondrocytes"
"sam2_CGCATGGCACCGAATT-1","Keratinocytes","Keratinocytes"
"sam2_CGCATGGGTCAGTCTA-1","NK_cell","NK_cell"
"sam2_CGCATGGGTTACGTAC-1","HSC_-G-CSF","HSC_-G-CSF"
"sam2_CGCATGGTCGCTTACC-1","Macrophage","Macrophage"
"sam2_CGCATGGTCTAGATCG-1","Smooth_muscle_cells","Smooth_muscle_cells"
"sam2_CGCCAGAAGGGACAGG-1","NK_cell","NK_cell"
"sam2_CGCCAGAAGGTTCTTG-1","DC","DC"
"sam2_CGCCAGAAGTTCATCG-1","Monocyte","Monocyte"
"sam2_CGCCAGAGTAAGCGGT-1","Macrophage","Macrophage"
"sam2_CGCCATTCAGCCGTCA-1","T_cells","T_cells"
"sam2_CGCCATTCATCAGCTA-1","Hepatocytes","Hepatocytes"
"sam2_CGCCATTTCGAGGCAA-1","Epithelial_cells","Epithelial_cells"
"sam2_CGCGTGAAGATCCTAC-1","NK_cell","NK_cell"
"sam2_CGCGTGAAGCTAGATA-1","T_cells","T_cells"
"sam2_CGCGTGAAGTGAGCCA-1","Pro-B_cell_CD34+","Pro-B_cell_CD34+"
"sam2_CGCGTGACAGCCATTA-1","NK_cell","NK_cell"
"sam2_CGCGTGACATGTACGT-1","Macrophage","Macrophage"
"sam2_CGCGTGATCGCGCCAA-1","Epithelial_cells","Epithelial_cells"
"sam2_CGGAACCCAGAGTCAG-1","NK_cell","NK_cell"
"sam2_CGGAACCGTAGAATAC-1","Chondrocytes","Chondrocytes"
"sam2_CGGAACCGTATTTCCT-1","T_cells","T_cells"
"sam2_CGGAACCGTCAGTTTG-1","Monocyte","Monocyte"
"sam2_CGGAACCGTCTTACTT-1","Macrophage","Macrophage"
"sam2_CGGAACCGTGGGCTTC-1","Fibroblasts","Fibroblasts"
"sam2_CGGAACCTCTTCCCGA-1","Monocyte","Monocyte"
"sam2_CGGAATTCAGGGATAC-1","Monocyte","Monocyte"
"sam2_CGGAATTGTATGGTTC-1","Smooth_muscle_cells","Smooth_muscle_cells"
"sam2_CGGAATTTCCACGTGG-1","Epithelial_cells","Epithelial_cells"
"sam2_CGGACACAGACAACTA-1","NK_cell","NK_cell"
"sam2_CGGACACCAAATGATG-1","NK_cell","NK_cell"
"sam2_CGGACACCAACACGAG-1","Fibroblasts","Fibroblasts"
"sam2_CGGACACCATTGTAGC-1","NK_cell","NK_cell"
"sam2_CGGACACTCTGCCTGT-1","Epithelial_cells","Epithelial_cells"
"sam2_CGGAGAAAGCTAAACA-1","Chondrocytes","Chondrocytes"
"sam2_CGGAGAAAGGATCACG-1","NK_cell","NK_cell"
"sam2_CGGAGAACAGTACTAC-1","NK_cell","NK_cell"
"sam2_CGGAGAACATGTGTCA-1","Epithelial_cells","Epithelial_cells"
"sam2_CGGAGAAGTCCCTGAG-1","Pro-Myelocyte","Pro-Myelocyte"
"sam2_CGGAGAAGTCGTCAGC-1","T_cells","T_cells"
"sam2_CGGAGAATCCGTGTAA-1","Fibroblasts","Fibroblasts"
"sam2_CGGCAGTAGACGAGCT-1","Monocyte","Monocyte"
"sam2_CGGCAGTAGGTACATA-1","Fibroblasts","Fibroblasts"
"sam2_CGGCAGTAGTATGGAT-1","Macrophage","Macrophage"
"sam2_CGGCAGTAGTCTGCGC-1","Smooth_muscle_cells","Smooth_muscle_cells"
"sam2_CGGCAGTCATTGAGCT-1","Macrophage","Macrophage"
"sam2_CGGCAGTGTCACGCTG-1","T_cells","T_cells"
"sam2_CGGCAGTGTCTTGCTC-1","Epithelial_cells","Epithelial_cells"
"sam2_CGGCAGTGTGGTCTAT-1","Keratinocytes","Keratinocytes"
"sam2_CGGCAGTTCAAACGTC-1","NK_cell","NK_cell"
"sam2_CGGCAGTTCACCTCTG-1","Macrophage","Macrophage"
"sam2_CGGCAGTTCCCGAGGT-1","T_cells","T_cells"
"sam2_CGGCAGTTCCCTTCCC-1","Macrophage","Macrophage"
"sam2_CGGGACTAGACGCCCT-1","T_cells","T_cells"
"sam2_CGGGACTAGCTTACGT-1","NK_cell","NK_cell"
"sam2_CGGGACTCAACTCGTA-1","T_cells","T_cells"
"sam2_CGGGACTCAGGGACTA-1","Macrophage","Macrophage"
"sam2_CGGGACTCATACACCA-1","Epithelial_cells","Epithelial_cells"
"sam2_CGGGACTCATCTATCT-1","HSC_-G-CSF","HSC_-G-CSF"
"sam2_CGGGACTGTCGCCACA-1","Macrophage","Macrophage"
"sam2_CGGGACTTCAAGGTGG-1","Pre-B_cell_CD34-","Pre-B_cell_CD34-"
"sam2_CGGGCATAGCTCCACG-1","Fibroblasts","Fibroblasts"
"sam2_CGGGCATAGGGCAGTT-1","Macrophage","Macrophage"
"sam2_CGGGCATCAACATCGT-1","T_cells","T_cells"
"sam2_CGGGCATCATCTAGAC-1","Chondrocytes","Chondrocytes"
"sam2_CGGGCATGTATTGCCA-1","NK_cell","NK_cell"
"sam2_CGGGCATGTGATAGAT-1","T_cells","T_cells"
"sam2_CGGGCATGTTCCGCTT-1","T_cells","T_cells"
"sam2_CGGGCATGTTTGATCG-1","B_cell","B_cell"
"sam2_CGGGTCAAGCTGACCC-1","HSC_-G-CSF","HSC_-G-CSF"
"sam2_CGGGTCAAGTCTCCTC-1","NK_cell","NK_cell"
"sam2_CGGGTCACAATACCTG-1","NK_cell","NK_cell"
"sam2_CGGGTCACAATCCTTT-1","Macrophage","Macrophage"
"sam2_CGGGTCACATCCTCAC-1","T_cells","T_cells"
"sam2_CGGGTCATCAATGTCG-1","B_cell","B_cell"
"sam2_CGGGTCATCGTTGTTT-1","T_cells","T_cells"
"sam2_CGGGTGTAGCAGGCAT-1","Fibroblasts","Fibroblasts"
"sam2_CGGGTGTAGTACCCTA-1","Epithelial_cells","Epithelial_cells"
"sam2_CGGGTGTCAGCTCATA-1","NK_cell","NK_cell"
"sam2_CGGGTGTGTGCAATAA-1","Hepatocytes","Hepatocytes"
"sam2_CGGTCAGAGAAATTGC-1","B_cell","B_cell"
"sam2_CGGTCAGAGAACAAGG-1","NK_cell","NK_cell"
"sam2_CGGTCAGAGATTAGCA-1","T_cells","T_cells"
"sam2_CGGTCAGAGCGGTATG-1","Chondrocytes","Unassigned"
"sam2_CGGTCAGCAGGCCCTA-1","T_cells","T_cells"
"sam2_CGGTCAGGTACGGCAA-1","T_cells","T_cells"
"sam2_CGGTCAGGTCGCATGC-1","T_cells","T_cells"
"sam2_CGGTCAGTCAGACTGT-1","T_cells","T_cells"
"sam2_CGTAAGTAGCAGCCCT-1","Fibroblasts","Fibroblasts"
"sam2_CGTAAGTCACGAGGTA-1","NK_cell","NK_cell"
"sam2_CGTAAGTTCAGCTCTC-1","T_cells","T_cells"
"sam2_CGTAAGTTCATCGCAA-1","Fibroblasts","Fibroblasts"
"sam2_CGTAAGTTCTGGGAGA-1","Macrophage","Macrophage"
"sam2_CGTAATGAGAAACCCG-1","Fibroblasts","Fibroblasts"
"sam2_CGTAATGAGACAACAT-1","Macrophage","Macrophage"
"sam2_CGTAATGGTCGTACAT-1","Macrophage","Macrophage"
"sam2_CGTAATGGTTCACCGG-1","T_cells","T_cells"
"sam2_CGTAATGGTTCCTTGC-1","NK_cell","NK_cell"
"sam2_CGTAATGGTTGCTGAT-1","Pre-B_cell_CD34-","Pre-B_cell_CD34-"
"sam2_CGTAATGTCATCTACT-1","NK_cell","NK_cell"
"sam2_CGTAATGTCATCTGTT-1","Smooth_muscle_cells","Smooth_muscle_cells"
"sam2_CGTAATGTCTATGCCC-1","Fibroblasts","Fibroblasts"
"sam2_CGTAGTAAGTTTAGGA-1","Keratinocytes","Keratinocytes"
"sam2_CGTAGTACAGCTTCCT-1","Smooth_muscle_cells","Smooth_muscle_cells"
"sam2_CGTAGTAGTCTTCCGT-1","NK_cell","NK_cell"
"sam2_CGTCAAAAGATGAACT-1","T_cells","T_cells"
"sam2_CGTCAAAGTCAACCAT-1","Macrophage","Macrophage"
"sam2_CGTCAAATCATGACAC-1","HSC_-G-CSF","HSC_-G-CSF"
"sam2_CGTCAAATCGCAGTCG-1","Smooth_muscle_cells","Smooth_muscle_cells"
"sam2_CGTCCATAGCCTGAGA-1","NK_cell","NK_cell"
"sam2_CGTCCATAGGGCATGT-1","T_cells","T_cells"
"sam2_CGTCCATCAATCTGCA-1","Fibroblasts","Fibroblasts"
"sam2_CGTCCATCAGCACGAA-1","T_cells","T_cells"
"sam2_CGTCCATCATACTGTG-1","Epithelial_cells","Epithelial_cells"
"sam2_CGTCCATCATAGCTGT-1","Macrophage","Macrophage"
"sam2_CGTCCATGTGGTCCCA-1","Smooth_muscle_cells","Smooth_muscle_cells"
"sam2_CGTCCATGTGTATACC-1","Macrophage","Macrophage"
"sam2_CGTCCATTCCTAGCCT-1","T_cells","T_cells"
"sam2_CGTGAATAGGATGTTA-1","Macrophage","Macrophage"
"sam2_CGTGAATCAAGGTACG-1","NK_cell","NK_cell"
"sam2_CGTGAATCAGGTCTCG-1","Macrophage","Macrophage"
"sam2_CGTGAATGTTAAAGTG-1","Macrophage","Macrophage"
"sam2_CGTGAATGTTCTCCTG-1","Macrophage","Macrophage"
"sam2_CGTGAATTCGATTGGT-1","NK_cell","NK_cell"
"sam2_CGTGATAAGTTGTAAG-1","NK_cell","NK_cell"
"sam2_CGTGATACACAGTGTT-1","Macrophage","Macrophage"
"sam2_CGTGATACACATGGTT-1","Macrophage","Macrophage"
"sam2_CGTGATACAGCCGTCA-1","Macrophage","Macrophage"
"sam2_CGTGATACATGTAACC-1","Macrophage","Macrophage"
"sam2_CGTGATATCTGAGAAA-1","NK_cell","NK_cell"
"sam2_CGTGCTTCATCAGCTA-1","MSC","MSC"
"sam2_CGTGCTTTCGAAGCCC-1","Pro-B_cell_CD34+","Pro-B_cell_CD34+"
"sam2_CGTGTCTCAGAACGCA-1","Macrophage","Macrophage"
"sam2_CGTGTCTCATCGGCCA-1","Epithelial_cells","Epithelial_cells"
"sam2_CGTGTCTCATGACACT-1","Macrophage","Macrophage"
"sam2_CGTGTCTGTGACACAG-1","Pro-B_cell_CD34+","Pro-B_cell_CD34+"
"sam2_CGTTAGAAGAGAGCCT-1","Smooth_muscle_cells","Smooth_muscle_cells"
"sam2_CGTTAGAAGCTCGTGC-1","Macrophage","Macrophage"
"sam2_CGTTAGAAGCTGCCTG-1","Epithelial_cells","Epithelial_cells"
"sam2_CGTTAGACAGACTCTA-1","Platelets","Platelets"
"sam2_CGTTAGAGTGAGAACC-1","T_cells","T_cells"
"sam2_CGTTAGATCAGAGTTC-1","NK_cell","NK_cell"
"sam2_CGTTAGATCCCGAATA-1","Smooth_muscle_cells","Smooth_muscle_cells"
"sam2_CGTTAGATCGAGAACG-1","Pre-B_cell_CD34-","Pre-B_cell_CD34-"
"sam2_CGTTCTGGTCTGCGCA-1","T_cells","T_cells"
"sam2_CGTTCTGTCCACTAGA-1","Macrophage","Macrophage"
"sam2_CGTTGGGAGGCCTTCG-1","NK_cell","NK_cell"
"sam2_CGTTGGGAGTGCACAG-1","Myelocyte","Myelocyte"
"sam2_CGTTGGGCAAATCAAG-1","Macrophage","Macrophage"
"sam2_CGTTGGGGTATCCCAA-1","Macrophage","Macrophage"
"sam2_CGTTGGGTCCTTGACC-1","NK_cell","NK_cell"
"sam2_CTAACCCAGACCTCAT-1","Epithelial_cells","Epithelial_cells"
"sam2_CTAACCCCATGCCATA-1","T_cells","T_cells"
"sam2_CTAACCCTCACCTACC-1","Monocyte","Monocyte"
"sam2_CTAACCCTCATCCTAT-1","iPS_cells","iPS_cells"
"sam2_CTAACCCTCGGTGCAC-1","T_cells","T_cells"
"sam2_CTAACCCTCTAGGCAT-1","Pre-B_cell_CD34-","Pre-B_cell_CD34-"
"sam2_CTAACTTCAACTGTGT-1","Pre-B_cell_CD34-","Pre-B_cell_CD34-"
"sam2_CTAACTTCAAGGTTGG-1","Smooth_muscle_cells","Smooth_muscle_cells"
"sam2_CTAACTTGTCTCGGGT-1","Myelocyte","Myelocyte"
"sam2_CTAACTTTCAATCTTC-1","Macrophage","Macrophage"
"sam2_CTAAGTGCAAGGTCGA-1","NK_cell","NK_cell"
"sam2_CTAAGTGCAGTCCCGA-1","Macrophage","Macrophage"
"sam2_CTAAGTGTCAAACCTG-1","NK_cell","NK_cell"
"sam2_CTAAGTGTCGAACACT-1","NK_cell","NK_cell"
"sam2_CTACAGAAGGCTCCCA-1","Gametocytes","Gametocytes"
"sam2_CTACAGATCGTGGGTC-1","Macrophage","Macrophage"
"sam2_CTACAGATCTAGTTCT-1","Macrophage","Macrophage"
"sam2_CTACATTAGTAGCATA-1","NK_cell","NK_cell"
"sam2_CTACATTCACAACGAG-1","Smooth_muscle_cells","Smooth_muscle_cells"
"sam2_CTACATTCAGCTTTGA-1","T_cells","T_cells"
"sam2_CTACATTGTACAGAGC-1","T_cells","T_cells"
"sam2_CTACATTGTCAAAGTA-1","T_cells","T_cells"
"sam2_CTACCCAAGACGCCAA-1","Smooth_muscle_cells","Smooth_muscle_cells"
"sam2_CTACCCAAGGTGGGTT-1","NK_cell","NK_cell"
"sam2_CTACCCAAGTAACCTC-1","Astrocyte","Astrocyte"
"sam2_CTACCCAAGTGTAGTA-1","NK_cell","NK_cell"
"sam2_CTACCCAGTGAATATG-1","Chondrocytes","Chondrocytes"
"sam2_CTACCCAGTGGACTGA-1","Macrophage","Macrophage"
"sam2_CTACCCATCCATCTAT-1","Epithelial_cells","Epithelial_cells"
"sam2_CTACCCATCGAGATAA-1","T_cells","T_cells"
"sam2_CTACCCATCGGCCAAC-1","NK_cell","NK_cell"
"sam2_CTACCTGAGCTAATCC-1","T_cells","T_cells"
"sam2_CTACCTGCAGCAAGAC-1","Macrophage","Macrophage"
"sam2_CTACCTGCAGTCCGTG-1","Smooth_muscle_cells","Smooth_muscle_cells"
"sam2_CTACCTGGTATTGACC-1","T_cells","T_cells"
"sam2_CTACCTGGTGATACCT-1","T_cells","T_cells"
"sam2_CTACCTGTCAGACAAA-1","Keratinocytes","Keratinocytes"
"sam2_CTACGGGCAACTCGTA-1","NK_cell","NK_cell"
"sam2_CTACGGGCAGGGATAC-1","NK_cell","NK_cell"
"sam2_CTACGGGGTATCGAAA-1","NK_cell","NK_cell"
"sam2_CTACGGGTCAGACATC-1","Smooth_muscle_cells","Smooth_muscle_cells"
"sam2_CTACGGGTCCTAAACG-1","Fibroblasts","Fibroblasts"
"sam2_CTACGGGTCTCACGAA-1","Fibroblasts","Fibroblasts"
"sam2_CTACGGGTCTTAGGAC-1","Macrophage","Macrophage"
"sam2_CTACTATAGTGATCGG-1","Macrophage","Macrophage"
"sam2_CTACTATCACATATCG-1","NK_cell","NK_cell"
"sam2_CTACTATCACTACAGT-1","Myelocyte","Myelocyte"
"sam2_CTACTATCAGATAAAC-1","T_cells","T_cells"
"sam2_CTACTATCAGCCTATA-1","NK_cell","NK_cell"
"sam2_CTACTATGTAGATCCT-1","Fibroblasts","Fibroblasts"
"sam2_CTACTATTCCGCACTT-1","T_cells","T_cells"
"sam2_CTACTATTCCTAGAGT-1","NK_cell","NK_cell"
"sam2_CTACTATTCGGCTGGT-1","NK_cell","NK_cell"
"sam2_CTACTATTCGTGCTCT-1","MSC","MSC"
"sam2_CTACTATTCTGCCTCA-1","Epithelial_cells","Epithelial_cells"
"sam2_CTAGACAAGCAATAGT-1","NK_cell","NK_cell"
"sam2_CTAGACAAGCATGCAG-1","Macrophage","Unassigned"
"sam2_CTAGACAAGCTAATCC-1","NK_cell","NK_cell"
"sam2_CTAGACAAGTCACTCA-1","NK_cell","NK_cell"
"sam2_CTAGACAAGTCTAGCT-1","T_cells","T_cells"
"sam2_CTAGACACAGATACTC-1","Keratinocytes","Keratinocytes"
"sam2_CTAGACAGTTGTACGT-1","NK_cell","NK_cell"
"sam2_CTAGACATCATGTCTT-1","NK_cell","NK_cell"
"sam2_CTAGACATCCATCTGC-1","GMP","GMP"
"sam2_CTAGACATCCATTCAT-1","NK_cell","NK_cell"
"sam2_CTAGGTAAGAAGAGCA-1","NK_cell","NK_cell"
"sam2_CTAGGTAAGTATTCCG-1","NK_cell","NK_cell"
"sam2_CTAGGTACACTTCATT-1","Fibroblasts","Fibroblasts"
"sam2_CTAGGTACAGGAAGTC-1","Fibroblasts","Fibroblasts"
"sam2_CTAGGTAGTGCTGATT-1","Epithelial_cells","Epithelial_cells"
"sam2_CTAGGTATCCCGTTGT-1","Fibroblasts","Fibroblasts"
"sam2_CTAGGTATCGAGAAAT-1","T_cells","T_cells"
"sam2_CTAGGTATCGCTTGCT-1","NK_cell","NK_cell"
"sam2_CTAGGTATCTCTAGGA-1","Macrophage","Macrophage"
"sam2_CTATAGGAGCGCCTAC-1","Macrophage","Macrophage"
"sam2_CTATAGGAGCTTAGTC-1","T_cells","T_cells"
"sam2_CTATAGGCATCTCAAG-1","Epithelial_cells","Epithelial_cells"
"sam2_CTATAGGCATGACAAA-1","Epithelial_cells","Epithelial_cells"
"sam2_CTATAGGTCCCTCATG-1","T_cells","T_cells"
"sam2_CTATAGGTCGACCAAT-1","Epithelial_cells","Epithelial_cells"
"sam2_CTATAGGTCTGTCGCT-1","Smooth_muscle_cells","Smooth_muscle_cells"
"sam2_CTATCCGAGCTAGCCC-1","Macrophage","Macrophage"
"sam2_CTATCCGAGGCTTAGG-1","Fibroblasts","Fibroblasts"
"sam2_CTATCCGCAAATCAAG-1","Monocyte","Monocyte"
"sam2_CTATCCGCACTTGGCG-1","T_cells","T_cells"
"sam2_CTATCCGCAGGGTTGA-1","NK_cell","NK_cell"
"sam2_CTATCCGTCCTCTGCA-1","MSC","MSC"
"sam2_CTATCTACAATGTCTG-1","T_cells","T_cells"
"sam2_CTATCTACACAGACGA-1","NK_cell","NK_cell"
"sam2_CTATCTACATGAATCC-1","T_cells","T_cells"
"sam2_CTATCTAGTCTCTCTG-1","BM","BM"
"sam2_CTATCTATCAGGTAAA-1","Fibroblasts","Fibroblasts"
"sam2_CTATCTATCCCGAGGT-1","NK_cell","NK_cell"
"sam2_CTATCTATCTCCTGCA-1","Fibroblasts","Fibroblasts"
"sam2_CTCAACCAGACTTGTC-1","T_cells","T_cells"
"sam2_CTCAACCCACAATTCG-1","Macrophage","Macrophage"
"sam2_CTCAACCCACTACGGC-1","NK_cell","NK_cell"
"sam2_CTCAACCGTACCCACG-1","Macrophage","Macrophage"
"sam2_CTCAACCGTCTGTGAT-1","T_cells","T_cells"
"sam2_CTCAACCGTGCAATAA-1","Smooth_muscle_cells","Smooth_muscle_cells"
"sam2_CTCAACCGTGGTCCGT-1","NK_cell","NK_cell"
"sam2_CTCAACCTCAAGAGTA-1","Macrophage","Macrophage"
"sam2_CTCAACCTCGAACGCC-1","DC","DC"
"sam2_CTCAAGAAGATCCGAG-1","Monocyte","Monocyte"
"sam2_CTCAAGACACGAAAGC-1","B_cell","B_cell"
"sam2_CTCAATTAGACCTCCG-1","NK_cell","NK_cell"
"sam2_CTCAATTAGATTAGTG-1","GMP","GMP"
"sam2_CTCAATTAGCAGAAAG-1","NK_cell","NK_cell"
"sam2_CTCAATTCATCCGTTC-1","NK_cell","NK_cell"
"sam2_CTCAATTTCATGGATC-1","Monocyte","Monocyte"
"sam2_CTCAATTTCCGCATAA-1","T_cells","T_cells"
"sam2_CTCAATTTCTACCCAC-1","Fibroblasts","Fibroblasts"
"sam2_CTCACTGAGATTGAGT-1","Pro-Myelocyte","Pro-Myelocyte"
"sam2_CTCACTGAGCATCCTA-1","Pre-B_cell_CD34-","Pre-B_cell_CD34-"
"sam2_CTCACTGCACCTTCCA-1","Fibroblasts","Fibroblasts"
"sam2_CTCACTGGTGCCTTTC-1","NK_cell","NK_cell"
"sam2_CTCAGAAAGCTAGCCC-1","NK_cell","NK_cell"
"sam2_CTCAGAAGTAACCCTA-1","Monocyte","Monocyte"
"sam2_CTCAGAATCGCAATTG-1","HSC_-G-CSF","HSC_-G-CSF"
"sam2_CTCAGGGAGCCGTTAT-1","Epithelial_cells","Epithelial_cells"
"sam2_CTCAGGGCATGGTGGA-1","Neuroepithelial_cell","Neuroepithelial_cell"
"sam2_CTCAGGGGTGCCCGTA-1","HSC_-G-CSF","HSC_-G-CSF"
"sam2_CTCAGTCAGAAGTCAT-1","T_cells","T_cells"
"sam2_CTCAGTCAGATTGGGC-1","Macrophage","Macrophage"
"sam2_CTCAGTCCAAAGCACG-1","Fibroblasts","Fibroblasts"
"sam2_CTCATCGAGGATGCGT-1","Pro-B_cell_CD34+","Pro-B_cell_CD34+"
"sam2_CTCATCGAGGGTAATT-1","T_cells","T_cells"
"sam2_CTCATCGAGTATAGAC-1","Macrophage","Macrophage"
"sam2_CTCATCGCAACGAGGT-1","Pre-B_cell_CD34-","Pre-B_cell_CD34-"
"sam2_CTCATCGCAATCTGCA-1","NK_cell","NK_cell"
"sam2_CTCATCGGTGTAAATG-1","NK_cell","NK_cell"
"sam2_CTCATCGGTTCTCCAC-1","HSC_-G-CSF","HSC_-G-CSF"
"sam2_CTCATCGTCCACTGAA-1","Macrophage","Macrophage"
"sam2_CTCATCGTCCCATTTA-1","Pre-B_cell_CD34-","Pre-B_cell_CD34-"
"sam2_CTCATCGTCGTTCGCT-1","Myelocyte","Myelocyte"
"sam2_CTCATCGTCTACCCAC-1","NK_cell","NK_cell"
"sam2_CTCATGCGTGTAAATG-1","T_cells","T_cells"
"sam2_CTCATGCGTTCTCGCT-1","NK_cell","NK_cell"
"sam2_CTCATGCTCTACCCAC-1","Monocyte","Monocyte"
"sam2_CTCATTAAGGTTCACT-1","Fibroblasts","Unassigned"
"sam2_CTCATTACAGAATCGG-1","Pre-B_cell_CD34-","Pre-B_cell_CD34-"
"sam2_CTCATTAGTCGTGATT-1","NK_cell","NK_cell"
"sam2_CTCATTAGTGAGAGGG-1","Macrophage","Macrophage"
"sam2_CTCATTATCCCAGTGG-1","Pre-B_cell_CD34-","Pre-B_cell_CD34-"
"sam2_CTCATTATCGACATAC-1","Fibroblasts","Fibroblasts"
"sam2_CTCCAACAGCACTAAA-1","HSC_-G-CSF","HSC_-G-CSF"
"sam2_CTCCAACAGGTTGGTG-1","NK_cell","NK_cell"
"sam2_CTCCAACCAAGTGATA-1","Fibroblasts","Fibroblasts"
"sam2_CTCCAACTCCACAAGT-1","Macrophage","Macrophage"
"sam2_CTCCACAAGACATAGT-1","Pre-B_cell_CD34-","Pre-B_cell_CD34-"
"sam2_CTCCACACACTGTCCT-1","Chondrocytes","Chondrocytes"
"sam2_CTCCACACATGAATAG-1","Smooth_muscle_cells","Smooth_muscle_cells"
"sam2_CTCCACAGTTACGTAC-1","Macrophage","Macrophage"
"sam2_CTCCACAGTTTAAGGA-1","NK_cell","NK_cell"
"sam2_CTCCATGAGCTAAACA-1","Macrophage","Macrophage"
"sam2_CTCCATGAGCTCCGAC-1","Macrophage","Macrophage"
"sam2_CTCCATGTCGAGCCTG-1","NK_cell","NK_cell"
"sam2_CTCCATGTCTGTTGGA-1","NK_cell","NK_cell"
"sam2_CTCCCAAAGACATGCG-1","Monocyte","Monocyte"
"sam2_CTCCCAAAGGGTACGT-1","Macrophage","Macrophage"
"sam2_CTCCCAAGTAAGATTG-1","NK_cell","NK_cell"
"sam2_CTCCCTCAGAATACAC-1","T_cells","T_cells"
"sam2_CTCCCTCGTGGTGATG-1","MSC","MSC"
"sam2_CTCCCTCTCTGACGCG-1","Neuroepithelial_cell","Neuroepithelial_cell"
"sam2_CTCCGATAGCTGGCTC-1","T_cells","T_cells"
"sam2_CTCCGATAGGACTGGT-1","T_cells","T_cells"
"sam2_CTCCGATAGTCATACC-1","Macrophage","Macrophage"
"sam2_CTCCGATAGTCTAGAA-1","HSC_-G-CSF","HSC_-G-CSF"
"sam2_CTCCGATCAGCTACAT-1","NK_cell","NK_cell"
"sam2_CTCCGATCATAGACTC-1","Fibroblasts","Fibroblasts"
"sam2_CTCCGATGTAAGCGGT-1","Fibroblasts","Fibroblasts"
"sam2_CTCCGATTCAAGAATG-1","Macrophage","Macrophage"
"sam2_CTCCGATTCCAATCCC-1","Smooth_muscle_cells","Smooth_muscle_cells"
"sam2_CTCCGATTCTAGCAAC-1","Pre-B_cell_CD34-","Pre-B_cell_CD34-"
"sam2_CTCCTCCAGAGTAACT-1","Macrophage","Macrophage"
"sam2_CTCCTCCAGCAGCCCT-1","NK_cell","NK_cell"
"sam2_CTCCTCCAGCATGTTC-1","NK_cell","NK_cell"
"sam2_CTCCTCCAGCTACTGT-1","T_cells","T_cells"
"sam2_CTCCTCCAGTGCACCC-1","T_cells","T_cells"
"sam2_CTCCTCCAGTTCGGTT-1","Macrophage","Macrophage"
"sam2_CTCCTCCCACAAGCTT-1","Macrophage","Macrophage"
"sam2_CTCCTCCGTGCGCTCA-1","Chondrocytes","Chondrocytes"
"sam2_CTCCTCCGTGGACAGT-1","T_cells","T_cells"
"sam2_CTCCTCCGTTGGACTT-1","BM","BM"
"sam2_CTCCTTTAGCATGATA-1","Macrophage","Macrophage"
"sam2_CTCCTTTAGCGATGCA-1","Pre-B_cell_CD34-","Pre-B_cell_CD34-"
"sam2_CTCCTTTCACTATCGA-1","Monocyte","Monocyte"
"sam2_CTCCTTTTCAACACGT-1","B_cell","B_cell"
"sam2_CTCCTTTTCTGGACCG-1","Fibroblasts","Fibroblasts"
"sam2_CTCGAGGAGCGCAATG-1","T_cells","T_cells"
"sam2_CTCGAGGAGTCCGCCA-1","T_cells","T_cells"
"sam2_CTCGAGGCATCTTTCA-1","Pre-B_cell_CD34-","Pre-B_cell_CD34-"
"sam2_CTCGAGGGTCTTACTT-1","Monocyte","Monocyte"
"sam2_CTCGAGGGTTCAGGTT-1","HSC_-G-CSF","HSC_-G-CSF"
"sam2_CTCGAGGTCTATCGGA-1","MSC","MSC"
"sam2_CTCGAGGTCTCTCCGA-1","NK_cell","NK_cell"
"sam2_CTCGAGGTCTGAGTCA-1","Fibroblasts","Fibroblasts"
"sam2_CTCTCAGAGTTCAACC-1","B_cell","B_cell"
"sam2_CTCTCAGCAACTCGAT-1","Macrophage","Macrophage"
"sam2_CTCTCAGCATAATCCG-1","BM","BM"
"sam2_CTCTCAGCATGATAGA-1","NK_cell","NK_cell"
"sam2_CTCTCAGGTCCTATAG-1","NK_cell","NK_cell"
"sam2_CTCTCAGTCAGCGTCG-1","T_cells","T_cells"
"sam2_CTCTCAGTCATTTACC-1","Macrophage","Macrophage"
"sam2_CTCTCAGTCCAACTGA-1","T_cells","T_cells"
"sam2_CTCTCGAAGCGAGTCA-1","T_cells","T_cells"
"sam2_CTCTCGAAGTAAATGC-1","Pre-B_cell_CD34-","Pre-B_cell_CD34-"
"sam2_CTCTCGACAGGGTCTC-1","T_cells","T_cells"
"sam2_CTCTCGAGTGTCCGGT-1","Macrophage","Macrophage"
"sam2_CTCTCGAGTTTCGTTT-1","Epithelial_cells","Epithelial_cells"
"sam2_CTCTCGATCACGACTA-1","Fibroblasts","Fibroblasts"
"sam2_CTCTCGATCAGAGCAG-1","NK_cell","NK_cell"
"sam2_CTCTCGATCCTCGCAT-1","GMP","GMP"
"sam2_CTCTCGATCTTTCCGG-1","Fibroblasts","Fibroblasts"
"sam2_CTCTGGTAGAATAACC-1","Macrophage","Macrophage"
"sam2_CTCTGGTCACAAAGCG-1","Pre-B_cell_CD34-","Pre-B_cell_CD34-"
"sam2_CTCTGGTGTCGTTGCG-1","Macrophage","Macrophage"
"sam2_CTCTGGTGTGAGTTGG-1","Smooth_muscle_cells","Smooth_muscle_cells"
"sam2_CTGAATGAGATGTTAG-1","T_cells","T_cells"
"sam2_CTGAATGCACCCAATA-1","Fibroblasts","Fibroblasts"
"sam2_CTGAATGCATGTCAGT-1","NK_cell","NK_cell"
"sam2_CTGAATGTCTAGGCCG-1","Smooth_muscle_cells","Smooth_muscle_cells"
"sam2_CTGAGCGAGCAGGCTA-1","BM","BM"
"sam2_CTGAGCGAGGCATGGT-1","Fibroblasts","Fibroblasts"
"sam2_CTGAGCGAGGGATCTG-1","Macrophage","Macrophage"
"sam2_CTGAGCGCAATACAGA-1","T_cells","T_cells"
"sam2_CTGAGCGCACCTGAAT-1","Pre-B_cell_CD34-","Pre-B_cell_CD34-"
"sam2_CTGAGCGCACGATAGG-1","NK_cell","NK_cell"
"sam2_CTGAGCGGTGTTCGTA-1","Macrophage","Macrophage"
"sam2_CTGAGGCAGGTGCTTT-1","Macrophage","Macrophage"
"sam2_CTGAGGCCACATCATG-1","T_cells","T_cells"
"sam2_CTGAGGCCACTTCAAG-1","Macrophage","Macrophage"
"sam2_CTGAGGCCAGGGCTTC-1","NK_cell","NK_cell"
"sam2_CTGAGGCCAGGTCCGT-1","NK_cell","NK_cell"
"sam2_CTGAGGCCATCACGGC-1","T_cells","T_cells"
"sam2_CTGATCCAGACATATG-1","NK_cell","NK_cell"
"sam2_CTGATCCAGTAAACAC-1","T_cells","T_cells"
"sam2_CTGATCCCAATATCCG-1","Neurons","Neurons"
"sam2_CTGATCCCACACTGGC-1","HSC_-G-CSF","HSC_-G-CSF"
"sam2_CTGATCCCAGAGATGC-1","Fibroblasts","Fibroblasts"
"sam2_CTGATCCCATGAGATA-1","Osteoblasts","Osteoblasts"
"sam2_CTGATCCGTAACGGTG-1","HSC_-G-CSF","HSC_-G-CSF"
"sam2_CTGATCCGTCAATCTG-1","Pre-B_cell_CD34-","Pre-B_cell_CD34-"
"sam2_CTGATCCGTGGCACTC-1","T_cells","T_cells"
"sam2_CTGATCCTCGAGTGGA-1","Fibroblasts","Fibroblasts"
"sam2_CTGCAGGAGGGAGATA-1","Macrophage","Macrophage"
"sam2_CTGCAGGAGTGAGGCT-1","NK_cell","NK_cell"
"sam2_CTGCAGGGTATACGGG-1","Fibroblasts","Unassigned"
"sam2_CTGCAGGGTCAGACTT-1","T_cells","T_cells"
"sam2_CTGCAGGGTCTTCCGT-1","Pre-B_cell_CD34-","Pre-B_cell_CD34-"
"sam2_CTGCAGGGTGTTCAGT-1","Monocyte","Monocyte"
"sam2_CTGCAGGTCACCGGGT-1","T_cells","T_cells"
"sam2_CTGCAGGTCTTTGCGC-1","Monocyte","Monocyte"
"sam2_CTGCATCAGTAACGTA-1","Chondrocytes","Chondrocytes"
"sam2_CTGCATCCACGTACAT-1","Epithelial_cells","Epithelial_cells"
"sam2_CTGCATCTCCCTATTA-1","Neutrophils","Neutrophils"
"sam2_CTGCATCTCCGTGTAA-1","T_cells","T_cells"
"sam2_CTGCATCTCTCAAAGC-1","Macrophage","Macrophage"
"sam2_CTGCATCTCTCCTGCA-1","Chondrocytes","Chondrocytes"
"sam2_CTGCCATCAATCCTAG-1","Macrophage","Macrophage"
"sam2_CTGCCATCAATCTCGA-1","Macrophage","Macrophage"
"sam2_CTGCCATCACCGTGCA-1","Macrophage","Macrophage"
"sam2_CTGCCATCATCCCACT-1","Macrophage","Macrophage"
"sam2_CTGCCATGTCTTCATT-1","Fibroblasts","Unassigned"
"sam2_CTGCCATGTTGATCGT-1","NK_cell","NK_cell"
"sam2_CTGCCATGTTGGGATG-1","Macrophage","Macrophage"
"sam2_CTGCCTAAGGGATGTC-1","HSC_-G-CSF","HSC_-G-CSF"
"sam2_CTGCCTACACAATTCG-1","Epithelial_cells","Epithelial_cells"
"sam2_CTGCCTACATATCGGT-1","T_cells","T_cells"
"sam2_CTGCCTAGTACCAGAG-1","Epithelial_cells","Epithelial_cells"
"sam2_CTGCCTAGTCCTGGTG-1","Macrophage","Macrophage"
"sam2_CTGCCTATCCCGTGTT-1","Smooth_muscle_cells","Smooth_muscle_cells"
"sam2_CTGCGAGCAAGTTCCA-1","Fibroblasts","Fibroblasts"
"sam2_CTGCGAGCACATATGC-1","Fibroblasts","Unassigned"
"sam2_CTGCGAGCAGTGCGCT-1","Macrophage","Macrophage"
"sam2_CTGCGAGCATCCGGTG-1","Neutrophils","Neutrophils"
"sam2_CTGCGAGGTAGTTCCA-1","Neurons","Neurons"
"sam2_CTGCGAGGTCAGGAGT-1","Smooth_muscle_cells","Smooth_muscle_cells"
"sam2_CTGCGAGGTCGTATTG-1","NK_cell","NK_cell"
"sam2_CTGCGAGGTGTATTCG-1","Neutrophils","Neutrophils"
"sam2_CTGCGAGTCCGTAGGC-1","Fibroblasts","Fibroblasts"
"sam2_CTGCGAGTCTGAGTCA-1","Monocyte","Monocyte"
"sam2_CTGCTCACATCTTCGC-1","HSC_-G-CSF","HSC_-G-CSF"
"sam2_CTGCTCAGTGAACTAA-1","NK_cell","NK_cell"
"sam2_CTGCTCAGTGCAGATG-1","NK_cell","NK_cell"
"sam2_CTGCTCATCGGAATTC-1","Pre-B_cell_CD34-","Pre-B_cell_CD34-"
"sam2_CTGGACGAGCTTGTGT-1","Keratinocytes","Keratinocytes"
"sam2_CTGGACGCAAACTCGT-1","Macrophage","Macrophage"
"sam2_CTGGACGCACGCGGTT-1","Macrophage","Macrophage"
"sam2_CTGGACGGTGACTATC-1","Epithelial_cells","Epithelial_cells"
"sam2_CTGGACGGTTCCACGG-1","NK_cell","NK_cell"
"sam2_CTGGACGTCCTCGATC-1","Macrophage","Macrophage"
"sam2_CTGGCAGCAAACTCTG-1","Epithelial_cells","Epithelial_cells"
"sam2_CTGGCAGTCCACCCTA-1","Fibroblasts","Fibroblasts"
"sam2_CTGGCAGTCCTCACTG-1","T_cells","T_cells"
"sam2_CTGGTCTAGCCATATC-1","T_cells","T_cells"
"sam2_CTGGTCTAGCTGTGCC-1","Macrophage","Macrophage"
"sam2_CTGGTCTGTGGACTGA-1","Fibroblasts","Fibroblasts"
"sam2_CTGGTCTTCCAACCAA-1","Epithelial_cells","Epithelial_cells"
"sam2_CTGGTCTTCCGTGTCT-1","Fibroblasts","Fibroblasts"
"sam2_CTGGTCTTCTTACGGA-1","T_cells","T_cells"
"sam2_CTGTACCAGATGGGCT-1","NK_cell","NK_cell"
"sam2_CTGTACCAGCACTCCG-1","T_cells","T_cells"
"sam2_CTGTACCAGGGTTTCT-1","Neutrophils","Neutrophils"
"sam2_CTGTACCCAGGACATG-1","NK_cell","NK_cell"
"sam2_CTGTACCCATATGAAG-1","Monocyte","Monocyte"
"sam2_CTGTACCGTACAGAAT-1","iPS_cells","iPS_cells"
"sam2_CTGTACCGTATCAGCT-1","T_cells","T_cells"
"sam2_CTGTACCGTGGTTCTA-1","NK_cell","NK_cell"
"sam2_CTGTACCTCCGATGTA-1","T_cells","T_cells"
"sam2_CTGTAGAAGCAACTCT-1","NK_cell","NK_cell"
"sam2_CTGTAGACATGGATCT-1","NK_cell","NK_cell"
"sam2_CTGTAGAGTCTACGTA-1","T_cells","T_cells"
"sam2_CTGTAGATCCACTGGG-1","Smooth_muscle_cells","Smooth_muscle_cells"
"sam2_CTGTAGATCTTGCGCT-1","NK_cell","NK_cell"
"sam2_CTGTATTAGATCCTAC-1","Pre-B_cell_CD34-","Pre-B_cell_CD34-"
"sam2_CTGTATTAGGACTAAT-1","Fibroblasts","Fibroblasts"
"sam2_CTGTATTAGGCGAAGG-1","HSC_-G-CSF","HSC_-G-CSF"
"sam2_CTGTATTAGTCCTGCG-1","NK_cell","NK_cell"
"sam2_CTGTATTCACTATCGA-1","Fibroblasts","Fibroblasts"
"sam2_CTGTATTCATTGTACG-1","Epithelial_cells","Epithelial_cells"
"sam2_CTGTATTGTCCCGCAA-1","Epithelial_cells","Epithelial_cells"
"sam2_CTGTATTGTTTCGCTC-1","T_cells","T_cells"
"sam2_CTGTATTTCCGAGTGC-1","Pro-Myelocyte","Pro-Myelocyte"
"sam2_CTGTATTTCCGTGGGT-1","NK_cell","NK_cell"
"sam2_CTGTATTTCTCTGGTC-1","Pre-B_cell_CD34-","Pre-B_cell_CD34-"
"sam2_CTGTCGTAGGCATGGT-1","T_cells","T_cells"
"sam2_CTGTCGTCAACGTATC-1","T_cells","T_cells"
"sam2_CTGTCGTCACCAGCCA-1","NK_cell","NK_cell"
"sam2_CTGTCGTGTGAGACGT-1","Macrophage","Macrophage"
"sam2_CTGTCGTTCCATGATG-1","NK_cell","NK_cell"
"sam2_CTGTGAAGTATGAAAC-1","Smooth_muscle_cells","Smooth_muscle_cells"
"sam2_CTGTGGGAGTGGACGT-1","Epithelial_cells","Epithelial_cells"
"sam2_CTGTGGGCAAGATGTA-1","NK_cell","NK_cell"
"sam2_CTGTGGGCACTCTGCT-1","Macrophage","Macrophage"
"sam2_CTGTGGGTCAGTCACA-1","Chondrocytes","Chondrocytes"
"sam2_CTTACCGAGGCCTGCT-1","Pre-B_cell_CD34-","Pre-B_cell_CD34-"
"sam2_CTTACCGCACCGTCGA-1","NK_cell","NK_cell"
"sam2_CTTACCGGTTAATCGC-1","T_cells","T_cells"
"sam2_CTTACCGGTTCAAGTC-1","Macrophage","Macrophage"
"sam2_CTTACCGTCAATGTCG-1","Macrophage","Macrophage"
"sam2_CTTACCGTCCCTCTTT-1","Macrophage","Macrophage"
"sam2_CTTAGGAAGCTTCGTA-1","Macrophage","Macrophage"
"sam2_CTTAGGAAGTGTCATC-1","NK_cell","NK_cell"
"sam2_CTTAGGAGTAGTCCTA-1","NK_cell","NK_cell"
"sam2_CTTAGGAGTCAAGGCA-1","NK_cell","NK_cell"
"sam2_CTTAGGATCGACATCA-1","Epithelial_cells","Epithelial_cells"
"sam2_CTTAGGATCTAGCCTC-1","Macrophage","Macrophage"
"sam2_CTTAGGATCTTCACAT-1","HSC_-G-CSF","HSC_-G-CSF"
"sam2_CTTCAATAGCACACCC-1","T_cells","T_cells"
"sam2_CTTCAATAGCAGATAT-1","NK_cell","NK_cell"
"sam2_CTTCAATAGGCTCTCG-1","Macrophage","Macrophage"
"sam2_CTTCAATAGGGTAATT-1","NK_cell","NK_cell"
"sam2_CTTCAATGTATATGGA-1","Smooth_muscle_cells","Smooth_muscle_cells"
"sam2_CTTCAATTCACTACTT-1","NK_cell","NK_cell"
"sam2_CTTCAATTCAGCGCAC-1","NK_cell","NK_cell"
"sam2_CTTCAATTCCACGAAT-1","HSC_-G-CSF","HSC_-G-CSF"
"sam2_CTTCCGAAGGGTCAAC-1","Fibroblasts","Unassigned"
"sam2_CTTCCGAAGTTCCGGC-1","NK_cell","NK_cell"
"sam2_CTTCCGAGTACAAAGT-1","Smooth_muscle_cells","Smooth_muscle_cells"
"sam2_CTTCCGAGTCAGATTC-1","NK_cell","NK_cell"
"sam2_CTTCCGATCACCTACC-1","T_cells","T_cells"
"sam2_CTTCCGATCATGCCCT-1","B_cell","B_cell"
"sam2_CTTCCGATCATGTCAG-1","DC","DC"
"sam2_CTTCCGATCGACGCTG-1","T_cells","T_cells"
"sam2_CTTCCTTAGTCTGTAC-1","T_cells","T_cells"
"sam2_CTTCCTTAGTTGCATC-1","Pre-B_cell_CD34-","Pre-B_cell_CD34-"
"sam2_CTTCCTTCAATCAAGA-1","Embryonic_stem_cells","Embryonic_stem_cells"
"sam2_CTTCCTTCACGTGTGC-1","GMP","GMP"
"sam2_CTTCCTTCAGCTCGGT-1","GMP","GMP"
"sam2_CTTCCTTTCCACACCT-1","Erythroblast","Erythroblast"
"sam2_CTTCCTTTCTTACCAT-1","T_cells","T_cells"
"sam2_CTTCGGTCAAGTCATC-1","Epithelial_cells","Epithelial_cells"
"sam2_CTTCGGTCATCCGGCA-1","T_cells","T_cells"
"sam2_CTTCGGTGTACTCGCG-1","T_cells","T_cells"
"sam2_CTTCGGTGTTGTTGCA-1","Pre-B_cell_CD34-","Pre-B_cell_CD34-"
"sam2_CTTCGGTTCGCAACAT-1","Smooth_muscle_cells","Smooth_muscle_cells"
"sam2_CTTCTAAAGCTAAGTA-1","B_cell","B_cell"
"sam2_CTTCTAAGTCGCCTAG-1","Macrophage","Macrophage"
"sam2_CTTCTAATCAGCTTCC-1","Fibroblasts","Fibroblasts"
"sam2_CTTCTAATCTGTGCTC-1","NK_cell","NK_cell"
"sam2_CTTCTCTCACCATTCC-1","DC","DC"
"sam2_CTTCTCTCAGATTCGT-1","Myelocyte","Myelocyte"
"sam2_CTTCTCTCATCCTCAC-1","Fibroblasts","Fibroblasts"
"sam2_CTTCTCTTCAGTGGGA-1","Smooth_muscle_cells","Smooth_muscle_cells"
"sam2_CTTCTCTTCTCTTCAA-1","NK_cell","NK_cell"
"sam2_CTTGAGAAGTAGAGTT-1","T_cells","T_cells"
"sam2_CTTGAGAAGTGGATTA-1","NK_cell","NK_cell"
"sam2_CTTGAGATCCAAACCA-1","NK_cell","NK_cell"
"sam2_CTTGAGATCGATCCCT-1","Pre-B_cell_CD34-","Pre-B_cell_CD34-"
"sam2_CTTGATTAGTCTAACC-1","T_cells","T_cells"
"sam2_CTTGATTAGTGATGGC-1","Macrophage","Macrophage"
"sam2_CTTGATTGTCCGGACT-1","T_cells","T_cells"
"sam2_CTTGATTGTGGTACAG-1","NK_cell","NK_cell"
"sam2_CTTGATTTCTACGGTA-1","Macrophage","Macrophage"
"sam2_CTTTCAAAGCCGATCC-1","Macrophage","Macrophage"
"sam2_CTTTCAAAGTGTGTTC-1","T_cells","T_cells"
"sam2_CTTTCAACAAGCACAG-1","NK_cell","NK_cell"
"sam2_CTTTCAACACATAACC-1","Fibroblasts","Fibroblasts"
"sam2_CTTTCAAGTAGATCGG-1","Fibroblasts","Fibroblasts"
"sam2_CTTTCAAGTAGTGTGG-1","Fibroblasts","Fibroblasts"
"sam2_CTTTCAAGTTGAAGTA-1","T_cells","T_cells"
"sam2_CTTTCGGAGCGCTGCT-1","Macrophage","Macrophage"
"sam2_CTTTCGGCAGCGGTCT-1","Monocyte","Monocyte"
"sam2_CTTTCGGCAGCGTGCT-1","NK_cell","NK_cell"
"sam2_CTTTCGGCATTGCAAC-1","T_cells","T_cells"
"sam2_CTTTCGGGTATACCTG-1","Epithelial_cells","Epithelial_cells"
"sam2_CTTTCGGGTGACATCT-1","T_cells","T_cells"
"sam2_CTTTCGGGTTGGATCT-1","NK_cell","NK_cell"
"sam2_CTTTCGGTCACCATAG-1","NK_cell","NK_cell"
"sam2_CTTTCGGTCCTACTGC-1","Macrophage","Macrophage"
"sam2_GAAACCTAGAACGTGC-1","NK_cell","NK_cell"
"sam2_GAAACCTAGAAGTGTT-1","Smooth_muscle_cells","Smooth_muscle_cells"
"sam2_GAAACCTCAGAGAGGG-1","T_cells","T_cells"
"sam2_GAAACCTGTATCGTAC-1","Chondrocytes","Unassigned"
"sam2_GAAACCTGTTATAGCC-1","Epithelial_cells","Epithelial_cells"
"sam2_GAAACCTTCATGGAGG-1","Macrophage","Macrophage"
"sam2_GAAACCTTCTAACGGT-1","Macrophage","Macrophage"
"sam2_GAAATGAAGAGACAAG-1","Fibroblasts","Fibroblasts"
"sam2_GAAATGACACTCCTTG-1","NK_cell","NK_cell"
"sam2_GAAATGACAGTTCTAG-1","NK_cell","NK_cell"
"sam2_GAAATGAGTACGATTC-1","Epithelial_cells","Epithelial_cells"
"sam2_GAAATGAGTTGGACTT-1","T_cells","T_cells"
"sam2_GAAATGAGTTTCGCTC-1","Hepatocytes","Hepatocytes"
"sam2_GAACACTAGAAGAGCA-1","Monocyte","Monocyte"
"sam2_GAACACTAGCCTGAAG-1","NK_cell","NK_cell"
"sam2_GAACACTAGTCATCCA-1","Macrophage","Macrophage"
"sam2_GAACACTCACAGCGCT-1","Pre-B_cell_CD34-","Pre-B_cell_CD34-"
"sam2_GAACACTCAGTAGAGC-1","T_cells","T_cells"
"sam2_GAACACTTCCAATCCC-1","Monocyte","Monocyte"
"sam2_GAACACTTCTATCGCC-1","NK_cell","NK_cell"
"sam2_GAACGTTAGCCGGATA-1","Monocyte","Monocyte"
"sam2_GAACGTTCATCCGGCA-1","Smooth_muscle_cells","Smooth_muscle_cells"
"sam2_GAACGTTTCCATCTCG-1","NK_cell","NK_cell"
"sam2_GAACGTTTCGCAGTTA-1","Fibroblasts","Fibroblasts"
"sam2_GAACGTTTCGCGTCGA-1","Smooth_muscle_cells","Smooth_muscle_cells"
"sam2_GAACGTTTCGCTGCGA-1","NK_cell","NK_cell"
"sam2_GAACGTTTCGTGCAGC-1","Monocyte","Monocyte"
"sam2_GAACTGTAGATGGTAT-1","Neurons","Neurons"
"sam2_GAACTGTGTGCCTGAC-1","Pre-B_cell_CD34-","Pre-B_cell_CD34-"
"sam2_GAACTGTTCATGACAC-1","Smooth_muscle_cells","Smooth_muscle_cells"
"sam2_GAACTGTTCCACACCT-1","Epithelial_cells","Epithelial_cells"
"sam2_GAACTGTTCGCCTTTG-1","Smooth_muscle_cells","Smooth_muscle_cells"
"sam2_GAACTGTTCGCTTTAT-1","Pro-B_cell_CD34+","Pro-B_cell_CD34+"
"sam2_GAACTGTTCTAATTCC-1","Macrophage","Macrophage"
"sam2_GAACTGTTCTTTGCGC-1","T_cells","T_cells"
"sam2_GAAGAATAGATCCTAC-1","NK_cell","NK_cell"
"sam2_GAAGAATCACCGTGGT-1","T_cells","T_cells"
"sam2_GAAGAATGTATCGCGC-1","BM","BM"
"sam2_GAAGAATGTTCGTAAC-1","T_cells","T_cells"
"sam2_GAAGCCCAGACTCAAA-1","HSC_CD34+","HSC_CD34+"
"sam2_GAAGCCCAGCAATTCC-1","Chondrocytes","Unassigned"
"sam2_GAAGCCCAGCGTATAA-1","T_cells","T_cells"
"sam2_GAAGCCCAGGCACTAG-1","Macrophage","Macrophage"
"sam2_GAAGCCCCAGAGAGGG-1","NK_cell","NK_cell"
"sam2_GAAGCCCCAGGTGAGT-1","Macrophage","Macrophage"
"sam2_GAAGCCCGTACGAGCA-1","HSC_-G-CSF","HSC_-G-CSF"
"sam2_GAAGCCCGTGAATGTA-1","T_cells","T_cells"
"sam2_GAAGCCCTCTTCTTCC-1","Macrophage","Macrophage"
"sam2_GAAGCGAAGGCTAACG-1","Pre-B_cell_CD34-","Pre-B_cell_CD34-"
"sam2_GAAGCGAAGTGTACCT-1","T_cells","T_cells"
"sam2_GAAGCGAGTAGAGCTG-1","Pro-B_cell_CD34+","Pro-B_cell_CD34+"
"sam2_GAAGCGAGTGGTCTGC-1","NK_cell","NK_cell"
"sam2_GAAGCGATCAAGCGTT-1","Epithelial_cells","Epithelial_cells"
"sam2_GAAGCGATCCCTATTA-1","Monocyte","Monocyte"
"sam2_GAAGGACAGTCCCAGC-1","Smooth_muscle_cells","Smooth_muscle_cells"
"sam2_GAAGGACAGTGTCATC-1","NK_cell","NK_cell"
"sam2_GAAGGACCAGGTTACT-1","Pre-B_cell_CD34-","Pre-B_cell_CD34-"
"sam2_GAAGGACCATCACAGT-1","T_cells","T_cells"
"sam2_GAAGGACGTCGACTGC-1","NK_cell","NK_cell"
"sam2_GAAGGGTCAAATGGAT-1","NK_cell","NK_cell"
"sam2_GAAGGGTCATGGACAG-1","NK_cell","NK_cell"
"sam2_GAAGGGTGTCGGTGTC-1","T_cells","T_cells"
"sam2_GAAGTAAAGTTGTAAG-1","NK_cell","NK_cell"
"sam2_GAAGTAACAAACCGGA-1","Macrophage","Macrophage"
"sam2_GAAGTAACACCACATA-1","Pre-B_cell_CD34-","Pre-B_cell_CD34-"
"sam2_GAAGTAATCTGTGCAA-1","NK_cell","NK_cell"
"sam2_GAATAGAAGCTAGCCC-1","NK_cell","NK_cell"
"sam2_GAATAGACAACCAACT-1","Monocyte","Monocyte"
"sam2_GAATAGACAAGCAGGT-1","Macrophage","Macrophage"
"sam2_GAATAGAGTGGTACAG-1","Macrophage","Macrophage"
"sam2_GAATCACAGGAGTACC-1","NK_cell","NK_cell"
"sam2_GAATCACGTTTGTTGG-1","Smooth_muscle_cells","Smooth_muscle_cells"
"sam2_GAATCACTCCGTAATG-1","NK_cell","NK_cell"
"sam2_GAATCACTCTGTGCGG-1","T_cells","T_cells"
"sam2_GAATCGTAGAGCAGCT-1","NK_cell","NK_cell"
"sam2_GAATCGTAGGGCCAAT-1","NK_cell","NK_cell"
"sam2_GAATCGTAGTCATCCA-1","NK_cell","NK_cell"
"sam2_GAATCGTCAAGTGTCT-1","T_cells","T_cells"
"sam2_GAATCGTCACCGTCTT-1","NK_cell","NK_cell"
"sam2_GAATCGTCAGCAGTAG-1","T_cells","T_cells"
"sam2_GAATCGTGTCATCAGT-1","Fibroblasts","Unassigned"
"sam2_GAATCGTGTGGATCGA-1","Pre-B_cell_CD34-","Pre-B_cell_CD34-"
"sam2_GAATCGTTCACTGAAC-1","Fibroblasts","Fibroblasts"
"sam2_GACACGCAGGGAACAA-1","NK_cell","NK_cell"
"sam2_GACACGCAGTCCTACA-1","NK_cell","NK_cell"
"sam2_GACACGCCACCATATG-1","NK_cell","NK_cell"
"sam2_GACACGCCAGCGAACA-1","T_cells","T_cells"
"sam2_GACACGCGTACTGGGA-1","Epithelial_cells","Epithelial_cells"
"sam2_GACACGCGTGAGTTTC-1","Macrophage","Macrophage"
"sam2_GACACGCTCCCTTGGT-1","Pre-B_cell_CD34-","Pre-B_cell_CD34-"
"sam2_GACACGCTCGCCTAGG-1","Macrophage","Macrophage"
"sam2_GACAGCCGTACCTGTA-1","HSC_-G-CSF","HSC_-G-CSF"
"sam2_GACAGCCGTCTGTCAA-1","NK_cell","NK_cell"
"sam2_GACAGCCGTCTGTTAG-1","Fibroblasts","Fibroblasts"
"sam2_GACAGCCGTGTCTCCT-1","HSC_CD34+","HSC_CD34+"
"sam2_GACAGCCTCAAGCCTA-1","NK_cell","NK_cell"
"sam2_GACAGCCTCACGGTCG-1","NK_cell","NK_cell"
"sam2_GACAGCCTCATACGGT-1","MSC","MSC"
"sam2_GACATCAAGCGTGTTT-1","Macrophage","Macrophage"
"sam2_GACATCACAAGTTGGG-1","Macrophage","Macrophage"
"sam2_GACATCAGTCTCTCCA-1","T_cells","T_cells"
"sam2_GACATCATCCGATGTA-1","Smooth_muscle_cells","Smooth_muscle_cells"
"sam2_GACCAATAGCTGACCC-1","Pro-B_cell_CD34+","Pro-B_cell_CD34+"
"sam2_GACCAATAGGATGAGA-1","Epithelial_cells","Epithelial_cells"
"sam2_GACCAATCAATACGAA-1","Macrophage","Macrophage"
"sam2_GACCAATCACACCGAC-1","Monocyte","Monocyte"
"sam2_GACCAATCACCTCTAC-1","Macrophage","Macrophage"
"sam2_GACCAATCACGCAGTC-1","T_cells","T_cells"
"sam2_GACCAATGTCCGAAGA-1","T_cells","T_cells"
"sam2_GACCAATGTTGTATGC-1","Fibroblasts","Fibroblasts"
"sam2_GACCAATTCAAGTCGT-1","Chondrocytes","Chondrocytes"
"sam2_GACCCAGAGACTTGTC-1","T_cells","T_cells"
"sam2_GACCCAGAGGATCATA-1","NK_cell","NK_cell"
"sam2_GACCCAGGTCAAAGAT-1","T_cells","T_cells"
"sam2_GACCCAGTCTCTAAGG-1","Pre-B_cell_CD34-","Pre-B_cell_CD34-"
"sam2_GACCCTTAGACTCTAC-1","T_cells","T_cells"
"sam2_GACCCTTCACCCTGTT-1","T_cells","T_cells"
"sam2_GACCCTTCACTGGATT-1","T_cells","T_cells"
"sam2_GACCCTTCATGGCGCT-1","Macrophage","Macrophage"
"sam2_GACCCTTTCGAGTGGA-1","Neurons","Neurons"
"sam2_GACCCTTTCGTTCGCT-1","Macrophage","Macrophage"
"sam2_GACCGTGAGAAACTGT-1","Fibroblasts","Fibroblasts"
"sam2_GACCGTGAGTGCAGGT-1","DC","DC"
"sam2_GACCGTGGTACCGTGC-1","Monocyte","Monocyte"
"sam2_GACCGTGGTAGCTGCC-1","T_cells","T_cells"
"sam2_GACCGTGGTAGTCTTG-1","NK_cell","NK_cell"
"sam2_GACCGTGTCGCTACAA-1","Pre-B_cell_CD34-","Pre-B_cell_CD34-"
"sam2_GACCTTCAGAATGTTG-1","Macrophage","Macrophage"
"sam2_GACCTTCCAGAACCGA-1","T_cells","T_cells"
"sam2_GACCTTCCATCGTTCC-1","Epithelial_cells","Epithelial_cells"
"sam2_GACCTTCTCTTCACGC-1","T_cells","T_cells"
"sam2_GACGCTGGTGATACCT-1","Pre-B_cell_CD34-","Pre-B_cell_CD34-"
"sam2_GACGCTGGTGCACGCT-1","T_cells","T_cells"
"sam2_GACGCTGTCGCAGAGA-1","NK_cell","NK_cell"
"sam2_GACGTTAAGCGAGTCA-1","DC","DC"
"sam2_GACGTTACATCCAACA-1","NK_cell","NK_cell"
"sam2_GACGTTAGTAACCCTA-1","Epithelial_cells","Epithelial_cells"
"sam2_GACGTTATCGCCTATC-1","NK_cell","NK_cell"
"sam2_GACGTTATCTTACTGT-1","NK_cell","NK_cell"
"sam2_GACTATGAGAAGCGGG-1","MEP","MEP"
"sam2_GACTATGAGCGGATCA-1","Epithelial_cells","Epithelial_cells"
"sam2_GACTATGAGCGTGAAC-1","NK_cell","NK_cell"
"sam2_GACTATGAGTGACACG-1","Macrophage","Macrophage"
"sam2_GACTATGCAAATCGTC-1","Fibroblasts","Fibroblasts"
"sam2_GACTATGCACAAATGA-1","NK_cell","NK_cell"
"sam2_GACTATGCATGACCCG-1","B_cell","B_cell"
"sam2_GACTATGGTCTTTATC-1","T_cells","T_cells"
"sam2_GACTCAAAGAAGCCTG-1","Pre-B_cell_CD34-","Pre-B_cell_CD34-"
"sam2_GACTCAACACGGCGTT-1","Fibroblasts","Fibroblasts"
"sam2_GACTCAAGTAGCCCTG-1","T_cells","T_cells"
"sam2_GACTCAATCATAAGGA-1","NK_cell","NK_cell"
"sam2_GACTCAATCCTTATCA-1","Macrophage","Macrophage"
"sam2_GACTCTCAGACTTCGT-1","T_cells","T_cells"
"sam2_GACTCTCAGTTGTCGT-1","Fibroblasts","Fibroblasts"
"sam2_GACTCTCCACAAGCCC-1","T_cells","T_cells"
"sam2_GACTCTCCATTCTCCG-1","T_cells","T_cells"
"sam2_GACTCTCGTACCGTCG-1","T_cells","T_cells"
"sam2_GACTCTCTCCGCAGTG-1","T_cells","T_cells"
"sam2_GACTCTCTCTCCGAAA-1","Macrophage","Macrophage"
"sam2_GACTGATAGATAGCAT-1","NK_cell","NK_cell"
"sam2_GACTGATAGCATTTGC-1","T_cells","T_cells"
"sam2_GACTGATGTAACAGTA-1","T_cells","T_cells"
"sam2_GACTGATTCACCTTAT-1","NK_cell","NK_cell"
"sam2_GACTGATTCAGCTGTA-1","T_cells","T_cells"
"sam2_GACTTCCAGTTCCGTA-1","Pre-B_cell_CD34-","Pre-B_cell_CD34-"
"sam2_GACTTCCCACTGGACC-1","DC","DC"
"sam2_GACTTCCCATTAGGCT-1","Pre-B_cell_CD34-","Pre-B_cell_CD34-"
"sam2_GACTTCCGTATGCAAA-1","Chondrocytes","Unassigned"
"sam2_GACTTCCTCACTTCTA-1","NK_cell","NK_cell"
"sam2_GACTTCCTCAGCAGAG-1","Epithelial_cells","Epithelial_cells"
"sam2_GAGAAATAGCTGTTAC-1","Keratinocytes","Keratinocytes"
"sam2_GAGAAATAGGTAGGCT-1","Macrophage","Macrophage"
"sam2_GAGAAATCAAGGCGTA-1","NK_cell","NK_cell"
"sam2_GAGAAATGTCCACAGC-1","Macrophage","Macrophage"
"sam2_GAGAAATGTTCTAACG-1","T_cells","T_cells"
"sam2_GAGAAATTCATGCCGG-1","Keratinocytes","Keratinocytes"
"sam2_GAGAAATTCCGTGTCT-1","Macrophage","Macrophage"
"sam2_GAGAAATTCCTGGGTG-1","Macrophage","Macrophage"
"sam2_GAGAAATTCGGAAGGT-1","Pre-B_cell_CD34-","Pre-B_cell_CD34-"
"sam2_GAGACCCGTGTCGCTG-1","Macrophage","Macrophage"
"sam2_GAGACCCGTTACTCAG-1","BM","BM"
"sam2_GAGACCCTCATCACAG-1","Epithelial_cells","Epithelial_cells"
"sam2_GAGACCCTCTCGCTTG-1","Pre-B_cell_CD34-","Pre-B_cell_CD34-"
"sam2_GAGACCCTCTTGCAAG-1","T_cells","T_cells"
"sam2_GAGACTTAGTGGAAAG-1","Macrophage","Macrophage"
"sam2_GAGACTTCATGGCCAC-1","Fibroblasts","Fibroblasts"
"sam2_GAGAGGTAGACAAGCC-1","Macrophage","Macrophage"
"sam2_GAGAGGTAGATCCCAT-1","T_cells","T_cells"
"sam2_GAGAGGTCAGATCCTA-1","HSC_CD34+","HSC_CD34+"
"sam2_GAGAGGTGTCCCAAAT-1","Pro-B_cell_CD34+","Pro-B_cell_CD34+"
"sam2_GAGAGGTTCAGTCATG-1","T_cells","T_cells"
"sam2_GAGAGGTTCTCCTGTG-1","Pre-B_cell_CD34-","Pre-B_cell_CD34-"
"sam2_GAGATGGCACCCTTGT-1","Myelocyte","Myelocyte"
"sam2_GAGATGGCACGTGAGA-1","Fibroblasts","Fibroblasts"
"sam2_GAGATGGCAGTGCCTG-1","NK_cell","NK_cell"
"sam2_GAGATGGGTAGTGCGA-1","NK_cell","NK_cell"
"sam2_GAGATGGGTCACCGCA-1","Smooth_muscle_cells","Smooth_muscle_cells"
"sam2_GAGATGGGTGTGTCCG-1","NK_cell","NK_cell"
"sam2_GAGATGGGTTTAGTCG-1","Epithelial_cells","Epithelial_cells"
"sam2_GAGATGGTCCTTATCA-1","T_cells","T_cells"
"sam2_GAGCCTGAGCGTATAA-1","Chondrocytes","Chondrocytes"
"sam2_GAGCCTGCAATAACGA-1","Fibroblasts","Fibroblasts"
"sam2_GAGCCTGCATTGACAC-1","T_cells","T_cells"
"sam2_GAGCCTGGTACTGCCG-1","Macrophage","Macrophage"
"sam2_GAGCCTGTCACTTGGA-1","T_cells","T_cells"
"sam2_GAGCCTGTCTTCCCGA-1","BM","BM"
"sam2_GAGCTGCAGGACGCAT-1","T_cells","T_cells"
"sam2_GAGCTGCCAGGCAATG-1","T_cells","T_cells"
"sam2_GAGCTGCCATGAATCC-1","iPS_cells","iPS_cells"
"sam2_GAGCTGCGTTGACTAC-1","NK_cell","NK_cell"
"sam2_GAGCTGCTCCAGTGCG-1","Macrophage","Macrophage"
"sam2_GAGCTGCTCTTCCAGC-1","Pre-B_cell_CD34-","Pre-B_cell_CD34-"
"sam2_GAGGCAAGTATGGTAA-1","T_cells","T_cells"
"sam2_GAGGCAAGTCAAGCCC-1","Macrophage","Macrophage"
"sam2_GAGGCAAGTGAATTAG-1","Macrophage","Macrophage"
"sam2_GAGGCAATCCAGTTCC-1","GMP","GMP"
"sam2_GAGGCAATCCGTGGTG-1","Epithelial_cells","Epithelial_cells"
"sam2_GAGGCAATCGATTTCT-1","Macrophage","Macrophage"
"sam2_GAGGCCTAGCGAAACC-1","Fibroblasts","Fibroblasts"
"sam2_GAGGCCTAGGATGTTA-1","Macrophage","Macrophage"
"sam2_GAGGCCTCAACAGCCC-1","NK_cell","NK_cell"
"sam2_GAGGCCTCACACGGTC-1","MSC","MSC"
"sam2_GAGGCCTCACCAAAGG-1","Epithelial_cells","Epithelial_cells"
"sam2_GAGGCCTGTAGGACTG-1","DC","DC"
"sam2_GAGGCCTGTATGGTTC-1","Smooth_muscle_cells","Smooth_muscle_cells"
"sam2_GAGGCCTGTCTGTAGT-1","Keratinocytes","Keratinocytes"
"sam2_GAGGCCTGTCTTCAAG-1","Macrophage","Macrophage"
"sam2_GAGGGATAGACTTCCA-1","T_cells","T_cells"
"sam2_GAGGGATAGTGGACGT-1","Fibroblasts","Fibroblasts"
"sam2_GAGGGATCAACGGTAG-1","Fibroblasts","Fibroblasts"
"sam2_GAGGGATCAGTCGAGA-1","NK_cell","NK_cell"
"sam2_GAGGGATCATTCACCC-1","Epithelial_cells","Epithelial_cells"
"sam2_GAGGGATGTCAAAGTA-1","MSC","MSC"
"sam2_GAGGGATGTCAGGCAA-1","Macrophage","Macrophage"
"sam2_GAGGGATGTCTTGAAC-1","NK_cell","NK_cell"
"sam2_GAGGGATGTTGCTGAT-1","Macrophage","Macrophage"
"sam2_GAGGGATTCAAGCCGC-1","Fibroblasts","Fibroblasts"
"sam2_GAGGGATTCAGCTTGA-1","T_cells","T_cells"
"sam2_GAGGGATTCGTGCGAC-1","Macrophage","Macrophage"
"sam2_GAGGGTAGTAATTAGG-1","Smooth_muscle_cells","Smooth_muscle_cells"
"sam2_GAGGGTAGTCTACAAC-1","Fibroblasts","Fibroblasts"
"sam2_GAGGGTAGTTCATCGA-1","Macrophage","Macrophage"
"sam2_GAGGGTATCGTCGATA-1","NK_cell","NK_cell"
"sam2_GAGTCATAGAAGGGAT-1","NK_cell","NK_cell"
"sam2_GAGTCATAGATACTGA-1","NK_cell","NK_cell"
"sam2_GAGTCATAGTAAACTG-1","NK_cell","NK_cell"
"sam2_GAGTCATCATGGATCT-1","T_cells","T_cells"
"sam2_GAGTCATGTACGAAAT-1","Macrophage","Macrophage"
"sam2_GAGTCATGTGCCGTTG-1","Macrophage","Macrophage"
"sam2_GAGTCATGTTTCAGAC-1","NK_cell","NK_cell"
"sam2_GAGTCTAAGAGCAAGA-1","NK_cell","NK_cell"
"sam2_GAGTCTAAGCGCCTTG-1","NK_cell","NK_cell"
"sam2_GAGTCTAAGTATCTGC-1","T_cells","T_cells"
"sam2_GAGTCTACATACAGCT-1","Monocyte","Monocyte"
"sam2_GAGTCTAGTCGACTTA-1","Fibroblasts","Fibroblasts"
"sam2_GAGTCTAGTGAATTAG-1","Epithelial_cells","Epithelial_cells"
"sam2_GAGTCTATCAACACCA-1","Chondrocytes","Chondrocytes"
"sam2_GAGTGAGAGTGGGAAA-1","Macrophage","Macrophage"
"sam2_GAGTGAGCACCAAAGG-1","T_cells","T_cells"
"sam2_GAGTGAGCACTACAGT-1","Pre-B_cell_CD34-","Pre-B_cell_CD34-"
"sam2_GAGTGAGGTAACGATA-1","Fibroblasts","Fibroblasts"
"sam2_GAGTGAGGTTGCGAAG-1","NK_cell","NK_cell"
"sam2_GAGTGTTAGGATAATC-1","DC","DC"
"sam2_GAGTGTTAGGCCCAAA-1","Macrophage","Macrophage"
"sam2_GAGTGTTAGGGAGGTG-1","Macrophage","Macrophage"
"sam2_GAGTGTTAGGTAAACT-1","Macrophage","Macrophage"
"sam2_GAGTGTTCAATAACGA-1","NK_cell","NK_cell"
"sam2_GAGTGTTCAATGACCT-1","T_cells","T_cells"
"sam2_GAGTGTTCACCAGACC-1","Smooth_muscle_cells","Unassigned"
"sam2_GAGTGTTCAGGCACAA-1","NK_cell","NK_cell"
"sam2_GAGTGTTCATTGGGAG-1","NK_cell","NK_cell"
"sam2_GAGTGTTGTAGCGTTT-1","NK_cell","NK_cell"
"sam2_GAGTGTTGTTGTATGC-1","T_cells","T_cells"
"sam2_GAGTGTTTCCCTCGTA-1","GMP","GMP"
"sam2_GAGTTACAGGGTTTCT-1","Macrophage","Macrophage"
"sam2_GAGTTACCAAAGGAGA-1","Smooth_muscle_cells","Smooth_muscle_cells"
"sam2_GAGTTACCAATCTGCA-1","T_cells","T_cells"
"sam2_GAGTTACCATACTTTC-1","Smooth_muscle_cells","Smooth_muscle_cells"
"sam2_GAGTTACTCGATACTG-1","Chondrocytes","Chondrocytes"
"sam2_GAGTTACTCTCCTGTG-1","Smooth_muscle_cells","Smooth_muscle_cells"
"sam2_GAGTTGTAGCACCCAC-1","Fibroblasts","Fibroblasts"
"sam2_GAGTTGTAGGGAGAAT-1","Pre-B_cell_CD34-","Pre-B_cell_CD34-"
"sam2_GAGTTGTAGTAGCAAT-1","NK_cell","NK_cell"
"sam2_GAGTTGTTCCTTCAGC-1","Fibroblasts","Fibroblasts"
"sam2_GAGTTGTTCTGGGTCG-1","T_cells","T_cells"
"sam2_GAGTTGTTCTTAATCC-1","Macrophage","Macrophage"
"sam2_GAGTTTGAGCCGCACT-1","NK_cell","NK_cell"
"sam2_GAGTTTGAGGCACTCC-1","Fibroblasts","Fibroblasts"
"sam2_GAGTTTGCATCATTGG-1","NK_cell","NK_cell"
"sam2_GAGTTTGGTTCCCAAA-1","Macrophage","Macrophage"
"sam2_GAGTTTGTCACCTGTC-1","Macrophage","Macrophage"
"sam2_GAGTTTGTCCACGTCT-1","Smooth_muscle_cells","Smooth_muscle_cells"
"sam2_GATAGAAGTAGATTAG-1","Hepatocytes","Hepatocytes"
"sam2_GATAGAAGTATGCTAC-1","Macrophage","Macrophage"
"sam2_GATAGAATCCAACCAA-1","Fibroblasts","Fibroblasts"
"sam2_GATAGAATCTTGTGCC-1","Smooth_muscle_cells","Smooth_muscle_cells"
"sam2_GATAGCTAGACCGCCT-1","NK_cell","NK_cell"
"sam2_GATAGCTAGAGCCCAA-1","Smooth_muscle_cells","Smooth_muscle_cells"
"sam2_GATAGCTAGCCTGACC-1","NK_cell","NK_cell"
"sam2_GATAGCTGTTCAAAGA-1","Fibroblasts","Fibroblasts"
"sam2_GATAGCTTCATTTCGT-1","NK_cell","NK_cell"
"sam2_GATCACAAGGTCCTGC-1","Macrophage","Macrophage"
"sam2_GATCACACAAGTATCC-1","Macrophage","Macrophage"
"sam2_GATCACAGTCGGTGTC-1","Endothelial_cells","Endothelial_cells"
"sam2_GATCACATCCCACAGG-1","NK_cell","NK_cell"
"sam2_GATCACATCTCATAGG-1","NK_cell","NK_cell"
"sam2_GATCAGTAGTCGGCCT-1","Macrophage","Macrophage"
"sam2_GATCAGTAGTTGAATG-1","NK_cell","NK_cell"
"sam2_GATCAGTCAAATGGTA-1","NK_cell","NK_cell"
"sam2_GATCAGTCATGAATCC-1","NK_cell","NK_cell"
"sam2_GATCAGTCATTAAAGG-1","HSC_-G-CSF","HSC_-G-CSF"
"sam2_GATCAGTGTATTTCGG-1","Epithelial_cells","Epithelial_cells"
"sam2_GATCAGTGTGGTCTGC-1","NK_cell","NK_cell"
"sam2_GATCAGTTCATGGTAC-1","T_cells","T_cells"
"sam2_GATCATGAGACTCATC-1","T_cells","T_cells"
"sam2_GATCATGAGCGGCTCT-1","Smooth_muscle_cells","Smooth_muscle_cells"
"sam2_GATCATGGTTCGAGCC-1","HSC_-G-CSF","HSC_-G-CSF"
"sam2_GATCATGGTTCGGACC-1","NK_cell","NK_cell"
"sam2_GATCATGTCCATGAGT-1","Pre-B_cell_CD34-","Pre-B_cell_CD34-"
"sam2_GATCATGTCCGCTTAC-1","T_cells","T_cells"
"sam2_GATCCCTAGATGCTGG-1","NK_cell","NK_cell"
"sam2_GATCCCTAGTGGCAGT-1","NK_cell","NK_cell"
"sam2_GATCCCTAGTTCACTG-1","Monocyte","Monocyte"
"sam2_GATCCCTCAGACCTAT-1","BM & Prog.","BM & Prog."
"sam2_GATCCCTGTGCCGTAC-1","T_cells","T_cells"
"sam2_GATCGTAAGCATGTTC-1","Neurons","Neurons"
"sam2_GATCGTATCCCAGCGA-1","BM","BM"
"sam2_GATCGTATCGCCAGAC-1","Macrophage","Macrophage"
"sam2_GATGACTAGGCTCCCA-1","Chondrocytes","Chondrocytes"
"sam2_GATGACTCAATCGTCA-1","DC","DC"
"sam2_GATGACTCAGCTACTA-1","Macrophage","Macrophage"
"sam2_GATGACTGTATCACCA-1","Macrophage","Macrophage"
"sam2_GATGACTGTCAAATCC-1","T_cells","T_cells"
"sam2_GATGACTGTGTTCCAA-1","Macrophage","Macrophage"
"sam2_GATGACTTCAACGTGT-1","Smooth_muscle_cells","Unassigned"
"sam2_GATGACTTCCTATTTG-1","Epithelial_cells","Epithelial_cells"
"sam2_GATGAGGAGACGCCAA-1","T_cells","T_cells"
"sam2_GATGAGGAGGACATCG-1","NK_cell","NK_cell"
"sam2_GATGAGGGTATTTCTC-1","T_cells","T_cells"
"sam2_GATGAGGGTCATTGCA-1","HSC_-G-CSF","HSC_-G-CSF"
"sam2_GATGAGGGTCGCAGTC-1","Pro-B_cell_CD34+","Pro-B_cell_CD34+"
"sam2_GATGAGGGTTAGGACG-1","NK_cell","NK_cell"
"sam2_GATGAGGTCCGTAGGC-1","CMP","CMP"
"sam2_GATGATCCAAGAATAC-1","NK_cell","NK_cell"
"sam2_GATGATCCAATCACGT-1","Pro-Myelocyte","Pro-Myelocyte"
"sam2_GATGATCCACAACGCC-1","Smooth_muscle_cells","Smooth_muscle_cells"
"sam2_GATGATCGTAGGTCAG-1","Fibroblasts","Fibroblasts"
"sam2_GATGATCGTCACAGAG-1","Macrophage","Macrophage"
"sam2_GATGATCTCAGTCCGG-1","Epithelial_cells","Epithelial_cells"
"sam2_GATGATCTCGCTATTT-1","T_cells","T_cells"
"sam2_GATGATCTCGTAGCTA-1","Macrophage","Macrophage"
"sam2_GATGATCTCTAACGCA-1","T_cells","T_cells"
"sam2_GATGCTAAGACGGATC-1","Macrophage","Macrophage"
"sam2_GATGCTAGTACCTATG-1","Macrophage","Macrophage"
"sam2_GATGCTATCCTGGGAC-1","T_cells","T_cells"
"sam2_GATGGAGGTAGGTACG-1","Fibroblasts","Fibroblasts"
"sam2_GATGGAGGTCAGTCCG-1","Macrophage","Macrophage"
"sam2_GATGGAGGTGATGAAT-1","Smooth_muscle_cells","Smooth_muscle_cells"
"sam2_GATGGAGTCCGTAGGC-1","NK_cell","NK_cell"
"sam2_GATGGAGTCCTTCAGC-1","Smooth_muscle_cells","Smooth_muscle_cells"
"sam2_GATGTTGAGCAAATGT-1","Fibroblasts","Fibroblasts"
"sam2_GATGTTGCATAGTCAC-1","Keratinocytes","Keratinocytes"
"sam2_GATGTTGGTCGTGTTA-1","Fibroblasts","Fibroblasts"
"sam2_GATGTTGGTCTTACAG-1","Macrophage","Unassigned"
"sam2_GATGTTGTCAACCTTT-1","NK_cell","NK_cell"
"sam2_GATGTTGTCCCTGGTT-1","Smooth_muscle_cells","Smooth_muscle_cells"
"sam2_GATGTTGTCCGCGGAT-1","T_cells","T_cells"
"sam2_GATGTTGTCTAATTCC-1","Chondrocytes","Chondrocytes"
"sam2_GATTCGAAGACTCTTG-1","Macrophage","Macrophage"
"sam2_GATTCGAAGCGCTTCG-1","Macrophage","Macrophage"
"sam2_GATTCGAAGGCCCACT-1","Monocyte","Monocyte"
"sam2_GATTCGACACTGGACC-1","NK_cell","NK_cell"
"sam2_GATTCGACAGGCTACC-1","HSC_-G-CSF","HSC_-G-CSF"
"sam2_GATTCGACAGGTTCCG-1","Keratinocytes","Keratinocytes"
"sam2_GATTCGACATAACTCG-1","T_cells","T_cells"
"sam2_GATTCGACATGAATCC-1","Fibroblasts","Fibroblasts"
"sam2_GATTCGATCAAAGGTA-1","Smooth_muscle_cells","Smooth_muscle_cells"
"sam2_GATTCGATCCTTCACG-1","NK_cell","NK_cell"
"sam2_GATTCTTAGCAGGGAG-1","Pre-B_cell_CD34-","Pre-B_cell_CD34-"
"sam2_GATTCTTAGCCGCACT-1","Pre-B_cell_CD34-","Pre-B_cell_CD34-"
"sam2_GATTCTTCAATAACGA-1","NK_cell","NK_cell"
"sam2_GATTCTTCAGGACATG-1","NK_cell","NK_cell"
"sam2_GATTCTTGTGCCAAGA-1","NK_cell","NK_cell"
"sam2_GATTCTTGTGCGAGTA-1","Monocyte","Monocyte"
"sam2_GATTCTTGTGCTCGTG-1","Smooth_muscle_cells","Smooth_muscle_cells"
"sam2_GATTCTTGTTAATCGC-1","T_cells","T_cells"
"sam2_GATTCTTGTTATTCTC-1","T_cells","T_cells"
"sam2_GATTCTTTCCCACAGG-1","Smooth_muscle_cells","Smooth_muscle_cells"
"sam2_GATTCTTTCGCCGATG-1","Macrophage","Macrophage"
"sam2_GATTCTTTCGTCGATA-1","Macrophage","Macrophage"
"sam2_GATTCTTTCTAGGAAA-1","T_cells","T_cells"
"sam2_GATTCTTTCTATGTGG-1","MSC","MSC"
"sam2_GATTCTTTCTCATAGG-1","B_cell","B_cell"
"sam2_GATTGGTAGAGAACCC-1","Macrophage","Macrophage"
"sam2_GATTGGTAGCCGTTAT-1","Epithelial_cells","Epithelial_cells"
"sam2_GATTGGTAGGCTCCCA-1","Embryonic_stem_cells","Embryonic_stem_cells"
"sam2_GATTGGTCAACGGCTC-1","Smooth_muscle_cells","Smooth_muscle_cells"
"sam2_GATTGGTCACTAGGTT-1","T_cells","T_cells"
"sam2_GATTGGTCAGCAGGAT-1","Smooth_muscle_cells","Smooth_muscle_cells"
"sam2_GATTGGTCAGTAACCT-1","NK_cell","NK_cell"
"sam2_GATTGGTCATTGAGGG-1","Pre-B_cell_CD34-","Pre-B_cell_CD34-"
"sam2_GATTGGTGTACAGTAA-1","NK_cell","NK_cell"
"sam2_GATTGGTGTTCTCGCT-1","Pre-B_cell_CD34-","Pre-B_cell_CD34-"
"sam2_GATTGGTTCATCGTAG-1","T_cells","T_cells"
"sam2_GATTGGTTCCGCACTT-1","T_cells","T_cells"
"sam2_GATTTCTTCTAAGCCA-1","NK_cell","NK_cell"
"sam2_GCAACATCAGATCATC-1","Macrophage","Macrophage"
"sam2_GCAACATGTCTAATCG-1","Fibroblasts","Fibroblasts"
"sam2_GCAACATGTTTGTGGT-1","Epithelial_cells","Epithelial_cells"
"sam2_GCAACATTCTGGAAGG-1","NK_cell","NK_cell"
"sam2_GCAACCGAGTCCCTAA-1","Monocyte","Monocyte"
"sam2_GCAACCGCATAACAGA-1","HSC_-G-CSF","HSC_-G-CSF"
"sam2_GCAACCGGTGACTCTA-1","T_cells","T_cells"
"sam2_GCAACCGGTGCTGCAC-1","Keratinocytes","Keratinocytes"
"sam2_GCAACCGTCTTCGATT-1","NK_cell","NK_cell"
"sam2_GCACATACAACACAAA-1","Macrophage","Macrophage"
"sam2_GCACATAGTCCACATA-1","Epithelial_cells","Epithelial_cells"
"sam2_GCACATAGTTGTACGT-1","Macrophage","Macrophage"
"sam2_GCACATATCAAGCTTG-1","Macrophage","Macrophage"
"sam2_GCACATATCACTTTGT-1","Macrophage","Macrophage"
"sam2_GCACGGTAGAGGATCC-1","Fibroblasts","Fibroblasts"
"sam2_GCACGGTCACGCGCTA-1","Neutrophils","Neutrophils"
"sam2_GCACGGTGTACAGTAA-1","Epithelial_cells","Epithelial_cells"
"sam2_GCACGGTGTTGCCGCA-1","T_cells","T_cells"
"sam2_GCACGGTTCACTCGAA-1","Keratinocytes","Keratinocytes"
"sam2_GCACGGTTCCGAACGC-1","Epithelial_cells","Epithelial_cells"
"sam2_GCACGGTTCTTCTGTA-1","NK_cell","NK_cell"
"sam2_GCACGTGGTCCAAGAG-1","T_cells","T_cells"
"sam2_GCACTAACAGCAGACA-1","T_cells","T_cells"
"sam2_GCACTAACATATAGCC-1","Pre-B_cell_CD34-","Pre-B_cell_CD34-"
"sam2_GCACTAATCATTATCC-1","NK_cell","NK_cell"
"sam2_GCACTAATCCCTTGTG-1","T_cells","T_cells"
"sam2_GCAGCCAAGACGAGCT-1","Macrophage","Macrophage"
"sam2_GCAGCCAAGTCAACAA-1","Neuroepithelial_cell","Neuroepithelial_cell"
"sam2_GCAGCCAAGTTCCAGT-1","CMP","CMP"
"sam2_GCAGCCAGTAAGATTG-1","Macrophage","Macrophage"
"sam2_GCAGCCAGTTCCACGG-1","GMP","GMP"
"sam2_GCAGCCATCCTACGGG-1","T_cells","T_cells"
"sam2_GCAGCTGAGCACTAAA-1","T_cells","T_cells"
"sam2_GCAGCTGAGCAGGGAG-1","Smooth_muscle_cells","Smooth_muscle_cells"
"sam2_GCAGCTGAGCCGGATA-1","NK_cell","NK_cell"
"sam2_GCAGCTGCAGTCACGC-1","T_cells","T_cells"
"sam2_GCAGCTGCATTGCAAC-1","Macrophage","Macrophage"
"sam2_GCAGCTGGTCAAACGG-1","Astrocyte","Astrocyte"
"sam2_GCAGCTGTCTGAGAGG-1","DC","DC"
"sam2_GCAGGCTAGATCGCCC-1","Chondrocytes","Chondrocytes"
"sam2_GCAGGCTAGCGAGAAA-1","Smooth_muscle_cells","Smooth_muscle_cells"
"sam2_GCAGGCTAGCTTTGTG-1","NK_cell","NK_cell"
"sam2_GCAGGCTGTACCTAGT-1","NK_cell","NK_cell"
"sam2_GCAGGCTTCCTACAAG-1","T_cells","T_cells"
"sam2_GCAGGCTTCGTGCTCT-1","Fibroblasts","Fibroblasts"
"sam2_GCAGGCTTCTACACAG-1","T_cells","T_cells"
"sam2_GCAGTTAAGAAGCGAA-1","Fibroblasts","Fibroblasts"
"sam2_GCAGTTAAGAGCTTTC-1","HSC_-G-CSF","HSC_-G-CSF"
"sam2_GCAGTTAAGCATCCCG-1","HSC_-G-CSF","HSC_-G-CSF"
"sam2_GCAGTTAAGGTTTACC-1","HSC_-G-CSF","HSC_-G-CSF"
"sam2_GCAGTTACATAATGCC-1","Macrophage","Macrophage"
"sam2_GCAGTTAGTTCAGGTT-1","Neurons","Neurons"
"sam2_GCAGTTATCGCTAGCG-1","Fibroblasts","Fibroblasts"
"sam2_GCATCGGAGCTTTCCC-1","Macrophage","Macrophage"
"sam2_GCATCGGCAAGATGGC-1","Keratinocytes","Keratinocytes"
"sam2_GCATCGGCAGGTTCGC-1","DC","DC"
"sam2_GCATCGGCAGTCGCTG-1","Chondrocytes","Chondrocytes"
"sam2_GCATCGGGTCACGTGC-1","Pre-B_cell_CD34-","Pre-B_cell_CD34-"
"sam2_GCATCGGGTTTCACAG-1","BM & Prog.","BM & Prog."
"sam2_GCATCGGTCGGAATGG-1","Smooth_muscle_cells","Smooth_muscle_cells"
"sam2_GCATCGGTCGTTCGCT-1","NK_cell","NK_cell"
"sam2_GCATCGGTCTCTATGT-1","T_cells","T_cells"
"sam2_GCATCTCAGACTAGAT-1","Smooth_muscle_cells","Smooth_muscle_cells"
"sam2_GCATCTCAGTAGCATA-1","NK_cell","NK_cell"
"sam2_GCATCTCCACAGCATT-1","Pre-B_cell_CD34-","Pre-B_cell_CD34-"
"sam2_GCATCTCCACAGCTGC-1","Fibroblasts","Fibroblasts"
"sam2_GCATCTCCACTACCGG-1","Myelocyte","Myelocyte"
"sam2_GCATCTCTCATGCATG-1","NK_cell","NK_cell"
"sam2_GCATCTCTCCATGAGT-1","T_cells","T_cells"
"sam2_GCATCTCTCTACCCAC-1","NK_cell","NK_cell"
"sam2_GCATGATAGCACGTCC-1","Fibroblasts","Fibroblasts"
"sam2_GCATGATAGTAATTGG-1","NK_cell","NK_cell"
"sam2_GCATGATCACATGTTG-1","Fibroblasts","Fibroblasts"
"sam2_GCATGATCACGCAAAG-1","Fibroblasts","Fibroblasts"
"sam2_GCATGATCAGAGGTAC-1","Macrophage","Macrophage"
"sam2_GCATGATTCGTCTAAG-1","Macrophage","Macrophage"
"sam2_GCATGATTCTCTCTAA-1","T_cells","T_cells"
"sam2_GCATGATTCTTCGATT-1","T_cells","T_cells"
"sam2_GCATTAGAGCGCCCAT-1","T_cells","T_cells"
"sam2_GCATTAGAGTCTAACC-1","BM","BM"
"sam2_GCATTAGAGTTCTACG-1","HSC_-G-CSF","HSC_-G-CSF"
"sam2_GCATTAGGTGTCTAAC-1","Smooth_muscle_cells","Smooth_muscle_cells"
"sam2_GCATTAGGTTTGGCTA-1","Epithelial_cells","Epithelial_cells"
"sam2_GCATTAGTCCATTGCC-1","HSC_-G-CSF","HSC_-G-CSF"
"sam2_GCATTAGTCGCACGAC-1","T_cells","T_cells"
"sam2_GCATTAGTCTATCACT-1","T_cells","T_cells"
"sam2_GCATTAGTCTCCTACG-1","Macrophage","Macrophage"
"sam2_GCCAACGAGAATACAC-1","Macrophage","Macrophage"
"sam2_GCCAACGGTCCGGATC-1","GMP","GMP"
"sam2_GCCAACGTCACCGGGT-1","NK_cell","NK_cell"
"sam2_GCCAGCAAGCGATGAC-1","T_cells","T_cells"
"sam2_GCCAGCAAGGCCATAG-1","Smooth_muscle_cells","Smooth_muscle_cells"
"sam2_GCCAGCACAACAAAGT-1","Macrophage","Macrophage"
"sam2_GCCAGCACACTTGTGA-1","Fibroblasts","Fibroblasts"
"sam2_GCCAGCAGTATGATCC-1","Macrophage","Macrophage"
"sam2_GCCAGCAGTGAGATCG-1","Fibroblasts","Fibroblasts"
"sam2_GCCAGCATCCACGTCT-1","Pre-B_cell_CD34-","Pre-B_cell_CD34-"
"sam2_GCCAGCATCGGTTCAA-1","NK_cell","NK_cell"
"sam2_GCCAGGTAGACAACTA-1","Epithelial_cells","Epithelial_cells"
"sam2_GCCAGGTAGAGAGCAA-1","NK_cell","NK_cell"
"sam2_GCCAGGTAGGAGACCT-1","NK_cell","NK_cell"
"sam2_GCCAGGTAGGTACAAT-1","Tissue_stem_cells","Tissue_stem_cells"
"sam2_GCCAGGTCAAGTCATC-1","T_cells","T_cells"
"sam2_GCCAGGTCATCTGTTT-1","HSC_-G-CSF","HSC_-G-CSF"
"sam2_GCCAGGTTCAAACTGC-1","Neuroepithelial_cell","Neuroepithelial_cell"
"sam2_GCCAGGTTCGTTTACT-1","NK_cell","NK_cell"
"sam2_GCCAGTGAGGTCCTGC-1","Smooth_muscle_cells","Smooth_muscle_cells"
"sam2_GCCAGTGTCCCGATCT-1","NK_cell","NK_cell"
"sam2_GCCATGGAGGACTTCT-1","Macrophage","Macrophage"
"sam2_GCCATGGAGGGTACAC-1","NK_cell","NK_cell"
"sam2_GCCATGGAGTCGCCCA-1","GMP","GMP"
"sam2_GCCATGGCAAGACAAT-1","Fibroblasts","Fibroblasts"
"sam2_GCCATGGCACCGCTGA-1","NK_cell","NK_cell"
"sam2_GCCATGGCAGCCCACA-1","NK_cell","NK_cell"
"sam2_GCCATGGGTGAGATCG-1","NK_cell","NK_cell"
"sam2_GCCATGGTCGGTGTTA-1","HSC_-G-CSF","HSC_-G-CSF"
"sam2_GCCATGGTCTGCGGCA-1","Monocyte","Monocyte"
"sam2_GCCATTCAGCCTTTCC-1","T_cells","T_cells"
"sam2_GCCATTCAGTAGGATT-1","Macrophage","Macrophage"
"sam2_GCCATTCAGTGAATAC-1","Monocyte","Monocyte"
"sam2_GCCATTCCAGCAGTGA-1","NK_cell","NK_cell"
"sam2_GCCATTCGTTTGGGAG-1","Macrophage","Macrophage"
"sam2_GCCATTCTCTCAACGA-1","T_cells","T_cells"
"sam2_GCCATTCTCTTCCAGC-1","Macrophage","Macrophage"
"sam2_GCCCAGAAGAATCGTA-1","Endothelial_cells","Endothelial_cells"
"sam2_GCCCAGAAGAGAGCGG-1","Fibroblasts","Fibroblasts"
"sam2_GCCCAGAAGCAGCCTC-1","T_cells","T_cells"
"sam2_GCCCAGAAGGGCAGAG-1","Macrophage","Macrophage"
"sam2_GCCCAGAAGTCATGGG-1","NK_cell","NK_cell"
"sam2_GCCCAGACAAGGCAAC-1","HSC_-G-CSF","HSC_-G-CSF"
"sam2_GCCCAGACACATAACC-1","Fibroblasts","Fibroblasts"
"sam2_GCCCAGACATGGCCAC-1","NK_cell","NK_cell"
"sam2_GCCCAGAGTAAGGTCG-1","T_cells","T_cells"
"sam2_GCCCAGAGTGATACAA-1","Fibroblasts","Fibroblasts"
"sam2_GCCCAGAGTTCTCTCG-1","Pre-B_cell_CD34-","Pre-B_cell_CD34-"
"sam2_GCCCAGATCTGCGATA-1","Macrophage","Macrophage"
"sam2_GCCCGAACAAACTAAG-1","Smooth_muscle_cells","Smooth_muscle_cells"
"sam2_GCCCGAACAACCACAT-1","Macrophage","Macrophage"
"sam2_GCCCGAACATAGGTTC-1","Pre-B_cell_CD34-","Pre-B_cell_CD34-"
"sam2_GCCCGAAGTGGTGATG-1","NK_cell","NK_cell"
"sam2_GCCCGAATCATTTGTC-1","T_cells","T_cells"
"sam2_GCCCGAATCGAATGCT-1","NK_cell","NK_cell"
"sam2_GCCGATGAGCAACAGC-1","NK_cell","NK_cell"
"sam2_GCCGATGAGTCCTGCG-1","BM","BM"
"sam2_GCCGATGCAATACCTG-1","T_cells","T_cells"
"sam2_GCCGATGCAGCTGAAG-1","Pre-B_cell_CD34-","Pre-B_cell_CD34-"
"sam2_GCCGATGGTTTCTTAC-1","T_cells","T_cells"
"sam2_GCCGATGGTTTGAACC-1","Fibroblasts","Fibroblasts"
"sam2_GCCGATGTCGTTAGAC-1","Epithelial_cells","Epithelial_cells"
"sam2_GCCGTGAAGCCTCCAG-1","NK_cell","NK_cell"
"sam2_GCCGTGAAGCGGCTCT-1","Smooth_muscle_cells","Smooth_muscle_cells"
"sam2_GCCGTGACACCAGTTA-1","Macrophage","Macrophage"
"sam2_GCCGTGACAGCTTCGG-1","Neutrophils","Neutrophils"
"sam2_GCCGTGAGTTTCGGCG-1","T_cells","T_cells"
"sam2_GCCGTGATCTTGATTC-1","NK_cell","NK_cell"
"sam2_GCCTGTTCAACAGAGC-1","T_cells","T_cells"
"sam2_GCCTGTTCAACCTATG-1","T_cells","T_cells"
"sam2_GCCTGTTGTAGGCTGA-1","T_cells","T_cells"
"sam2_GCCTGTTTCATCACTT-1","T_cells","T_cells"
"sam2_GCCTGTTTCGAGTGGA-1","NK_cell","NK_cell"
"sam2_GCGAGAAAGAATTGTG-1","Macrophage","Macrophage"
"sam2_GCGAGAACACGTACAT-1","Macrophage","Macrophage"
"sam2_GCGAGAACACTAAACC-1","Macrophage","Macrophage"
"sam2_GCGAGAACAGATACCT-1","Monocyte","Monocyte"
"sam2_GCGAGAATCTGCTTAT-1","T_cells","T_cells"
"sam2_GCGATCGAGGGAGGGT-1","NK_cell","NK_cell"
"sam2_GCGATCGCAAAGGATT-1","Fibroblasts","Fibroblasts"
"sam2_GCGATCGCAGGTGTTT-1","Macrophage","Macrophage"
"sam2_GCGATCGGTCCCACGA-1","Neuroepithelial_cell","Neuroepithelial_cell"
"sam2_GCGATCGTCACGTAGT-1","NK_cell","NK_cell"
"sam2_GCGATCGTCTTTACAC-1","Neurons","Neurons"
"sam2_GCGGAAAAGACCAAGC-1","Fibroblasts","Fibroblasts"
"sam2_GCGGAAAAGCTAAATG-1","NK_cell","NK_cell"
"sam2_GCGGAAAGTAGGATAT-1","NK_cell","NK_cell"
"sam2_GCGGAAATCGCAGTCG-1","NK_cell","NK_cell"
"sam2_GCGGATCAGCAGCCTC-1","Epithelial_cells","Epithelial_cells"
"sam2_GCGGATCCAATGAGCG-1","Macrophage","Macrophage"
"sam2_GCGGATCGTAACCAGG-1","HSC_-G-CSF","HSC_-G-CSF"
"sam2_GCGGATCGTGTATCCA-1","Macrophage","Macrophage"
"sam2_GCGGATCGTTGACTAC-1","Macrophage","Macrophage"
"sam2_GCGGATCTCTCATGGA-1","Macrophage","Macrophage"
"sam2_GCGTGCAAGGCACCAA-1","Macrophage","Macrophage"
"sam2_GCGTGCACAAATCGGG-1","Pro-Myelocyte","Pro-Myelocyte"
"sam2_GCGTGCACATGCCGAC-1","NK_cell","NK_cell"
"sam2_GCGTGCAGTCCTGAAT-1","T_cells","T_cells"
"sam2_GCGTGCATCTTGCAAG-1","NK_cell","NK_cell"
"sam2_GCGTTTCAGCACTCCG-1","DC","DC"
"sam2_GCGTTTCAGGATTTCC-1","NK_cell","NK_cell"
"sam2_GCGTTTCGTACTGGGA-1","BM & Prog.","BM & Prog."
"sam2_GCGTTTCTCCAGTGTA-1","Fibroblasts","Fibroblasts"
"sam2_GCGTTTCTCGACATTG-1","Smooth_muscle_cells","Unassigned"
"sam2_GCGTTTCTCGATTGAC-1","Neutrophils","Neutrophils"
"sam2_GCTACAAAGAACTCCT-1","Epithelial_cells","Epithelial_cells"
"sam2_GCTACAAAGAGTACCG-1","NK_cell","NK_cell"
"sam2_GCTACAACACGTAGTT-1","Fibroblasts","Unassigned"
"sam2_GCTACAAGTAGCTGAG-1","Chondrocytes","Chondrocytes"
"sam2_GCTACAATCAGGAGAC-1","Smooth_muscle_cells","Smooth_muscle_cells"
"sam2_GCTACCTAGCGTGCTC-1","NK_cell","NK_cell"
"sam2_GCTACCTAGGTTCTTG-1","NK_cell","NK_cell"
"sam2_GCTACCTCAATCCTTT-1","Pre-B_cell_CD34-","Pre-B_cell_CD34-"
"sam2_GCTACCTCAGAAATTG-1","Epithelial_cells","Epithelial_cells"
"sam2_GCTACCTCATTGAGCT-1","T_cells","T_cells"
"sam2_GCTACCTGTATCGAAA-1","Smooth_muscle_cells","Smooth_muscle_cells"
"sam2_GCTACCTTCCGAGAAG-1","NK_cell","NK_cell"
"sam2_GCTCAAAAGAGAGCCT-1","Macrophage","Macrophage"
"sam2_GCTCAAACACACCGCA-1","NK_cell","NK_cell"
"sam2_GCTCAAACACAGCGCT-1","Macrophage","Macrophage"
"sam2_GCTCAAACATTGACCA-1","Pre-B_cell_CD34-","Pre-B_cell_CD34-"
"sam2_GCTCAAAGTATACCCA-1","T_cells","T_cells"
"sam2_GCTCAAAGTCAACGCC-1","Fibroblasts","Fibroblasts"
"sam2_GCTCAAAGTCTTACAG-1","Fibroblasts","Fibroblasts"
"sam2_GCTCAAAGTGCTATTG-1","Epithelial_cells","Epithelial_cells"
"sam2_GCTCAAAGTGTCCGTG-1","T_cells","T_cells"
"sam2_GCTCAAATCGCCTCTA-1","Keratinocytes","Keratinocytes"
"sam2_GCTGAATAGCTCGGCT-1","Macrophage","Macrophage"
"sam2_GCTGAATAGTCCCGAC-1","NK_cell","NK_cell"
"sam2_GCTGAATCAGAGGAAA-1","Smooth_muscle_cells","Smooth_muscle_cells"
"sam2_GCTGAATGTCACTACA-1","Epithelial_cells","Epithelial_cells"
"sam2_GCTGAATTCAAAGGAT-1","Epithelial_cells","Epithelial_cells"
"sam2_GCTGAATTCGACCCAG-1","Fibroblasts","Fibroblasts"
"sam2_GCTGCAGAGTCTAGAA-1","NK_cell","NK_cell"
"sam2_GCTGCAGCAAAGGCTG-1","Epithelial_cells","Epithelial_cells"
"sam2_GCTGCAGCACGACGAA-1","Macrophage","Macrophage"
"sam2_GCTGCAGCATACGCAT-1","Macrophage","Macrophage"
"sam2_GCTGCAGGTCACGCTG-1","Fibroblasts","Fibroblasts"
"sam2_GCTGCAGTCGTAACCA-1","T_cells","T_cells"
"sam2_GCTGCAGTCGTGTGGC-1","T_cells","T_cells"
"sam2_GCTGGGTAGATCACCT-1","Smooth_muscle_cells","Smooth_muscle_cells"
"sam2_GCTGGGTCACTCCTGT-1","Macrophage","Macrophage"
"sam2_GCTGGGTGTATAATGG-1","Fibroblasts","Fibroblasts"
"sam2_GCTGGGTGTGATATAG-1","Macrophage","Macrophage"
"sam2_GCTTCACAGAATAACC-1","Epithelial_cells","Epithelial_cells"
"sam2_GCTTCACAGACAGCTG-1","T_cells","T_cells"
"sam2_GCTTCACAGGCACCAA-1","T_cells","T_cells"
"sam2_GCTTCACAGGTAAACT-1","HSC_-G-CSF","HSC_-G-CSF"
"sam2_GCTTCACAGTGTTGTC-1","NK_cell","NK_cell"
"sam2_GCTTCACCACAGAAGC-1","T_cells","T_cells"
"sam2_GCTTCACGTAAGGTCG-1","Smooth_muscle_cells","Smooth_muscle_cells"
"sam2_GCTTCACGTCCAACGC-1","NK_cell","NK_cell"
"sam2_GCTTCACGTTATCTGG-1","NK_cell","NK_cell"
"sam2_GCTTCACTCCCTCAAC-1","Pre-B_cell_CD34-","Pre-B_cell_CD34-"
"sam2_GCTTGGGCAACGCCCA-1","Fibroblasts","Fibroblasts"
"sam2_GCTTGGGGTAAGTTAG-1","NK_cell","NK_cell"
"sam2_GCTTGGGGTCCCGGTA-1","Macrophage","Macrophage"
"sam2_GCTTGGGGTGACTAAA-1","Macrophage","Macrophage"
"sam2_GCTTGGGGTTGAATCC-1","NK_cell","NK_cell"
"sam2_GCTTGGGTCACCCATC-1","NK_cell","NK_cell"
"sam2_GCTTGGGTCTAGTACG-1","Epithelial_cells","Epithelial_cells"
"sam2_GCTTTCGAGCCAGACA-1","Fibroblasts","Fibroblasts"
"sam2_GCTTTCGGTGGTCCCA-1","Pre-B_cell_CD34-","Pre-B_cell_CD34-"
"sam2_GCTTTCGTCCGTGTGG-1","CMP","CMP"
"sam2_GGAACCCAGGTTCTTG-1","NK_cell","NK_cell"
"sam2_GGAACCCCAAGGATGC-1","T_cells","T_cells"
"sam2_GGAACCCCATGAAGCG-1","T_cells","T_cells"
"sam2_GGAACCCGTACCTTCC-1","T_cells","T_cells"
"sam2_GGAACCCGTCTCAGGC-1","Macrophage","Macrophage"
"sam2_GGAACCCTCACGATAC-1","Chondrocytes","Chondrocytes"
"sam2_GGAACCCTCCTAACAG-1","T_cells","T_cells"
"sam2_GGAACCCTCGCTGTTC-1","Macrophage","Macrophage"
"sam2_GGAACCCTCTCATGGA-1","NK_cell","NK_cell"
"sam2_GGAACCCTCTCGAGTA-1","MEP","MEP"
"sam2_GGAAGTGCAACCAATC-1","Smooth_muscle_cells","Smooth_muscle_cells"
"sam2_GGAAGTGCAGACCTAT-1","Smooth_muscle_cells","Smooth_muscle_cells"
"sam2_GGAATCTAGTAGGAAG-1","Macrophage","Macrophage"
"sam2_GGAATCTCAACTACGT-1","Macrophage","Macrophage"
"sam2_GGAATCTGTCCACACG-1","Epithelial_cells","Epithelial_cells"
"sam2_GGAATCTGTTGAGTCT-1","Macrophage","Macrophage"
"sam2_GGAATCTTCCCATTCG-1","Pro-B_cell_CD34+","Pro-B_cell_CD34+"
"sam2_GGAATCTTCGAGTCTA-1","Endothelial_cells","Endothelial_cells"
"sam2_GGAATGGAGGTTCAGG-1","Hepatocytes","Hepatocytes"
"sam2_GGAATGGCAGAAGTGC-1","DC","DC"
"sam2_GGAATGGGTTGCCTAA-1","Fibroblasts","Fibroblasts"
"sam2_GGAATGGGTTGGAGGT-1","Fibroblasts","Fibroblasts"
"sam2_GGAATGGTCGCCTTGT-1","Fibroblasts","Fibroblasts"
"sam2_GGACGTCAGCCGGAAT-1","Macrophage","Macrophage"
"sam2_GGACGTCAGTGGTTGG-1","Neurons","Neurons"
"sam2_GGACGTCGTAACACGG-1","Macrophage","Macrophage"
"sam2_GGACGTCGTAGGAAAG-1","Macrophage","Macrophage"
"sam2_GGACGTCTCCACGTCT-1","Macrophage","Macrophage"
"sam2_GGACGTCTCGTGTCAA-1","Smooth_muscle_cells","Smooth_muscle_cells"
"sam2_GGAGAACAGACTTCAC-1","Smooth_muscle_cells","Unassigned"
"sam2_GGAGAACAGCTCCATA-1","Macrophage","Macrophage"
"sam2_GGAGAACCAAGCAATA-1","Platelets","Platelets"
"sam2_GGAGAACGTTGAGAGC-1","T_cells","T_cells"
"sam2_GGAGAACGTTGCCATA-1","B_cell","B_cell"
"sam2_GGAGAACTCCTCACCA-1","T_cells","T_cells"
"sam2_GGAGATGAGCTTCATG-1","Smooth_muscle_cells","Smooth_muscle_cells"
"sam2_GGAGATGCAACGTATC-1","Epithelial_cells","Epithelial_cells"
"sam2_GGAGCAAAGGAACGTC-1","NK_cell","NK_cell"
"sam2_GGAGCAACAGACAAGC-1","Macrophage","Macrophage"
"sam2_GGAGCAACATTCAGCA-1","Fibroblasts","Fibroblasts"
"sam2_GGAGGATAGGCGAACT-1","T_cells","T_cells"
"sam2_GGAGGATCAACTCCCT-1","T_cells","T_cells"
"sam2_GGAGGATCATTGTGCA-1","NK_cell","NK_cell"
"sam2_GGAGGATGTACTAAGA-1","Macrophage","Macrophage"
"sam2_GGAGGATGTAGTACGG-1","Macrophage","Macrophage"
"sam2_GGAGGATGTCCTTGTC-1","T_cells","T_cells"
"sam2_GGAGGATGTTAACAGA-1","Epithelial_cells","Epithelial_cells"
"sam2_GGAGGATGTTGCTCAA-1","Epithelial_cells","Epithelial_cells"
"sam2_GGAGGATTCGCTTGCT-1","Epithelial_cells","Epithelial_cells"
"sam2_GGAGGATTCTTCCACG-1","Smooth_muscle_cells","Smooth_muscle_cells"
"sam2_GGAGGTAAGAGCTGCA-1","Epithelial_cells","Epithelial_cells"
"sam2_GGAGGTAAGCGACCCT-1","NK_cell","NK_cell"
"sam2_GGAGGTACACGACGAA-1","Macrophage","Macrophage"
"sam2_GGAGGTAGTATGAGAT-1","Pre-B_cell_CD34-","Pre-B_cell_CD34-"
"sam2_GGAGGTAGTGGTAACG-1","T_cells","T_cells"
"sam2_GGAGGTATCATCACAG-1","BM & Prog.","BM & Prog."
"sam2_GGAGGTATCTGGGCCA-1","Fibroblasts","Fibroblasts"
"sam2_GGATCTAAGAGTGTTA-1","Smooth_muscle_cells","Smooth_muscle_cells"
"sam2_GGATCTAAGCAAACAT-1","NK_cell","NK_cell"
"sam2_GGATCTAAGTAGTCTC-1","Macrophage","Macrophage"
"sam2_GGATCTACAACACGTT-1","T_cells","T_cells"
"sam2_GGATCTACAATTGAGA-1","Fibroblasts","Unassigned"
"sam2_GGATCTAGTAGTACGG-1","T_cells","T_cells"
"sam2_GGATCTAGTGAGTGAC-1","NK_cell","NK_cell"
"sam2_GGATCTATCTAGACAC-1","Pro-B_cell_CD34+","Pro-B_cell_CD34+"
"sam2_GGATGTTAGATCCGAG-1","MSC","MSC"
"sam2_GGATGTTAGGTATAGT-1","Keratinocytes","Keratinocytes"
"sam2_GGATGTTAGTCACTCA-1","Smooth_muscle_cells","Smooth_muscle_cells"
"sam2_GGATGTTCACTACGGC-1","T_cells","T_cells"
"sam2_GGATGTTCATGAATCC-1","HSC_-G-CSF","HSC_-G-CSF"
"sam2_GGATGTTCATGTCGTA-1","Fibroblasts","Fibroblasts"
"sam2_GGATGTTTCAGCCCAG-1","Pre-B_cell_CD34-","Pre-B_cell_CD34-"
"sam2_GGATGTTTCCCGTTCA-1","NK_cell","NK_cell"
"sam2_GGCACGTAGCGTCTCG-1","T_cells","T_cells"
"sam2_GGCACGTAGGACTAAT-1","Fibroblasts","Fibroblasts"
"sam2_GGCACGTAGGAGCTGT-1","Pre-B_cell_CD34-","Pre-B_cell_CD34-"
"sam2_GGCACGTCAAGAGCTG-1","Macrophage","Macrophage"
"sam2_GGCACGTGTCCTCCAT-1","T_cells","T_cells"
"sam2_GGCACGTGTCGCACGT-1","Epithelial_cells","Epithelial_cells"
"sam2_GGCAGTCGTCCTATAG-1","NK_cell","NK_cell"
"sam2_GGCAGTCGTTGGAGGT-1","Epithelial_cells","Epithelial_cells"
"sam2_GGCAGTCGTTGTGTTG-1","Pre-B_cell_CD34-","Pre-B_cell_CD34-"
"sam2_GGCAGTCTCTTCCCAG-1","Fibroblasts","Fibroblasts"
"sam2_GGCGTCACACACCTGG-1","Smooth_muscle_cells","Smooth_muscle_cells"
"sam2_GGCGTCACATAACTCG-1","Neuroepithelial_cell","Neuroepithelial_cell"
"sam2_GGCGTCACATCACAGT-1","Monocyte","Monocyte"
"sam2_GGCGTCACATTAGGCT-1","NK_cell","NK_cell"
"sam2_GGCGTCAGTTGCGAAG-1","NK_cell","NK_cell"
"sam2_GGCGTCATCCATCTCG-1","Pre-B_cell_CD34-","Pre-B_cell_CD34-"
"sam2_GGCGTCATCCCTGGTT-1","NK_cell","NK_cell"
"sam2_GGCGTCATCCGTCAAA-1","HSC_CD34+","HSC_CD34+"
"sam2_GGCGTCATCTGTCTCG-1","T_cells","T_cells"
"sam2_GGCTGTGAGACCATTC-1","Macrophage","Macrophage"
"sam2_GGCTGTGAGACCTCCG-1","Macrophage","Macrophage"
"sam2_GGCTGTGCACCACTGG-1","T_cells","T_cells"
"sam2_GGCTGTGGTGTACAGG-1","T_cells","T_cells"
"sam2_GGCTGTGTCCGAGTGC-1","Smooth_muscle_cells","Smooth_muscle_cells"
"sam2_GGCTGTGTCTTGGTGA-1","NK_cell","NK_cell"
"sam2_GGCTTGGCATCTCCCA-1","Fibroblasts","Fibroblasts"
"sam2_GGCTTGGGTCACTAGT-1","Smooth_muscle_cells","Smooth_muscle_cells"
"sam2_GGCTTGGTCGATAACC-1","Pro-B_cell_CD34+","Pro-B_cell_CD34+"
"sam2_GGCTTGGTCTCCGCAT-1","Monocyte","Monocyte"
"sam2_GGCTTTCCATGGGAAC-1","NK_cell","NK_cell"
"sam2_GGCTTTCGTTGGGCCT-1","Macrophage","Unassigned"
"sam2_GGCTTTCTCTCTCTTC-1","NK_cell","NK_cell"
"sam2_GGGAAGTAGAGCCGAT-1","Macrophage","Macrophage"
"sam2_GGGAAGTGTTCCTACC-1","Macrophage","Macrophage"
"sam2_GGGAAGTTCAGCTTGA-1","Monocyte","Monocyte"
"sam2_GGGAAGTTCAGTGTCA-1","Keratinocytes","Keratinocytes"
"sam2_GGGACAACAAACGTGG-1","Fibroblasts","Fibroblasts"
"sam2_GGGACAATCTCAGTCC-1","Pre-B_cell_CD34-","Pre-B_cell_CD34-"
"sam2_GGGACCTAGGAGGGTG-1","NK_cell","NK_cell"
"sam2_GGGACCTCACACAGCC-1","NK_cell","NK_cell"
"sam2_GGGACCTGTAGATCCT-1","NK_cell","NK_cell"
"sam2_GGGACCTGTCCAACGC-1","Epithelial_cells","Epithelial_cells"
"sam2_GGGACCTGTTCAGTAC-1","Pre-B_cell_CD34-","Pre-B_cell_CD34-"
"sam2_GGGACCTGTTGTCCCT-1","Epithelial_cells","Epithelial_cells"
"sam2_GGGACCTTCCGATAGT-1","NK_cell","NK_cell"
"sam2_GGGACCTTCTGCGGCA-1","Fibroblasts","Unassigned"
"sam2_GGGACTCAGAATAGTC-1","Fibroblasts","Fibroblasts"
"sam2_GGGACTCCAACGCATT-1","NK_cell","NK_cell"
"sam2_GGGACTCTCACTGAAC-1","Smooth_muscle_cells","Smooth_muscle_cells"
"sam2_GGGACTCTCCCTGGTT-1","T_cells","T_cells"
"sam2_GGGACTCTCCTCACTG-1","T_cells","T_cells"
"sam2_GGGAGATCATGGGAAC-1","Macrophage","Macrophage"
"sam2_GGGAGATGTAGTCCTA-1","NK_cell","NK_cell"
"sam2_GGGAGATGTGCGAGTA-1","Epithelial_cells","Epithelial_cells"
"sam2_GGGAGATGTGCTCCGA-1","DC","DC"
"sam2_GGGAGATGTTGCTCCT-1","Macrophage","Macrophage"
"sam2_GGGAGATTCGATGCTA-1","NK_cell","NK_cell"
"sam2_GGGAGATTCTACAGGT-1","NK_cell","NK_cell"
"sam2_GGGAGTAAGAGCGACT-1","Macrophage","Macrophage"
"sam2_GGGAGTAAGCGTGCCT-1","Neurons","Neurons"
"sam2_GGGAGTACATGTTTGG-1","NK_cell","NK_cell"
"sam2_GGGAGTAGTATGTGTC-1","NK_cell","NK_cell"
"sam2_GGGAGTAGTCGTAATC-1","Smooth_muscle_cells","Smooth_muscle_cells"
"sam2_GGGAGTAGTGCAAGAC-1","Smooth_muscle_cells","Smooth_muscle_cells"
"sam2_GGGAGTATCTTAGGAC-1","Pre-B_cell_CD34-","Pre-B_cell_CD34-"
"sam2_GGGATCCAGAGCGACT-1","T_cells","T_cells"
"sam2_GGGATCCAGCGGTAGT-1","Fibroblasts","Fibroblasts"
"sam2_GGGATCCCACGGCACT-1","Macrophage","Macrophage"
"sam2_GGGATCCGTAGAAACT-1","Keratinocytes","Keratinocytes"
"sam2_GGGATCCGTAGGTTTC-1","NK_cell","NK_cell"
"sam2_GGGATCCGTCTCGGGT-1","Pre-B_cell_CD34-","Pre-B_cell_CD34-"
"sam2_GGGATCCTCAAGCTTG-1","T_cells","T_cells"
"sam2_GGGATCCTCAGCAGAG-1","T_cells","T_cells"
"sam2_GGGATCCTCTCGGTAA-1","HSC_-G-CSF","HSC_-G-CSF"
"sam2_GGGATGAAGCAGTAAT-1","NK_cell","NK_cell"
"sam2_GGGATGACAAATGAAC-1","B_cell","B_cell"
"sam2_GGGATGAGTGGAAATT-1","Pre-B_cell_CD34-","Pre-B_cell_CD34-"
"sam2_GGGATGATCAACGAGG-1","T_cells","T_cells"
"sam2_GGGATGATCGTCGCTT-1","HSC_-G-CSF","HSC_-G-CSF"
"sam2_GGGCCATAGCAGGCAT-1","Macrophage","Macrophage"
"sam2_GGGCCATAGGTCATTC-1","NK_cell","NK_cell"
"sam2_GGGCCATCAACGCATT-1","HSC_-G-CSF","HSC_-G-CSF"
"sam2_GGGCCATCAGGACTTT-1","Macrophage","Macrophage"
"sam2_GGGCCATGTAAGTTAG-1","NK_cell","NK_cell"
"sam2_GGGCCATGTATGGAGC-1","NK_cell","NK_cell"
"sam2_GGGCCATGTGGCCTCA-1","Macrophage","Macrophage"
"sam2_GGGCCATTCGCGGACT-1","Epithelial_cells","Epithelial_cells"
"sam2_GGGCGTTCAACGATCT-1","T_cells","T_cells"
"sam2_GGGCGTTCACTTCAAG-1","Epithelial_cells","Epithelial_cells"
"sam2_GGGCGTTTCATCCTGC-1","Neurons","Neurons"
"sam2_GGGCGTTTCGCTGTTC-1","HSC_-G-CSF","HSC_-G-CSF"
"sam2_GGGCTACAGATCGCCC-1","Pre-B_cell_CD34-","Pre-B_cell_CD34-"
"sam2_GGGCTACCAATGCTCA-1","NK_cell","NK_cell"
"sam2_GGGCTACCACGCACCA-1","NK_cell","NK_cell"
"sam2_GGGCTACCATCCGAGC-1","T_cells","T_cells"
"sam2_GGGCTACTCGGTGTTA-1","Epithelial_cells","Epithelial_cells"
"sam2_GGGCTACTCTCGCAGG-1","NK_cell","NK_cell"
"sam2_GGGCTCAAGAGGCCAT-1","Pre-B_cell_CD34-","Pre-B_cell_CD34-"
"sam2_GGGCTCAAGTTTAGGA-1","Macrophage","Macrophage"
"sam2_GGGCTCACAACTTGGT-1","T_cells","T_cells"
"sam2_GGGCTCACAGAGCCCT-1","Smooth_muscle_cells","Smooth_muscle_cells"
"sam2_GGGCTCACATACAGAA-1","Macrophage","Macrophage"
"sam2_GGGCTCACATAGGTTC-1","T_cells","T_cells"
"sam2_GGGCTCAGTCCAAAGG-1","NK_cell","NK_cell"
"sam2_GGGCTCATCAGCTTCC-1","Pre-B_cell_CD34-","Pre-B_cell_CD34-"
"sam2_GGGTAGAAGAAGGTAG-1","Monocyte","Monocyte"
"sam2_GGGTAGAAGCTGACTT-1","NK_cell","NK_cell"
"sam2_GGGTAGAAGTAACCTC-1","T_cells","T_cells"
"sam2_GGGTAGAAGTTCACTG-1","Keratinocytes","Keratinocytes"
"sam2_GGGTAGACACGACAAG-1","T_cells","T_cells"
"sam2_GGGTAGACATGTCGTA-1","Macrophage","Macrophage"
"sam2_GGGTAGAGTTCATCGA-1","T_cells","T_cells"
"sam2_GGGTAGAGTTCGTTCC-1","Macrophage","Macrophage"
"sam2_GGGTAGATCTCGGTAA-1","Macrophage","Macrophage"
"sam2_GGGTATTAGCGCTGCT-1","HSC_-G-CSF","HSC_-G-CSF"
"sam2_GGGTATTAGCTCACTA-1","NK_cell","NK_cell"
"sam2_GGGTATTTCGAGATGG-1","Macrophage","Macrophage"
"sam2_GGGTCACAGCAGAAAG-1","T_cells","T_cells"
"sam2_GGGTCACCATTCCTCG-1","T_cells","T_cells"
"sam2_GGGTCACGTACGAGCA-1","Pro-B_cell_CD34+","Pro-B_cell_CD34+"
"sam2_GGGTCACTCATAGAGA-1","NK_cell","NK_cell"
"sam2_GGGTCACTCGCAGAGA-1","Endothelial_cells","Endothelial_cells"
"sam2_GGGTCACTCGTAACTG-1","T_cells","T_cells"
"sam2_GGGTCTGAGCGTTCAT-1","Fibroblasts","Fibroblasts"
"sam2_GGGTCTGCACGGTCTG-1","NK_cell","NK_cell"
"sam2_GGGTCTGCAGCCATTA-1","Macrophage","Macrophage"
"sam2_GGGTCTGCAGGAATAT-1","Smooth_muscle_cells","Smooth_muscle_cells"
"sam2_GGGTCTGCATCATTGG-1","Fibroblasts","Fibroblasts"
"sam2_GGGTCTGCATGTTTGG-1","T_cells","T_cells"
"sam2_GGGTCTGGTAACGATA-1","Neurons","Neurons"
"sam2_GGGTGAAAGAAACTGT-1","Fibroblasts","Fibroblasts"
"sam2_GGGTGAACATTGACAC-1","NK_cell","NK_cell"
"sam2_GGGTGAATCTATACGG-1","T_cells","T_cells"
"sam2_GGGTGTCAGGATTTAG-1","Fibroblasts","Fibroblasts"
"sam2_GGGTGTCAGTGGCAGT-1","Neutrophils","Neutrophils"
"sam2_GGGTGTCCAAGTGGTG-1","Smooth_muscle_cells","Smooth_muscle_cells"
"sam2_GGGTGTCGTGGACCAA-1","T_cells","T_cells"
"sam2_GGGTGTCTCACGGGCT-1","Fibroblasts","Fibroblasts"
"sam2_GGGTGTCTCATCCTGC-1","Epithelial_cells","Epithelial_cells"
"sam2_GGGTGTCTCCGTGTCT-1","Pre-B_cell_CD34-","Pre-B_cell_CD34-"
"sam2_GGGTGTCTCGAACGCC-1","B_cell","B_cell"
"sam2_GGGTTATTCCACTTCG-1","Macrophage","Macrophage"
"sam2_GGGTTATTCCCTTGTG-1","NK_cell","NK_cell"
"sam2_GGGTTTACAGAGATGC-1","T_cells","T_cells"
"sam2_GGGTTTACATCGGAAG-1","Macrophage","Macrophage"
"sam2_GGGTTTATCAACGTGT-1","Fibroblasts","Fibroblasts"
"sam2_GGGTTTATCCCGTGAG-1","Macrophage","Macrophage"
"sam2_GGTAACTAGCCGAATG-1","NK_cell","NK_cell"
"sam2_GGTAACTCACTGAGGA-1","NK_cell","NK_cell"
"sam2_GGTAACTCACTGTCCT-1","Macrophage","Macrophage"
"sam2_GGTAACTCAGCTCGGT-1","NK_cell","NK_cell"
"sam2_GGTAACTCATGTGCCG-1","NK_cell","NK_cell"
"sam2_GGTAACTGTCAAACGG-1","T_cells","T_cells"
"sam2_GGTAACTGTCAACCTA-1","NK_cell","NK_cell"
"sam2_GGTAACTGTCATACCA-1","T_cells","T_cells"
"sam2_GGTAACTGTGTTAACC-1","Macrophage","Macrophage"
"sam2_GGTAACTTCACTCTTA-1","T_cells","T_cells"
"sam2_GGTAACTTCCATCAGA-1","T_cells","T_cells"
"sam2_GGTAACTTCCCACAGG-1","NK_cell","NK_cell"
"sam2_GGTAATCAGTCTCCTC-1","Pre-B_cell_CD34-","Pre-B_cell_CD34-"
"sam2_GGTAATCCAAATAGCA-1","T_cells","T_cells"
"sam2_GGTAATCCAAGCTCTA-1","Macrophage","Macrophage"
"sam2_GGTAATCCACAGCATT-1","Pro-B_cell_CD34+","Pro-B_cell_CD34+"
"sam2_GGTAATCCACTACGGC-1","Macrophage","Macrophage"
"sam2_GGTAATCGTATGAGGC-1","Macrophage","Macrophage"
"sam2_GGTAATCGTCAGTTTG-1","Epithelial_cells","Epithelial_cells"
"sam2_GGTAATCGTGACTATC-1","T_cells","T_cells"
"sam2_GGTAATCGTGAGAACC-1","T_cells","T_cells"
"sam2_GGTAATCTCACCTGTC-1","T_cells","T_cells"
"sam2_GGTAATCTCCAACACA-1","T_cells","T_cells"
"sam2_GGTAATCTCTGAGAAA-1","Pre-B_cell_CD34-","Pre-B_cell_CD34-"
"sam2_GGTAGAGCACGTAGTT-1","NK_cell","NK_cell"
"sam2_GGTAGAGGTGATACAA-1","Macrophage","Macrophage"
"sam2_GGTAGAGTCATCGCAA-1","Epithelial_cells","Epithelial_cells"
"sam2_GGTAGAGTCCTGATAG-1","T_cells","T_cells"
"sam2_GGTAGAGTCGAGTGGA-1","Smooth_muscle_cells","Smooth_muscle_cells"
"sam2_GGTCACGAGCTGGCCT-1","NK_cell","NK_cell"
"sam2_GGTCACGCAGCGTACC-1","Smooth_muscle_cells","Smooth_muscle_cells"
"sam2_GGTCACGTCAATCCGA-1","Macrophage","Macrophage"
"sam2_GGTCACGTCCATTTGT-1","Smooth_muscle_cells","Smooth_muscle_cells"
"sam2_GGTCTGGAGGACATCG-1","T_cells","T_cells"
"sam2_GGTCTGGCAGACTCTA-1","Monocyte","Monocyte"
"sam2_GGTCTGGGTCCCACGA-1","NK_cell","NK_cell"
"sam2_GGTGAAGAGAGTGTGC-1","NK_cell","NK_cell"
"sam2_GGTGAAGAGGTGGGTT-1","Fibroblasts","Fibroblasts"
"sam2_GGTGAAGAGTAGAATC-1","BM","BM"
"sam2_GGTGAAGAGTTGCCTA-1","Macrophage","Macrophage"
"sam2_GGTGAAGGTCTACGTA-1","T_cells","T_cells"
"sam2_GGTGAAGGTGAGTGAC-1","Fibroblasts","Fibroblasts"
"sam2_GGTGAAGTCATGCAGT-1","T_cells","T_cells"
"sam2_GGTGAAGTCGGTCAGC-1","NK_cell","NK_cell"
"sam2_GGTGATTAGCACTCTA-1","Macrophage","Macrophage"
"sam2_GGTGATTAGTAGGTTA-1","T_cells","T_cells"
"sam2_GGTGATTAGTTGTCGT-1","Macrophage","Macrophage"
"sam2_GGTGATTCATGAAAGT-1","NK_cell","NK_cell"
"sam2_GGTGATTGTCGATTAC-1","Epithelial_cells","Epithelial_cells"
"sam2_GGTGATTTCGATGGAG-1","Fibroblasts","Fibroblasts"
"sam2_GGTGATTTCGTGGGAA-1","T_cells","T_cells"
"sam2_GGTGGCTAGGCCTAAG-1","Keratinocytes","Keratinocytes"
"sam2_GGTGGCTCAATACCCA-1","Monocyte","Monocyte"
"sam2_GGTGTCGAGCGCACAA-1","Chondrocytes","Chondrocytes"
"sam2_GGTGTCGAGCTAATCC-1","Macrophage","Macrophage"
"sam2_GGTGTCGCATTAAAGG-1","Fibroblasts","Fibroblasts"
"sam2_GGTGTCGGTCACGCTG-1","Macrophage","Macrophage"
"sam2_GGTGTCGGTTTCGATG-1","Platelets","Platelets"
"sam2_GGTGTCGTCGTAGGAG-1","NK_cell","NK_cell"
"sam2_GGTGTTACAATGTTGC-1","T_cells","T_cells"
"sam2_GGTGTTAGTTTCGCTC-1","Macrophage","Macrophage"
"sam2_GGTTAACGTCACTTAG-1","Macrophage","Macrophage"
"sam2_GGTTAACGTCGACGCT-1","Smooth_muscle_cells","Smooth_muscle_cells"
"sam2_GGTTAACGTGCTCTTC-1","Epithelial_cells","Epithelial_cells"
"sam2_GGTTAACTCAGATGCT-1","T_cells","T_cells"
"sam2_GGTTAACTCCGCACGA-1","T_cells","T_cells"
"sam2_GGTTCTCAGTGAGTTA-1","NK_cell","NK_cell"
"sam2_GGTTCTCCAACCACGC-1","T_cells","T_cells"
"sam2_GGTTCTCCATCGATGT-1","Macrophage","Macrophage"
"sam2_GGTTCTCGTCAAAGCG-1","NK_cell","NK_cell"
"sam2_GGTTCTCGTCGCCTAG-1","Macrophage","Macrophage"
"sam2_GGTTCTCGTGTGCCTG-1","Pre-B_cell_CD34-","Pre-B_cell_CD34-"
"sam2_GGTTCTCGTTGGCTAT-1","NK_cell","NK_cell"
"sam2_GGTTCTCTCAGATTGC-1","Macrophage","Macrophage"
"sam2_GGTTGTAAGGAGCTGT-1","Macrophage","Macrophage"
"sam2_GGTTGTAAGGGTTGCA-1","Fibroblasts","Fibroblasts"
"sam2_GGTTGTAAGTGGAAGA-1","Monocyte","Monocyte"
"sam2_GGTTGTAGTGACACGA-1","NK_cell","NK_cell"
"sam2_GGTTGTATCGCTTTAT-1","Pre-B_cell_CD34-","Pre-B_cell_CD34-"
"sam2_GGTTGTATCTGTCGCT-1","Macrophage","Macrophage"
"sam2_GTAACACAGCATCCCG-1","Fibroblasts","Fibroblasts"
"sam2_GTAACACCACACCTTC-1","Smooth_muscle_cells","Smooth_muscle_cells"
"sam2_GTAACACCACATATCG-1","Fibroblasts","Fibroblasts"
"sam2_GTAACACCACTCACTC-1","T_cells","T_cells"
"sam2_GTAACACGTCCGATCG-1","Macrophage","Macrophage"
"sam2_GTAACACGTCCTATAG-1","Keratinocytes","Keratinocytes"
"sam2_GTAACACGTTTAGACC-1","T_cells","T_cells"
"sam2_GTAACCAAGTTGGCGA-1","T_cells","T_cells"
"sam2_GTAACCACAGGTTCAT-1","Epithelial_cells","Epithelial_cells"
"sam2_GTAACCAGTAGGAGTC-1","NK_cell","NK_cell"
"sam2_GTAACCAGTAGTGCGA-1","Pre-B_cell_CD34-","Pre-B_cell_CD34-"
"sam2_GTAACCAGTCTTGAAC-1","Smooth_muscle_cells","Smooth_muscle_cells"
"sam2_GTAACCAGTTCGGTCG-1","T_cells","T_cells"
"sam2_GTAACCATCGATTGAC-1","NK_cell","NK_cell"
"sam2_GTAAGTCGTGTACGCC-1","NK_cell","NK_cell"
"sam2_GTAAGTCGTTGGACTT-1","T_cells","T_cells"
"sam2_GTAAGTCTCGCGTGCA-1","T_cells","T_cells"
"sam2_GTAATCGAGAAGAACG-1","NK_cell","NK_cell"
"sam2_GTAATCGCAACCTAAC-1","Monocyte","Monocyte"
"sam2_GTAATCGCAGGTTCCG-1","HSC_-G-CSF","HSC_-G-CSF"
"sam2_GTAATCGGTGAGGCAT-1","Keratinocytes","Keratinocytes"
"sam2_GTAATCGTCACAATGC-1","Fibroblasts","Fibroblasts"
"sam2_GTAATCGTCTGGGAGA-1","GMP","GMP"
"sam2_GTAATGCCAGTTACCA-1","Epithelial_cells","Epithelial_cells"
"sam2_GTAATGCCATGTAACC-1","HSC_-G-CSF","HSC_-G-CSF"
"sam2_GTAATGCTCAGGTGTT-1","BM","BM"
"sam2_GTAATGCTCCTCAGGG-1","HSC_-G-CSF","HSC_-G-CSF"
"sam2_GTAATGCTCTTCCGTG-1","HSC_-G-CSF","HSC_-G-CSF"
"sam2_GTACAACAGGTTCACT-1","Pro-B_cell_CD34+","Pro-B_cell_CD34+"
"sam2_GTACAACCAATAAGGT-1","Epithelial_cells","Epithelial_cells"
"sam2_GTACAACCAGGAGGAG-1","Macrophage","Macrophage"
"sam2_GTACAACCATATGAAG-1","Neutrophils","Neutrophils"
"sam2_GTACAACCATCTATCT-1","Macrophage","Macrophage"
"sam2_GTACAACGTATGAGGC-1","Fibroblasts","Fibroblasts"
"sam2_GTACAACGTTGGTAGG-1","Pro-B_cell_CD34+","Pro-B_cell_CD34+"
"sam2_GTACAACTCGCTTTAT-1","Smooth_muscle_cells","Smooth_muscle_cells"
"sam2_GTACAACTCTCATTTG-1","Macrophage","Macrophage"
"sam2_GTACAACTCTTGGATG-1","Fibroblasts","Fibroblasts"
"sam2_GTACAGTAGTGTCATC-1","Fibroblasts","Fibroblasts"
"sam2_GTACAGTTCCGGGACT-1","Macrophage","Macrophage"
"sam2_GTACAGTTCCTTGAAG-1","Smooth_muscle_cells","Smooth_muscle_cells"
"sam2_GTACAGTTCTAAGAAG-1","Neutrophils","Neutrophils"
"sam2_GTACAGTTCTAAGGAA-1","Neuroepithelial_cell","Neuroepithelial_cell"
"sam2_GTAGAAAAGTAGAGTT-1","NK_cell","NK_cell"
"sam2_GTAGAAATCTCCACTG-1","Smooth_muscle_cells","Smooth_muscle_cells"
"sam2_GTAGAGGAGCAGATAT-1","Keratinocytes","Keratinocytes"
"sam2_GTAGAGGCAACGGCCT-1","Macrophage","Macrophage"
"sam2_GTAGAGGCAAGTCCCG-1","Epithelial_cells","Epithelial_cells"
"sam2_GTAGATCCAACAGCTT-1","Smooth_muscle_cells","Smooth_muscle_cells"
"sam2_GTAGATCCAAGAGAGA-1","NK_cell","NK_cell"
"sam2_GTAGATCCACTTGAGT-1","NK_cell","NK_cell"
"sam2_GTAGATCGTGACACGA-1","Pre-B_cell_CD34-","Pre-B_cell_CD34-"
"sam2_GTAGATCTCGCAGATT-1","NK_cell","NK_cell"
"sam2_GTAGCTAAGCCGATCC-1","Epithelial_cells","Epithelial_cells"
"sam2_GTAGCTAAGCCGTTAT-1","T_cells","T_cells"
"sam2_GTAGCTAAGGCTTAGG-1","iPS_cells","iPS_cells"
"sam2_GTAGCTAAGTGATGGC-1","Smooth_muscle_cells","Smooth_muscle_cells"
"sam2_GTAGCTACACATCATG-1","NK_cell","NK_cell"
"sam2_GTAGCTACAGACTGCC-1","HSC_-G-CSF","HSC_-G-CSF"
"sam2_GTAGCTATCCTCTGCA-1","Pre-B_cell_CD34-","Pre-B_cell_CD34-"
"sam2_GTAGGAGAGGTTACCT-1","Keratinocytes","Keratinocytes"
"sam2_GTAGGAGAGTTGTCAC-1","DC","DC"
"sam2_GTAGGAGCACGCTTAA-1","NK_cell","NK_cell"
"sam2_GTAGGAGCAGGTTCCG-1","Neutrophils","Neutrophils"
"sam2_GTAGGAGGTTCAAGTC-1","Smooth_muscle_cells","Smooth_muscle_cells"
"sam2_GTAGGAGTCCGAAGGA-1","T_cells","T_cells"
"sam2_GTAGGAGTCTACTCAT-1","NK_cell","NK_cell"
"sam2_GTAGGTTAGCTACAAA-1","Macrophage","Macrophage"
"sam2_GTAGGTTAGTTAGAAC-1","NK_cell","NK_cell"
"sam2_GTAGGTTCAAGACGGT-1","Pre-B_cell_CD34-","Pre-B_cell_CD34-"
"sam2_GTAGGTTGTACCGGAA-1","Macrophage","Macrophage"
"sam2_GTAGGTTTCCTAGCTC-1","Macrophage","Macrophage"
"sam2_GTAGTACAGAGTGACC-1","Pre-B_cell_CD34-","Pre-B_cell_CD34-"
"sam2_GTAGTACAGCCTCCAG-1","Neurons","Neurons"
"sam2_GTAGTACCAGCTGCCA-1","Macrophage","Macrophage"
"sam2_GTAGTACCATCTAACG-1","NK_cell","NK_cell"
"sam2_GTAGTACTCGGAGCAA-1","NK_cell","NK_cell"
"sam2_GTAGTACTCTAGATCG-1","Macrophage","Macrophage"
"sam2_GTATTGGAGACAACAT-1","NK_cell","NK_cell"
"sam2_GTATTGGAGACCATAA-1","Epithelial_cells","Epithelial_cells"
"sam2_GTATTGGAGGCCTTCG-1","NK_cell","NK_cell"
"sam2_GTATTGGAGTGGAAAG-1","Neutrophils","Neutrophils"
"sam2_GTATTGGCACCGTGCA-1","NK_cell","NK_cell"
"sam2_GTATTGGCACGCTGTG-1","Pre-B_cell_CD34-","Pre-B_cell_CD34-"
"sam2_GTATTGGCATACTGTG-1","Fibroblasts","Fibroblasts"
"sam2_GTATTGGGTGGCCCAT-1","Smooth_muscle_cells","Smooth_muscle_cells"
"sam2_GTATTGGTCACTCACC-1","Fibroblasts","Unassigned"
"sam2_GTATTGGTCGGTGTTA-1","NK_cell","NK_cell"
"sam2_GTATTTCAGGCATCAG-1","NK_cell","NK_cell"
"sam2_GTATTTCCACCAGCGT-1","NK_cell","NK_cell"
"sam2_GTATTTCCACTACGGC-1","Fibroblasts","Fibroblasts"
"sam2_GTATTTCCAGCATGCC-1","Monocyte","Monocyte"
"sam2_GTATTTCGTCGTTCAA-1","NK_cell","NK_cell"
"sam2_GTATTTCGTGTCCATA-1","Smooth_muscle_cells","Smooth_muscle_cells"
"sam2_GTATTTCTCGCTACAA-1","Chondrocytes","Chondrocytes"
"sam2_GTATTTCTCTGGAAGG-1","Fibroblasts","Fibroblasts"
"sam2_GTCAAACAGAATTGCA-1","Hepatocytes","Hepatocytes"
"sam2_GTCAAACAGCGCCTAC-1","NK_cell","NK_cell"
"sam2_GTCAAACGTCGTTGGC-1","T_cells","T_cells"
"sam2_GTCAAACGTTGCTCCT-1","NK_cell","NK_cell"
"sam2_GTCAAACGTTTGAACC-1","NK_cell","NK_cell"
"sam2_GTCAAACTCATTCCTA-1","HSC_-G-CSF","HSC_-G-CSF"
"sam2_GTCAAACTCCGAACGC-1","Epithelial_cells","Epithelial_cells"
"sam2_GTCAAGTAGTCACTGT-1","Fibroblasts","Fibroblasts"
"sam2_GTCAAGTCAATGGCAG-1","NK_cell","NK_cell"
"sam2_GTCAAGTCAGCGTGAA-1","Macrophage","Macrophage"
"sam2_GTCAAGTGTGAGCTCC-1","Fibroblasts","Unassigned"
"sam2_GTCAAGTGTTCCAGGC-1","T_cells","T_cells"
"sam2_GTCACGGAGCACTAGG-1","NK_cell","NK_cell"
"sam2_GTCACGGAGCCTGTGC-1","NK_cell","NK_cell"
"sam2_GTCACGGAGGACACTG-1","Macrophage","Macrophage"
"sam2_GTCACGGAGTTCCGGC-1","T_cells","T_cells"
"sam2_GTCACGGTCACCTCGT-1","Epithelial_cells","Epithelial_cells"
"sam2_GTCACGGTCTGAGAAA-1","HSC_-G-CSF","HSC_-G-CSF"
"sam2_GTCACTCAGGCTCAAG-1","Smooth_muscle_cells","Smooth_muscle_cells"
"sam2_GTCACTCCACGCACCA-1","Smooth_muscle_cells","Smooth_muscle_cells"
"sam2_GTCACTCCATAAGCAA-1","Macrophage","Macrophage"
"sam2_GTCACTCGTGCAATAA-1","T_cells","T_cells"
"sam2_GTCACTCTCCACCTCA-1","Pro-Myelocyte","Pro-Myelocyte"
"sam2_GTCACTCTCGGTAACT-1","HSC_-G-CSF","HSC_-G-CSF"
"sam2_GTCAGCGAGAGTATAC-1","Macrophage","Macrophage"
"sam2_GTCAGCGAGGCTGGAT-1","Fibroblasts","Fibroblasts"
"sam2_GTCAGCGAGTTAGTAG-1","T_cells","T_cells"
"sam2_GTCAGCGGTGGGCTTC-1","BM","BM"
"sam2_GTCAGCGTCACAACCA-1","Macrophage","Macrophage"
"sam2_GTCAGCGTCAGTGTGT-1","Macrophage","Macrophage"
"sam2_GTCAGCGTCCATTTCA-1","T_cells","T_cells"
"sam2_GTCATCCCAAGCCCAC-1","Fibroblasts","Fibroblasts"
"sam2_GTCATCCGTATTCCTT-1","T_cells","T_cells"
"sam2_GTCATCCTCACCCATC-1","Pre-B_cell_CD34-","Pre-B_cell_CD34-"
"sam2_GTCATCCTCAGATGCT-1","NK_cell","NK_cell"
"sam2_GTCATGAAGAGCAGAA-1","Fibroblasts","Fibroblasts"
"sam2_GTCATGAAGCCAGAGT-1","Macrophage","Macrophage"
"sam2_GTCATGAGTCCTGTTC-1","Monocyte","Monocyte"
"sam2_GTCATGATCAAGTCGT-1","T_cells","T_cells"
"sam2_GTCATGATCCTTCTGG-1","T_cells","T_cells"
"sam2_GTCATGATCTCTCCGA-1","T_cells","T_cells"
"sam2_GTCATTTAGCGCCTTG-1","NK_cell","NK_cell"
"sam2_GTCATTTAGTTGGAGC-1","Fibroblasts","Fibroblasts"
"sam2_GTCATTTCACGGTAGA-1","NK_cell","NK_cell"
"sam2_GTCATTTCAGAGAGGG-1","Fibroblasts","Fibroblasts"
"sam2_GTCATTTTCGATGCTA-1","HSC_CD34+","HSC_CD34+"
"sam2_GTCATTTTCTAGTGAC-1","Smooth_muscle_cells","Smooth_muscle_cells"
"sam2_GTCCACTAGCATCAAA-1","Fibroblasts","Fibroblasts"
"sam2_GTCCACTAGCCTAACT-1","Pro-B_cell_CD34+","Pro-B_cell_CD34+"
"sam2_GTCCACTCACAAAGCG-1","Smooth_muscle_cells","Smooth_muscle_cells"
"sam2_GTCCACTTCCTCTGCA-1","NK_cell","NK_cell"
"sam2_GTCCACTTCGTGGGAA-1","T_cells","T_cells"
"sam2_GTCCCATAGTTTCGAC-1","NK_cell","NK_cell"
"sam2_GTCCCATCACGTACAT-1","Macrophage","Macrophage"
"sam2_GTCCCATGTGAACCGA-1","NK_cell","NK_cell"
"sam2_GTCCCATGTTACGCCG-1","Macrophage","Macrophage"
"sam2_GTCCCATTCATGACAC-1","Monocyte","Monocyte"
"sam2_GTCCCATTCTTCGTAT-1","Monocyte","Monocyte"
"sam2_GTCCTCAAGACAGTCG-1","Fibroblasts","Fibroblasts"
"sam2_GTCCTCAAGCAAATCA-1","T_cells","T_cells"
"sam2_GTCCTCAAGCGTGAGT-1","Pre-B_cell_CD34-","Pre-B_cell_CD34-"
"sam2_GTCCTCAAGGCCTTGC-1","BM","BM"
"sam2_GTCCTCAAGTAGGAAG-1","NK_cell","NK_cell"
"sam2_GTCCTCAAGTTCCTGA-1","Pre-B_cell_CD34-","Pre-B_cell_CD34-"
"sam2_GTCCTCACAGACGCTC-1","Macrophage","Macrophage"
"sam2_GTCCTCACAGTCGCAC-1","NK_cell","NK_cell"
"sam2_GTCCTCAGTCACCGCA-1","Macrophage","Macrophage"
"sam2_GTCCTCAGTCGTCAGC-1","Fibroblasts","Fibroblasts"
"sam2_GTCCTCAGTTCAAGGG-1","Macrophage","Macrophage"
"sam2_GTCCTCAGTTCGAAGG-1","Epithelial_cells","Epithelial_cells"
"sam2_GTCCTCATCATTGTGG-1","B_cell","B_cell"
"sam2_GTCCTCATCCCTCATG-1","Epithelial_cells","Epithelial_cells"
"sam2_GTCCTCATCTCTGAGA-1","T_cells","T_cells"
"sam2_GTCGAATAGAGATTCA-1","Fibroblasts","Fibroblasts"
"sam2_GTCGAATCAACCGTGC-1","NK_cell","NK_cell"
"sam2_GTCGAATCAGCCGTTG-1","Monocyte","Monocyte"
"sam2_GTCGAATGTGTCTAAC-1","Pre-B_cell_CD34-","Pre-B_cell_CD34-"
"sam2_GTCGAATGTTATAGAG-1","Fibroblasts","Fibroblasts"
"sam2_GTCGAATTCGCTGCGA-1","Macrophage","Macrophage"
"sam2_GTCGAATTCGGACAAG-1","NK_cell","NK_cell"
"sam2_GTCGAATTCTCGGGAC-1","NK_cell","NK_cell"
"sam2_GTCGAATTCTTCTTCC-1","Fibroblasts","Fibroblasts"
"sam2_GTCGCGAAGGACTATA-1","Fibroblasts","Fibroblasts"
"sam2_GTCGCGAAGGGCAACT-1","NK_cell","NK_cell"
"sam2_GTCGCGACACCCTATC-1","Monocyte","Monocyte"
"sam2_GTCGCGACAGCTGAGA-1","NK_cell","NK_cell"
"sam2_GTCGCGACAGTCGCTG-1","Macrophage","Macrophage"
"sam2_GTCGCGACATCTTCGC-1","T_cells","T_cells"
"sam2_GTCGCGATCAACTGAC-1","Fibroblasts","Fibroblasts"
"sam2_GTCGTAAAGCAGTCTT-1","NK_cell","NK_cell"
"sam2_GTCGTAAAGCGCAATG-1","BM","BM"
"sam2_GTCGTAAAGTCTTGGT-1","Pre-B_cell_CD34-","Pre-B_cell_CD34-"
"sam2_GTCGTAACAGCGTATT-1","Fibroblasts","Fibroblasts"
"sam2_GTCGTAAGTCACTTCC-1","Fibroblasts","Fibroblasts"
"sam2_GTCGTAAGTTGGTACT-1","Chondrocytes","Chondrocytes"
"sam2_GTCGTAATCCATATGG-1","Pre-B_cell_CD34-","Pre-B_cell_CD34-"
"sam2_GTCGTTCCAATCGCGC-1","Fibroblasts","Fibroblasts"
"sam2_GTCGTTCCATACAGAA-1","MSC","MSC"
"sam2_GTCGTTCGTGGTCCGT-1","Pre-B_cell_CD34-","Pre-B_cell_CD34-"
"sam2_GTCGTTCTCACCTCAC-1","Smooth_muscle_cells","Smooth_muscle_cells"
"sam2_GTCGTTCTCATTGCTT-1","Fibroblasts","Fibroblasts"
"sam2_GTCTACCAGCTAATGA-1","NK_cell","NK_cell"
"sam2_GTCTACCAGGTGCAGT-1","Macrophage","Macrophage"
"sam2_GTCTACCCATCTTAGG-1","Epithelial_cells","Epithelial_cells"
"sam2_GTCTACCGTAGTCCTA-1","Fibroblasts","Fibroblasts"
"sam2_GTCTACCTCCTAAGTG-1","NK_cell","NK_cell"
"sam2_GTCTACCTCGCCGATG-1","BM","BM"
"sam2_GTCTACCTCTACGGGC-1","NK_cell","NK_cell"
"sam2_GTCTACCTCTTGGATG-1","NK_cell","NK_cell"
"sam2_GTCTAGAAGGTCACAG-1","BM","BM"
"sam2_GTCTAGAGTTGCCAAT-1","Fibroblasts","Fibroblasts"
"sam2_GTCTAGATCCCGGTAG-1","Epithelial_cells","Epithelial_cells"
"sam2_GTCTAGATCCTACACC-1","T_cells","T_cells"
"sam2_GTCTAGATCTTCGCTG-1","Macrophage","Macrophage"
"sam2_GTCTCACAGCAGGCTA-1","T_cells","T_cells"
"sam2_GTCTCACAGCATACTC-1","T_cells","T_cells"
"sam2_GTCTCACAGGTACATA-1","GMP","GMP"
"sam2_GTCTCACCACTAGTAC-1","Neutrophils","Neutrophils"
"sam2_GTCTCACCATTCTCCG-1","Macrophage","Macrophage"
"sam2_GTCTCACGTCATGACT-1","Macrophage","Macrophage"
"sam2_GTCTCACGTTGGGATG-1","Smooth_muscle_cells","Smooth_muscle_cells"
"sam2_GTCTCACTCATTGCCC-1","Fibroblasts","Fibroblasts"
"sam2_GTCTCACTCGGCTTGG-1","NK_cell","NK_cell"
"sam2_GTCTGTCAGGAACATT-1","Epithelial_cells","Epithelial_cells"
"sam2_GTCTGTCCAAATGATG-1","NK_cell","NK_cell"
"sam2_GTCTGTCCATCGGTTA-1","MSC","MSC"
"sam2_GTCTGTCGTCGGCACT-1","Epithelial_cells","Epithelial_cells"
"sam2_GTCTTTAAGAGCCGAT-1","NK_cell","NK_cell"
"sam2_GTCTTTAAGGCACTAG-1","Epithelial_cells","Epithelial_cells"
"sam2_GTCTTTAAGTCCGCGT-1","T_cells","T_cells"
"sam2_GTCTTTATCGCCTATC-1","Epithelial_cells","Epithelial_cells"
"sam2_GTCTTTATCGTTAGTG-1","Neurons","Neurons"
"sam2_GTGACGCAGTTCGCAT-1","Epithelial_cells","Epithelial_cells"
"sam2_GTGACGCCATGAAGCG-1","Macrophage","Macrophage"
"sam2_GTGACGCGTCTTGAGT-1","NK_cell","NK_cell"
"sam2_GTGAGCCAGAAATGGG-1","T_cells","T_cells"
"sam2_GTGAGCCAGGTAAACT-1","Pre-B_cell_CD34-","Pre-B_cell_CD34-"
"sam2_GTGAGCCAGTAGATCA-1","NK_cell","NK_cell"
"sam2_GTGAGCCCAGTAGATA-1","Monocyte","Monocyte"
"sam2_GTGAGGACAACCGTGC-1","Pre-B_cell_CD34-","Pre-B_cell_CD34-"
"sam2_GTGAGGACATTCTCTA-1","NK_cell","NK_cell"
"sam2_GTGAGGATCACTGCTC-1","HSC_-G-CSF","HSC_-G-CSF"
"sam2_GTGAGGATCGTTCTCG-1","Macrophage","Macrophage"
"sam2_GTGAGGATCTCTCGAC-1","HSC_-G-CSF","HSC_-G-CSF"
"sam2_GTGAGTTAGAGCCGAT-1","Chondrocytes","Chondrocytes"
"sam2_GTGAGTTAGCGTCGAA-1","Neurons","Neurons"
"sam2_GTGAGTTCAAGGCCTC-1","NK_cell","NK_cell"
"sam2_GTGAGTTCAGCAGATG-1","T_cells","T_cells"
"sam2_GTGAGTTCAGGCCCTA-1","NK_cell","NK_cell"
"sam2_GTGATGTAGGCATGCA-1","Macrophage","Macrophage"
"sam2_GTGATGTAGGTCACAG-1","T_cells","T_cells"
"sam2_GTGATGTCAACGATCT-1","Fibroblasts","Fibroblasts"
"sam2_GTGATGTCACCTATCC-1","Macrophage","Macrophage"
"sam2_GTGATGTCACGGTGCT-1","NK_cell","NK_cell"
"sam2_GTGATGTCAGGGTTGA-1","T_cells","T_cells"
"sam2_GTGATGTTCACGATCA-1","T_cells","T_cells"
"sam2_GTGATGTTCCAACCGG-1","Epithelial_cells","Epithelial_cells"
"sam2_GTGATGTTCTTGAGCA-1","T_cells","T_cells"
"sam2_GTGCACGAGATGTTGA-1","Epithelial_cells","Epithelial_cells"
"sam2_GTGCACGAGTCGGCCT-1","Epithelial_cells","Epithelial_cells"
"sam2_GTGCACGCAAGAGGCT-1","Pre-B_cell_CD34-","Pre-B_cell_CD34-"
"sam2_GTGCACGCAAGTGGTG-1","T_cells","T_cells"
"sam2_GTGCACGCATTCGGGC-1","NK_cell","NK_cell"
"sam2_GTGCACGGTCATCGCG-1","Macrophage","Macrophage"
"sam2_GTGCAGCGTTCAGGTT-1","Neutrophils","Neutrophils"
"sam2_GTGCAGCTCCTACACC-1","T_cells","T_cells"
"sam2_GTGCAGCTCGGCTTCT-1","Macrophage","Macrophage"
"sam2_GTGCGTGAGACCTCAT-1","Smooth_muscle_cells","Smooth_muscle_cells"
"sam2_GTGCGTGAGTGATAGT-1","Macrophage","Macrophage"
"sam2_GTGCGTGCAAGAGTAT-1","Pre-B_cell_CD34-","Pre-B_cell_CD34-"
"sam2_GTGCGTGCAAGTTCGT-1","NK_cell","NK_cell"
"sam2_GTGCGTGCATGGCGCT-1","NK_cell","NK_cell"
"sam2_GTGCTGGAGGCAGTCA-1","NK_cell","NK_cell"
"sam2_GTGCTGGCAATAACCC-1","Macrophage","Macrophage"
"sam2_GTGCTGGCATCGCTAA-1","Fibroblasts","Fibroblasts"
"sam2_GTGCTGGGTGTGCTTA-1","T_cells","T_cells"
"sam2_GTGCTGGTCTGCGGCA-1","Macrophage","Macrophage"
"sam2_GTGCTTCAGGTTCACT-1","Epithelial_cells","Epithelial_cells"
"sam2_GTGCTTCAGTCGGGAT-1","Smooth_muscle_cells","Smooth_muscle_cells"
"sam2_GTGCTTCCACAAATGA-1","Epithelial_cells","Epithelial_cells"
"sam2_GTGCTTCGTTCGGCCA-1","NK_cell","NK_cell"
"sam2_GTGCTTCTCACGTAGT-1","T_cells","T_cells"
"sam2_GTGCTTCTCAGCGTCG-1","NK_cell","NK_cell"
"sam2_GTGCTTCTCATGCGGC-1","T_cells","T_cells"
"sam2_GTGGAAGCAAGCTGCC-1","Macrophage","Macrophage"
"sam2_GTGGAAGGTGGCAGAT-1","Smooth_muscle_cells","Smooth_muscle_cells"
"sam2_GTGGAAGTCCAAACCA-1","Monocyte","Monocyte"
"sam2_GTGGAAGTCGCAGTGC-1","Macrophage","Macrophage"
"sam2_GTGGAGACACTGAGGA-1","NK_cell","NK_cell"
"sam2_GTGGAGACAGCGTATT-1","Smooth_muscle_cells","Smooth_muscle_cells"
"sam2_GTGGAGAGTCTAATCG-1","T_cells","T_cells"
"sam2_GTGGAGAGTGTATTCG-1","Smooth_muscle_cells","Smooth_muscle_cells"
"sam2_GTGGAGATCCACTTTA-1","Fibroblasts","Fibroblasts"
"sam2_GTGGAGATCCCGAATA-1","T_cells","T_cells"
"sam2_GTGGCGTAGTAGTCCT-1","T_cells","T_cells"
"sam2_GTGGCGTCACGAGAAC-1","Smooth_muscle_cells","Smooth_muscle_cells"
"sam2_GTGGCGTCACTCGATA-1","HSC_-G-CSF","HSC_-G-CSF"
"sam2_GTGGCGTTCTGACGCG-1","Pre-B_cell_CD34-","Pre-B_cell_CD34-"
"sam2_GTGGGAAAGAATACAC-1","HSC_-G-CSF","HSC_-G-CSF"
"sam2_GTGGGAAAGATCGCCC-1","Macrophage","Macrophage"
"sam2_GTGGGAAAGTTACGAA-1","T_cells","T_cells"
"sam2_GTGGGAACAAACACGG-1","T_cells","T_cells"
"sam2_GTGGGAAGTAGCGCTC-1","Epithelial_cells","Epithelial_cells"
"sam2_GTGGGAAGTAGGTCAG-1","NK_cell","NK_cell"
"sam2_GTGGGAAGTTACGCCG-1","NK_cell","NK_cell"
"sam2_GTGGGAATCCCAACTC-1","Pre-B_cell_CD34-","Pre-B_cell_CD34-"
"sam2_GTGGTTACAGGCAATG-1","NK_cell","NK_cell"
"sam2_GTGGTTAGTACTAGCT-1","Keratinocytes","Keratinocytes"
"sam2_GTGGTTATCAAATGAG-1","Macrophage","Macrophage"
"sam2_GTGTAACAGGATGAGA-1","NK_cell","NK_cell"
"sam2_GTGTAACCAAATTAGG-1","Macrophage","Macrophage"
"sam2_GTGTAACTCCGATGCG-1","NK_cell","NK_cell"
"sam2_GTGTAACTCTGGAGAG-1","NK_cell","NK_cell"
"sam2_GTGTCCTCAGTTTCAG-1","Macrophage","Macrophage"
"sam2_GTGTCCTCATCCGTTC-1","NK_cell","NK_cell"
"sam2_GTGTCCTTCACAATGC-1","T_cells","T_cells"
"sam2_GTGTCCTTCAGCCTCT-1","Fibroblasts","Fibroblasts"
"sam2_GTGTCCTTCGCTATTT-1","T_cells","T_cells"
"sam2_GTGTGATAGACCTGGA-1","Macrophage","Macrophage"
"sam2_GTGTGATAGTTACGTC-1","Smooth_muscle_cells","Smooth_muscle_cells"
"sam2_GTGTGATCAGCCTTCT-1","T_cells","T_cells"
"sam2_GTGTGATGTATACCCA-1","GMP","GMP"
"sam2_GTGTGATGTCATATGC-1","T_cells","T_cells"
"sam2_GTGTGATTCCAGCTCT-1","NK_cell","NK_cell"
"sam2_GTGTGATTCGTAACAC-1","GMP","GMP"
"sam2_GTGTGGCAGTGAGTGC-1","BM","BM"
"sam2_GTGTGGCTCCTGTTAT-1","NK_cell","NK_cell"
"sam2_GTGTGGCTCTTAAGGC-1","B_cell","B_cell"
"sam2_GTGTTAGAGCATCAAA-1","Chondrocytes","Chondrocytes"
"sam2_GTGTTAGAGCGAGGAG-1","NK_cell","NK_cell"
"sam2_GTGTTAGAGGCTTCCG-1","Fibroblasts","Fibroblasts"
"sam2_GTGTTAGAGTCTAGAA-1","Epithelial_cells","Epithelial_cells"
"sam2_GTGTTAGCACCAGCCA-1","Macrophage","Macrophage"
"sam2_GTGTTAGCACCAGCGT-1","Macrophage","Macrophage"
"sam2_GTGTTAGCACTCCACT-1","Epithelial_cells","Epithelial_cells"
"sam2_GTGTTAGGTAGAGACC-1","T_cells","T_cells"
"sam2_GTGTTCCAGTGCACAG-1","Chondrocytes","Chondrocytes"
"sam2_GTGTTCCCACGGGTAA-1","Fibroblasts","Fibroblasts"
"sam2_GTGTTCCGTACCAGAG-1","NK_cell","NK_cell"
"sam2_GTGTTCCGTTGACGGA-1","NK_cell","NK_cell"
"sam2_GTGTTCCTCACTGAAC-1","T_cells","T_cells"
"sam2_GTGTTCCTCGCTTACC-1","Monocyte","Monocyte"
"sam2_GTGTTCCTCTGTCGCT-1","NK_cell","NK_cell"
"sam2_GTTACAGAGAAATTCG-1","Macrophage","Macrophage"
"sam2_GTTACAGAGGGCCAAT-1","HSC_-G-CSF","HSC_-G-CSF"
"sam2_GTTACAGAGTAACCTC-1","T_cells","T_cells"
"sam2_GTTACAGCAACTGTGT-1","Macrophage","Macrophage"
"sam2_GTTACAGGTATTGAGA-1","HSC_-G-CSF","HSC_-G-CSF"
"sam2_GTTACAGTCTACTCAT-1","NK_cell","NK_cell"
"sam2_GTTACCCAGGCCTAAG-1","T_cells","T_cells"
"sam2_GTTACCCCACGAAAGC-1","B_cell","B_cell"
"sam2_GTTACCCCAGGTCTCG-1","B_cell","B_cell"
"sam2_GTTACCCGTATCGGTT-1","Fibroblasts","Fibroblasts"
"sam2_GTTACCCTCTCTCAAT-1","NK_cell","NK_cell"
"sam2_GTTACGACAAACTCGT-1","HSC_-G-CSF","HSC_-G-CSF"
"sam2_GTTACGACAGGATTCT-1","Pre-B_cell_CD34-","Pre-B_cell_CD34-"
"sam2_GTTACGATCTGAGATC-1","Fibroblasts","Fibroblasts"
"sam2_GTTACGATCTGGGATT-1","Embryonic_stem_cells","Embryonic_stem_cells"
"sam2_GTTACGATCTGTCTCG-1","Macrophage","Macrophage"
"sam2_GTTAGACAGATGCCGA-1","HSC_-G-CSF","HSC_-G-CSF"
"sam2_GTTAGACAGGAATGTT-1","T_cells","T_cells"
"sam2_GTTAGACGTCTGTTAG-1","NK_cell","NK_cell"
"sam2_GTTAGACGTTGCCAAT-1","CMP","CMP"
"sam2_GTTAGTGCACTCAAGT-1","HSC_-G-CSF","HSC_-G-CSF"
"sam2_GTTAGTGCACTTGGCG-1","Fibroblasts","Fibroblasts"
"sam2_GTTAGTGGTCGGTGTC-1","NK_cell","NK_cell"
"sam2_GTTAGTGGTGTTAACC-1","Macrophage","Macrophage"
"sam2_GTTAGTGTCAGGGTAG-1","NK_cell","NK_cell"
"sam2_GTTATGGAGAGTGTGC-1","NK_cell","NK_cell"
"sam2_GTTATGGCAAGAATAC-1","NK_cell","NK_cell"
"sam2_GTTATGGCAATTCGTG-1","B_cell","B_cell"
"sam2_GTTATGGCACAAAGTA-1","Monocyte","Monocyte"
"sam2_GTTATGGCACCAGCTG-1","Epithelial_cells","Epithelial_cells"
"sam2_GTTATGGCAGCGGATA-1","T_cells","T_cells"
"sam2_GTTATGGGTCAGTTTG-1","NK_cell","NK_cell"
"sam2_GTTATGGTCCGTTGGG-1","HSC_CD34+","HSC_CD34+"
"sam2_GTTCATTAGAGCATCG-1","Fibroblasts","Fibroblasts"
"sam2_GTTCATTAGAGTCGAC-1","Macrophage","Macrophage"
"sam2_GTTCATTAGGCCTTGC-1","T_cells","T_cells"
"sam2_GTTCATTCAGTGGGTA-1","Macrophage","Macrophage"
"sam2_GTTCATTCATGACGAG-1","GMP","GMP"
"sam2_GTTCATTGTATTGGCT-1","NK_cell","NK_cell"
"sam2_GTTCATTGTCTTACTT-1","T_cells","T_cells"
"sam2_GTTCATTTCAGTGCGC-1","T_cells","T_cells"
"sam2_GTTCATTTCGCCATAA-1","Smooth_muscle_cells","Smooth_muscle_cells"
"sam2_GTTCCGTGTAAGTCAA-1","NK_cell","NK_cell"
"sam2_GTTCCGTTCAAGTCTG-1","Endothelial_cells","Endothelial_cells"
"sam2_GTTCCGTTCCCTCGTA-1","Endothelial_cells","Endothelial_cells"
"sam2_GTTCCGTTCGCCTATC-1","NK_cell","NK_cell"
"sam2_GTTCGCTAGGGACCAT-1","NK_cell","NK_cell"
"sam2_GTTCGCTAGTATGGCG-1","T_cells","T_cells"
"sam2_GTTCGCTAGTGTAGAT-1","Macrophage","Macrophage"
"sam2_GTTCGCTCAAACCATC-1","Neuroepithelial_cell","Neuroepithelial_cell"
"sam2_GTTCGCTCAGCAATTC-1","T_cells","T_cells"
"sam2_GTTCGCTCATCTCGTC-1","T_cells","T_cells"
"sam2_GTTCGCTGTCACTTCC-1","Macrophage","Macrophage"
"sam2_GTTCGCTTCATCGTAG-1","NK_cell","NK_cell"
"sam2_GTTCGCTTCCCTCGAT-1","Monocyte","Monocyte"
"sam2_GTTCGCTTCCCTCTTT-1","T_cells","T_cells"
"sam2_GTTCTATAGCTAAATG-1","T_cells","T_cells"
"sam2_GTTCTATAGCTACTAC-1","T_cells","T_cells"
"sam2_GTTCTATGTAAGGAGA-1","Chondrocytes","Chondrocytes"
"sam2_GTTCTATGTTACACTG-1","Macrophage","Macrophage"
"sam2_GTTCTATTCTCGAGTA-1","NK_cell","NK_cell"
"sam2_GTTGAACAGCCTCTCT-1","NK_cell","NK_cell"
"sam2_GTTGAACCAAATAAGC-1","NK_cell","NK_cell"
"sam2_GTTGAACCAGTCCGTG-1","Macrophage","Macrophage"
"sam2_GTTGAACGTGAGCTCC-1","Epithelial_cells","Epithelial_cells"
"sam2_GTTGAACTCTCATGCC-1","Macrophage","Macrophage"
"sam2_GTTGCGGAGAACTCCT-1","Macrophage","Macrophage"
"sam2_GTTGCGGCACACCTTC-1","NK_cell","NK_cell"
"sam2_GTTGCGGGTCTTCGAA-1","T_cells","T_cells"
"sam2_GTTGCGGTCCCTCTAG-1","Macrophage","Macrophage"
"sam2_GTTGCGGTCCGGCAGT-1","Fibroblasts","Fibroblasts"
"sam2_GTTGCTCAGATAGCTA-1","Macrophage","Macrophage"
"sam2_GTTGCTCAGGAGATAG-1","Macrophage","Macrophage"
"sam2_GTTGCTCTCGCGTAGC-1","NK_cell","NK_cell"
"sam2_GTTGTAGAGCGCGTTC-1","Macrophage","Macrophage"
"sam2_GTTGTAGCAAAGGTTA-1","Neutrophils","Neutrophils"
"sam2_GTTGTAGGTGCACATT-1","T_cells","T_cells"
"sam2_GTTGTAGGTTCCAGGC-1","Fibroblasts","Fibroblasts"
"sam2_GTTGTAGTCAAATGAG-1","Pro-B_cell_CD34+","Pro-B_cell_CD34+"
"sam2_GTTGTAGTCTACACTT-1","NK_cell","NK_cell"
"sam2_GTTGTCCAGCGCGTTC-1","Fibroblasts","Fibroblasts"
"sam2_GTTGTCCAGTAGTGCG-1","Fibroblasts","Fibroblasts"
"sam2_GTTGTCCGTTACGTAC-1","Pre-B_cell_CD34-","Pre-B_cell_CD34-"
"sam2_GTTGTCCTCTCCGTGT-1","NK_cell","NK_cell"
"sam2_GTTGTGACAAAGGCAC-1","Macrophage","Macrophage"
"sam2_GTTGTGACAAATTGGA-1","Smooth_muscle_cells","Smooth_muscle_cells"
"sam2_GTTGTGATCCACATAG-1","T_cells","T_cells"
"sam2_GTTGTGATCGGCTCTT-1","T_cells","T_cells"
"sam2_GTTTACTAGGCGCTTC-1","Chondrocytes","Chondrocytes"
"sam2_GTTTACTCAGTATTCG-1","Fibroblasts","Fibroblasts"
"sam2_GTTTACTCATCATGAC-1","Monocyte","Monocyte"
"sam2_GTTTACTGTAGACTGG-1","CMP","CMP"
"sam2_GTTTACTGTCTGTAGT-1","DC","DC"
"sam2_GTTTACTGTGTCACAT-1","Smooth_muscle_cells","Smooth_muscle_cells"
"sam2_GTTTACTTCCCATACC-1","Macrophage","Macrophage"
"sam2_GTTTACTTCTGATTCT-1","Fibroblasts","Fibroblasts"
"sam2_GTTTGGACAGCATGCC-1","NK_cell","NK_cell"
"sam2_GTTTGGACATTATGCG-1","Monocyte","Monocyte"
"sam2_GTTTGGAGTGCAACGA-1","T_cells","T_cells"
"sam2_GTTTGGATCCATAGGT-1","NK_cell","NK_cell"
"sam2_GTTTGGATCCATCTCG-1","Monocyte","Monocyte"
"sam2_GTTTGGATCCCGAAAT-1","Monocyte","Monocyte"
"sam2_GTTTGGATCGGAAACG-1","HSC_-G-CSF","HSC_-G-CSF"
"sam2_TAACACGAGGCGAACT-1","Epithelial_cells","Epithelial_cells"
"sam2_TAACACGAGGGAGAAT-1","Epithelial_cells","Epithelial_cells"
"sam2_TAACACGAGTGAGTGC-1","T_cells","T_cells"
"sam2_TAACACGAGTTCTCTT-1","Embryonic_stem_cells","Embryonic_stem_cells"
"sam2_TAACACGCATCTGCGG-1","NK_cell","NK_cell"
"sam2_TAACACGCATGCGTGC-1","Astrocyte","Astrocyte"
"sam2_TAACACGCATTGCTTT-1","Pre-B_cell_CD34-","Pre-B_cell_CD34-"
"sam2_TAACACGGTGCCTAAT-1","NK_cell","NK_cell"
"sam2_TAACACGTCCTCAGGG-1","T_cells","T_cells"
"sam2_TAACACGTCTCGAACA-1","NK_cell","NK_cell"
"sam2_TAACCAGAGGATTCCT-1","Neuroepithelial_cell","Neuroepithelial_cell"
"sam2_TAACCAGAGGGTTAAT-1","Fibroblasts","Fibroblasts"
"sam2_TAACCAGCACAATTCG-1","T_cells","T_cells"
"sam2_TAACCAGCACGTACTA-1","BM","BM"
"sam2_TAACCAGCATCTCGTC-1","T_cells","T_cells"
"sam2_TAACCAGGTCGGATTT-1","T_cells","T_cells"
"sam2_TAACCAGTCACCCTTG-1","NK_cell","NK_cell"
"sam2_TAACGACAGCATTGAA-1","HSC_CD34+","HSC_CD34+"
"sam2_TAACGACCAAACTAAG-1","T_cells","T_cells"
"sam2_TAACGACCACCCTAGG-1","Pre-B_cell_CD34-","Pre-B_cell_CD34-"
"sam2_TAACGACGTAGTATAG-1","Pre-B_cell_CD34-","Pre-B_cell_CD34-"
"sam2_TAACGACGTCAAAGCG-1","T_cells","T_cells"
"sam2_TAACGACGTCCATAGT-1","T_cells","T_cells"
"sam2_TAACGACGTTCTCACC-1","Fibroblasts","Fibroblasts"
"sam2_TAACGACTCAGTCCGG-1","NK_cell","NK_cell"
"sam2_TAACGACTCGAGAGCA-1","Smooth_muscle_cells","Smooth_muscle_cells"
"sam2_TAACTTCAGCTCGCAC-1","T_cells","T_cells"
"sam2_TAACTTCAGGGAGATA-1","NK_cell","NK_cell"
"sam2_TAACTTCGTAGACAGC-1","Hepatocytes","Hepatocytes"
"sam2_TAACTTCGTCAAAGCG-1","T_cells","T_cells"
"sam2_TAACTTCTCTGTTCAT-1","Macrophage","Macrophage"
"sam2_TAAGCACAGGGCAACT-1","Fibroblasts","Unassigned"
"sam2_TAAGCACGTAGATTAG-1","Macrophage","Macrophage"
"sam2_TAAGCACTCCAACCAA-1","T_cells","T_cells"
"sam2_TAAGCCAAGGAGATAG-1","Embryonic_stem_cells","Embryonic_stem_cells"
"sam2_TAAGCCAAGGTTACAA-1","NK_cell","NK_cell"
"sam2_TAAGCCAGTAGTTAGA-1","MSC","MSC"
"sam2_TAAGCCAGTCGAGTGA-1","Neurons","Neurons"
"sam2_TAAGCCAGTGAGATCG-1","Macrophage","Macrophage"
"sam2_TAAGCCAGTTGGTACT-1","Macrophage","Macrophage"
"sam2_TAAGCCATCCATGCAA-1","NK_cell","NK_cell"
"sam2_TAAGCGTGTAGAATGT-1","Epithelial_cells","Epithelial_cells"
"sam2_TAAGCGTGTCGACTGC-1","Smooth_muscle_cells","Smooth_muscle_cells"
"sam2_TAAGCGTTCGTTCAGA-1","DC","DC"
"sam2_TAAGTCGCAGGGAATC-1","Chondrocytes","Chondrocytes"
"sam2_TAAGTCGCATGACAAA-1","Monocyte","Monocyte"
"sam2_TAAGTCGTCCTAACAG-1","NK_cell","NK_cell"
"sam2_TAATCTCAGTCACGAG-1","Macrophage","Macrophage"
"sam2_TAATCTCCAACTCATG-1","Epithelial_cells","Epithelial_cells"
"sam2_TAATCTCCAGAGGACT-1","NK_cell","NK_cell"
"sam2_TAATCTCGTCACTCTC-1","HSC_-G-CSF","HSC_-G-CSF"
"sam2_TAATCTCGTGTGTACT-1","Fibroblasts","Fibroblasts"
"sam2_TAATTCCAGCACTCCG-1","T_cells","T_cells"
"sam2_TAATTCCAGCTGGCCT-1","Macrophage","Macrophage"
"sam2_TAATTCCAGGTTCCGC-1","iPS_cells","iPS_cells"
"sam2_TAATTCCAGTAGGTTA-1","NK_cell","NK_cell"
"sam2_TAATTCCTCATCCCGT-1","NK_cell","NK_cell"
"sam2_TAATTCCTCCATCTGC-1","T_cells","T_cells"
"sam2_TACAACGAGGAATTAC-1","T_cells","T_cells"
"sam2_TACAACGCAACACGTT-1","T_cells","T_cells"
"sam2_TACAACGCAACTGCTA-1","Macrophage","Macrophage"
"sam2_TACAACGCAAGCCCAC-1","Epithelial_cells","Epithelial_cells"
"sam2_TACAACGCACGGGCTT-1","Epithelial_cells","Epithelial_cells"
"sam2_TACAACGCACTCAGAT-1","NK_cell","NK_cell"
"sam2_TACAACGTCTGCAGCG-1","NK_cell","NK_cell"
"sam2_TACACCCAGACCCGCT-1","Myelocyte","Myelocyte"
"sam2_TACACCCAGCATTTCG-1","NK_cell","NK_cell"
"sam2_TACACCCCAGAATGTA-1","T_cells","T_cells"
"sam2_TACACCCGTGCCGTTG-1","T_cells","T_cells"
"sam2_TACACCCGTGGGTATG-1","Macrophage","Macrophage"
"sam2_TACACCCTCATGGAGG-1","T_cells","T_cells"
"sam2_TACACCCTCGGCTGGT-1","Fibroblasts","Fibroblasts"
"sam2_TACAGGTAGAGCTTTC-1","T_cells","T_cells"
"sam2_TACAGGTCACGGTGCT-1","Pre-B_cell_CD34-","Pre-B_cell_CD34-"
"sam2_TACAGGTCATGAGTAA-1","Macrophage","Macrophage"
"sam2_TACAGGTGTATGCTAC-1","Pro-B_cell_CD34+","Pro-B_cell_CD34+"
"sam2_TACAGGTGTCGTATGT-1","T_cells","T_cells"
"sam2_TACAGGTTCCGCAACG-1","Pre-B_cell_CD34-","Pre-B_cell_CD34-"
"sam2_TACAGGTTCCTAACAG-1","Macrophage","Macrophage"
"sam2_TACATTCAGAAGTCTA-1","Fibroblasts","Fibroblasts"
"sam2_TACATTCAGTAATCCC-1","T_cells","T_cells"
"sam2_TACATTCGTACTTGTG-1","Fibroblasts","Fibroblasts"
"sam2_TACATTCGTCTGTGCG-1","Epithelial_cells","Epithelial_cells"
"sam2_TACATTCTCCTCTTTC-1","Neutrophils","Neutrophils"
"sam2_TACATTCTCCTTCACG-1","T_cells","T_cells"
"sam2_TACCCACAGACTCTAC-1","Smooth_muscle_cells","Smooth_muscle_cells"
"sam2_TACCCACCACCCGTAG-1","Macrophage","Macrophage"
"sam2_TACCCACCACGAGGTA-1","Neutrophils","Neutrophils"
"sam2_TACCCACCATACCACA-1","NK_cell","NK_cell"
"sam2_TACCCACGTAGGCAAC-1","Macrophage","Macrophage"
"sam2_TACCCACTCACCGGGT-1","Epithelial_cells","Epithelial_cells"
"sam2_TACCCACTCGGCCAAC-1","Macrophage","Macrophage"
"sam2_TACCCACTCGGTAGAG-1","Pre-B_cell_CD34-","Pre-B_cell_CD34-"
"sam2_TACCCACTCGTGGCGT-1","T_cells","T_cells"
"sam2_TACCCACTCTATTTCG-1","Macrophage","Unassigned"
"sam2_TACCCGTAGGTATCTC-1","Fibroblasts","Fibroblasts"
"sam2_TACCCGTAGTGCAGCA-1","Fibroblasts","Fibroblasts"
"sam2_TACCCGTCAGGAAGTC-1","Fibroblasts","Fibroblasts"
"sam2_TACCCGTCAGTATTCG-1","Epithelial_cells","Epithelial_cells"
"sam2_TACCCGTGTCTCGGAC-1","Macrophage","Macrophage"
"sam2_TACCCGTGTGATTGGG-1","Monocyte","Monocyte"
"sam2_TACCGAAAGGCCTGCT-1","NK_cell","NK_cell"
"sam2_TACCGAACACCGCTAG-1","T_cells","T_cells"
"sam2_TACCGAACACGTTGGC-1","Macrophage","Macrophage"
"sam2_TACCGAACATGTGGCC-1","HSC_-G-CSF","HSC_-G-CSF"
"sam2_TACCGAAGTACTTCCC-1","Pre-B_cell_CD34-","Pre-B_cell_CD34-"
"sam2_TACCGAAGTCTGTCAA-1","T_cells","T_cells"
"sam2_TACCGAATCGGTCAGC-1","Smooth_muscle_cells","Smooth_muscle_cells"
"sam2_TACCGGGTCACTCCGT-1","T_cells","T_cells"
"sam2_TACCTCGAGCACTGGA-1","NK_cell","NK_cell"
"sam2_TACCTCGGTGCATCTA-1","T_cells","T_cells"
"sam2_TACCTCGGTTCGGCTG-1","Macrophage","Macrophage"
"sam2_TACCTCGGTTGCTCAA-1","Macrophage","Macrophage"
"sam2_TACCTCGTCTTCTGTA-1","NK_cell","NK_cell"
"sam2_TACCTGCCAATACGCT-1","Epithelial_cells","Epithelial_cells"
"sam2_TACCTGCGTCACTTCC-1","Fibroblasts","Fibroblasts"
"sam2_TACCTGCGTCGTGGTC-1","Chondrocytes","Chondrocytes"
"sam2_TACCTGCTCGCCAACG-1","HSC_-G-CSF","HSC_-G-CSF"
"sam2_TACGCTCAGCACCGAA-1","NK_cell","NK_cell"
"sam2_TACGCTCAGCGTGAGT-1","NK_cell","NK_cell"
"sam2_TACGCTCAGCTCGACC-1","CMP","CMP"
"sam2_TACGCTCAGGCGATAC-1","NK_cell","NK_cell"
"sam2_TACGCTCCAAGTGGTG-1","T_cells","T_cells"
"sam2_TACGCTCGTACGATTC-1","Epithelial_cells","Epithelial_cells"
"sam2_TACGCTCGTGATCGTT-1","NK_cell","NK_cell"
"sam2_TACGCTCGTGTTCGAT-1","T_cells","T_cells"
"sam2_TACGCTCTCTGGGATT-1","Smooth_muscle_cells","Smooth_muscle_cells"
"sam2_TACGGGCCAAGTCGTT-1","NK_cell","NK_cell"
"sam2_TACGGGCCACGGGTAA-1","Keratinocytes","Keratinocytes"
"sam2_TACGGGCCACTACGGC-1","Smooth_muscle_cells","Smooth_muscle_cells"
"sam2_TACGGGCCATCGGAAG-1","Astrocyte","Astrocyte"
"sam2_TACGGGCGTAACGTTC-1","Smooth_muscle_cells","Smooth_muscle_cells"
"sam2_TACGGGCGTGAGCTCC-1","Epithelial_cells","Epithelial_cells"
"sam2_TACGGTAAGACCAAAT-1","T_cells","T_cells"
"sam2_TACGGTAAGTTGCCTA-1","Fibroblasts","Fibroblasts"
"sam2_TACGGTACACTACGGC-1","Macrophage","Macrophage"
"sam2_TACGGTAGTGTCGCTG-1","Pre-B_cell_CD34-","Pre-B_cell_CD34-"
"sam2_TACGGTATCAACCTTT-1","NK_cell","NK_cell"
"sam2_TACGGTATCCTGTACC-1","Epithelial_cells","Epithelial_cells"
"sam2_TACGGTATCGAACGGA-1","Fibroblasts","Fibroblasts"
"sam2_TACGTCCAGTCTGGAG-1","NK_cell","NK_cell"
"sam2_TACGTCCCATCCGGCA-1","T_cells","T_cells"
"sam2_TACGTCCGTCACAGTT-1","Neuroepithelial_cell","Neuroepithelial_cell"
"sam2_TACGTCCGTTCGGTTA-1","Macrophage","Macrophage"
"sam2_TACGTCCTCAGACCCG-1","Epithelial_cells","Epithelial_cells"
"sam2_TACGTCCTCTCCCAAC-1","NK_cell","NK_cell"
"sam2_TACTGCCAGAATTGCA-1","DC","DC"
"sam2_TACTGCCAGATTGGGC-1","Platelets","Platelets"
"sam2_TACTGCCAGGCCGCTT-1","Macrophage","Macrophage"
"sam2_TACTGCCAGGCTTTCA-1","Fibroblasts","Fibroblasts"
"sam2_TACTGCCCACTTGGCG-1","T_cells","T_cells"
"sam2_TACTGCCGTCTGTGAT-1","Macrophage","Macrophage"
"sam2_TACTGCCTCCAGCACG-1","Macrophage","Macrophage"
"sam2_TACTTACCAGATCCAT-1","T_cells","T_cells"
"sam2_TACTTACCAGTGTGCC-1","Fibroblasts","Fibroblasts"
"sam2_TACTTACGTGAGATAT-1","Macrophage","Macrophage"
"sam2_TACTTACGTGGTGATG-1","Neutrophils","Neutrophils"
"sam2_TACTTACGTTATCCAG-1","Fibroblasts","Fibroblasts"
"sam2_TACTTACTCAGACAAA-1","Macrophage","Macrophage"
"sam2_TACTTACTCCCTCGTA-1","NK_cell","NK_cell"
"sam2_TACTTCAAGCGATGGT-1","B_cell","B_cell"
"sam2_TACTTCAAGCGTGTTT-1","Macrophage","Macrophage"
"sam2_TACTTCACATACCAGT-1","Smooth_muscle_cells","Smooth_muscle_cells"
"sam2_TACTTCACATCATTTC-1","T_cells","T_cells"
"sam2_TACTTCAGTGCAGGAT-1","T_cells","T_cells"
"sam2_TACTTCATCATTGTTC-1","Epithelial_cells","Epithelial_cells"
"sam2_TACTTCATCCTACACC-1","NK_cell","NK_cell"
"sam2_TACTTCATCGCTCATC-1","Fibroblasts","Fibroblasts"
"sam2_TACTTGTAGGCCCAAA-1","Neutrophils","Neutrophils"
"sam2_TACTTGTCAAGAGGCT-1","Endothelial_cells","Endothelial_cells"
"sam2_TACTTGTCATCTAGAC-1","NK_cell","NK_cell"
"sam2_TACTTGTGTTGCCATA-1","NK_cell","NK_cell"
"sam2_TACTTGTTCACCCTGT-1","Smooth_muscle_cells","Unassigned"
"sam2_TACTTGTTCGGTGAAG-1","NK_cell","NK_cell"
"sam2_TAGACCAAGGTAGGCT-1","Fibroblasts","Fibroblasts"
"sam2_TAGACCACAATGAGCG-1","Epithelial_cells","Epithelial_cells"
"sam2_TAGACCAGTAACAGGC-1","T_cells","T_cells"
"sam2_TAGACCAGTCTGCGCA-1","Epithelial_cells","Epithelial_cells"
"sam2_TAGACCAGTTCGGCCA-1","Monocyte","Monocyte"
"sam2_TAGACCAGTTCGGTCG-1","Macrophage","Macrophage"
"sam2_TAGACCAGTTTACCTT-1","Smooth_muscle_cells","Smooth_muscle_cells"
"sam2_TAGACTGAGCAGGTCA-1","T_cells","T_cells"
"sam2_TAGACTGCAAATCGTC-1","HSC_-G-CSF","HSC_-G-CSF"
"sam2_TAGACTGCAAGAGTTA-1","Epithelial_cells","Epithelial_cells"
"sam2_TAGACTGGTACACTCA-1","Pre-B_cell_CD34-","Pre-B_cell_CD34-"
"sam2_TAGAGTCAGCATGAAT-1","Macrophage","Macrophage"
"sam2_TAGAGTCAGGGTTTCT-1","Macrophage","Macrophage"
"sam2_TAGAGTCCACCCTGTT-1","Fibroblasts","Fibroblasts"
"sam2_TAGAGTCGTCCAGAAG-1","Macrophage","Macrophage"
"sam2_TAGAGTCGTTGGGTTT-1","Chondrocytes","Chondrocytes"
"sam2_TAGAGTCTCAAGCCCG-1","Macrophage","Macrophage"
"sam2_TAGAGTCTCTGTCCGT-1","Fibroblasts","Fibroblasts"
"sam2_TAGAGTCTCTTCGTAT-1","NK_cell","NK_cell"
"sam2_TAGATCGGTAGCGAGT-1","T_cells","T_cells"
"sam2_TAGATCGGTGGAAATT-1","Macrophage","Macrophage"
"sam2_TAGATCGGTGGCTAGA-1","Chondrocytes","Chondrocytes"
"sam2_TAGATCGTCAAGGAGC-1","Smooth_muscle_cells","Smooth_muscle_cells"
"sam2_TAGCACAAGCACTCCG-1","Macrophage","Macrophage"
"sam2_TAGCACAAGGGTGAGG-1","Epithelial_cells","Epithelial_cells"
"sam2_TAGCACACAGCCGTCA-1","Macrophage","Macrophage"
"sam2_TAGCACATCATATGGC-1","NK_cell","NK_cell"
"sam2_TAGCACATCGCTACGG-1","T_cells","T_cells"
"sam2_TAGGAGGAGCAAGTGC-1","NK_cell","NK_cell"
"sam2_TAGGAGGGTCTCGCGA-1","NK_cell","NK_cell"
"sam2_TAGGAGGGTGTATACC-1","NK_cell","NK_cell"
"sam2_TAGGAGGGTTCAAGTC-1","T_cells","T_cells"
"sam2_TAGGAGGTCCTCAGAA-1","T_cells","T_cells"
"sam2_TAGGGTTAGACGTCCC-1","NK_cell","NK_cell"
"sam2_TAGGGTTAGAGTCCGA-1","NK_cell","NK_cell"
"sam2_TAGGGTTAGATACTGA-1","Monocyte","Monocyte"
"sam2_TAGGGTTCAACCAATC-1","T_cells","T_cells"
"sam2_TAGGGTTCATCAGCAT-1","T_cells","T_cells"
"sam2_TAGGGTTCATTGTGCA-1","T_cells","T_cells"
"sam2_TAGGGTTGTAGGAGTC-1","BM","BM"
"sam2_TAGGGTTGTCAACACT-1","Fibroblasts","Fibroblasts"
"sam2_TAGGGTTGTGGAGAAA-1","NK_cell","NK_cell"
"sam2_TAGGGTTGTGGCTTGC-1","Macrophage","Macrophage"
"sam2_TAGGGTTTCGCGTAGC-1","Chondrocytes","Chondrocytes"
"sam2_TAGGGTTTCTCCTGAC-1","Macrophage","Macrophage"
"sam2_TAGGGTTTCTGGCCGA-1","NK_cell","NK_cell"
"sam2_TAGGTACAGCACACCC-1","Fibroblasts","Fibroblasts"
"sam2_TAGGTACAGCGGGTTA-1","HSC_CD34+","HSC_CD34+"
"sam2_TAGGTACAGTAATCCC-1","Neuroepithelial_cell","Neuroepithelial_cell"
"sam2_TAGGTACAGTGGAAAG-1","NK_cell","NK_cell"
"sam2_TAGGTACCAACAGCCC-1","Fibroblasts","Fibroblasts"
"sam2_TAGGTACTCCTCTTTC-1","T_cells","T_cells"
"sam2_TAGGTACTCTTTACAC-1","Epithelial_cells","Epithelial_cells"
"sam2_TAGGTTGAGGCACCAA-1","Macrophage","Macrophage"
"sam2_TAGGTTGGTATACAGA-1","T_cells","T_cells"
"sam2_TAGGTTGGTATCGTAC-1","Macrophage","Macrophage"
"sam2_TAGGTTGGTCGATTTG-1","Macrophage","Macrophage"
"sam2_TAGTGCACATTCTCTA-1","T_cells","T_cells"
"sam2_TAGTGCAGTCTCTCCA-1","Macrophage","Macrophage"
"sam2_TAGTGCAGTGGCAACA-1","HSC_-G-CSF","HSC_-G-CSF"
"sam2_TAGTGCATCTCGGTAA-1","Smooth_muscle_cells","Smooth_muscle_cells"
"sam2_TATACCTCAATTAGGA-1","Fibroblasts","Fibroblasts"
"sam2_TATACCTCAGAACATA-1","T_cells","T_cells"
"sam2_TATACCTCAGCAGACA-1","T_cells","T_cells"
"sam2_TATACCTCATATCTCT-1","T_cells","T_cells"
"sam2_TATACCTGTAGAGACC-1","HSC_-G-CSF","HSC_-G-CSF"
"sam2_TATACCTGTGAGTGAC-1","NK_cell","NK_cell"
"sam2_TATACCTGTTTAGAGA-1","NK_cell","NK_cell"
"sam2_TATACCTTCAATGTCG-1","T_cells","T_cells"
"sam2_TATACCTTCGCGGTAC-1","Macrophage","Macrophage"
"sam2_TATATCCAGAGGGCGA-1","T_cells","T_cells"
"sam2_TATATCCAGCCTGTCG-1","T_cells","T_cells"
"sam2_TATATCCAGCCTTGAT-1","Pre-B_cell_CD34-","Pre-B_cell_CD34-"
"sam2_TATATCCGTGAGTTGG-1","NK_cell","NK_cell"
"sam2_TATATCCGTTCGGTAT-1","Fibroblasts","Fibroblasts"
"sam2_TATATCCTCATGCAGT-1","T_cells","T_cells"
"sam2_TATATCCTCATTGGTG-1","Fibroblasts","Fibroblasts"
"sam2_TATCAGGAGTTCTACG-1","NK_cell","NK_cell"
"sam2_TATCAGGCAGCCTTCT-1","T_cells","T_cells"
"sam2_TATCAGGCATGATCTG-1","Epithelial_cells","Epithelial_cells"
"sam2_TATCAGGTCCACTGGG-1","Pre-B_cell_CD34-","Pre-B_cell_CD34-"
"sam2_TATCAGGTCCTGGGTG-1","Neutrophils","Neutrophils"
"sam2_TATCAGGTCTAGACAC-1","Fibroblasts","Fibroblasts"
"sam2_TATCAGGTCTGTCGTC-1","NK_cell","NK_cell"
"sam2_TATCCTAAGTCTACCA-1","B_cell","B_cell"
"sam2_TATCCTACATGAAGGC-1","BM","BM"
"sam2_TATCCTATCAGTGTCA-1","NK_cell","NK_cell"
"sam2_TATCCTATCTACTGCC-1","HSC_-G-CSF","HSC_-G-CSF"
"sam2_TATCGCCAGGACTAAT-1","NK_cell","NK_cell"
"sam2_TATCGCCTCCCTGTTG-1","NK_cell","NK_cell"
"sam2_TATCTGTAGCCGGATA-1","Epithelial_cells","Epithelial_cells"
"sam2_TATCTGTGTAGTGTGG-1","T_cells","T_cells"
"sam2_TATCTGTGTTCAAACC-1","Smooth_muscle_cells","Smooth_muscle_cells"
"sam2_TATCTGTTCGTGGTAT-1","B_cell","B_cell"
"sam2_TATCTGTTCTCTCTAA-1","T_cells","T_cells"
"sam2_TATCTTGAGACATATG-1","Macrophage","Macrophage"
"sam2_TATCTTGAGATCCCAT-1","T_cells","T_cells"
"sam2_TATCTTGAGCGCAATG-1","Macrophage","Macrophage"
"sam2_TATCTTGCACGACCTG-1","Tissue_stem_cells","Tissue_stem_cells"
"sam2_TATCTTGGTCATCCCT-1","T_cells","T_cells"
"sam2_TATCTTGGTCGTAATC-1","NK_cell","NK_cell"
"sam2_TATCTTGGTGAATATG-1","T_cells","T_cells"
"sam2_TATCTTGTCAAGGTGG-1","NK_cell","NK_cell"
"sam2_TATGTTCAGGCATGGT-1","NK_cell","NK_cell"
"sam2_TATGTTCAGTGAGGTC-1","T_cells","T_cells"
"sam2_TATGTTCCAAAGAGTT-1","Macrophage","Macrophage"
"sam2_TATGTTCCAGTGTGCC-1","T_cells","T_cells"
"sam2_TATTCCAAGATAACAC-1","Monocyte","Monocyte"
"sam2_TATTCCAAGATCCCAT-1","Pre-B_cell_CD34-","Pre-B_cell_CD34-"
"sam2_TATTCCAAGGATACAT-1","Macrophage","Macrophage"
"sam2_TATTCCAGTGAGGATC-1","T_cells","T_cells"
"sam2_TATTCCAGTGGGCTCT-1","Macrophage","Macrophage"
"sam2_TATTCCAGTTATGTGC-1","Pre-B_cell_CD34-","Pre-B_cell_CD34-"
"sam2_TATTGCTAGACCCGCT-1","Macrophage","Macrophage"
"sam2_TATTGCTAGACCGCCT-1","T_cells","T_cells"
"sam2_TATTGCTGTCGAGCAA-1","NK_cell","NK_cell"
"sam2_TATTGCTGTTTCGGCG-1","NK_cell","NK_cell"
"sam2_TATTGCTTCGGTCAGC-1","NK_cell","NK_cell"
"sam2_TATTGCTTCTCCTGTG-1","Epithelial_cells","Epithelial_cells"
"sam2_TATTGGGAGCGCAATG-1","NK_cell","NK_cell"
"sam2_TATTGGGCAAGATTGA-1","T_cells","T_cells"
"sam2_TATTGGGGTCCCGTGA-1","Pre-B_cell_CD34-","Pre-B_cell_CD34-"
"sam2_TATTGGGTCCATGATG-1","Macrophage","Macrophage"
"sam2_TATTTCGAGGAATTAC-1","Macrophage","Macrophage"
"sam2_TATTTCGCAATGTTGC-1","T_cells","T_cells"
"sam2_TATTTCGCACGGCGTT-1","Macrophage","Macrophage"
"sam2_TATTTCGCACGTAGTT-1","T_cells","T_cells"
"sam2_TATTTCGGTGACACGA-1","Fibroblasts","Fibroblasts"
"sam2_TATTTCGTCCGATGTA-1","NK_cell","NK_cell"
"sam2_TCAAGACAGATGTTAG-1","Epithelial_cells","Epithelial_cells"
"sam2_TCAAGACAGTAGTCCT-1","T_cells","T_cells"
"sam2_TCAAGACAGTATGGAT-1","T_cells","T_cells"
"sam2_TCAAGACGTACGCTTA-1","Macrophage","Macrophage"
"sam2_TCAAGACGTGAATTGA-1","T_cells","T_cells"
"sam2_TCAAGACGTTCCAGGC-1","NK_cell","NK_cell"
"sam2_TCAAGACTCAAACCTG-1","Macrophage","Macrophage"
"sam2_TCAAGACTCCAAGCAT-1","Neutrophils","Neutrophils"
"sam2_TCAAGACTCGGTAACT-1","Smooth_muscle_cells","Smooth_muscle_cells"
"sam2_TCAAGACTCGGTCATA-1","Gametocytes","Gametocytes"
"sam2_TCAAGACTCTTGGAAC-1","NK_cell","NK_cell"
"sam2_TCAAGCAAGCTCCGAC-1","NK_cell","NK_cell"
"sam2_TCAAGCAAGTGGAATT-1","Pro-Myelocyte","Pro-Myelocyte"
"sam2_TCAAGCACAACATACC-1","T_cells","T_cells"
"sam2_TCAAGCACACCGGTCA-1","Macrophage","Macrophage"
"sam2_TCAAGCACACGACCTG-1","Fibroblasts","Fibroblasts"
"sam2_TCAAGCAGTCGTACTA-1","NK_cell","NK_cell"
"sam2_TCAAGCAGTCTTAGTG-1","Fibroblasts","Fibroblasts"
"sam2_TCAAGCAGTTGGCTAT-1","NK_cell","NK_cell"
"sam2_TCAAGCAGTTTGATCG-1","Fibroblasts","Fibroblasts"
"sam2_TCAAGCATCAACTGGT-1","Neurons","Neurons"
"sam2_TCAAGCATCAGGAGAC-1","Pre-B_cell_CD34-","Pre-B_cell_CD34-"
"sam2_TCAAGCATCGACGAGA-1","NK_cell","NK_cell"
"sam2_TCAAGTGAGAGCTGAC-1","Fibroblasts","Fibroblasts"
"sam2_TCAAGTGAGGGTACAC-1","T_cells","T_cells"
"sam2_TCAAGTGCAAGAGATT-1","Macrophage","Macrophage"
"sam2_TCAAGTGCACTAACGT-1","T_cells","T_cells"
"sam2_TCAAGTGCAGGCAATG-1","Smooth_muscle_cells","Smooth_muscle_cells"
"sam2_TCAAGTGGTCCGCAGT-1","Macrophage","Macrophage"
"sam2_TCAAGTGTCGCAATGT-1","NK_cell","NK_cell"
"sam2_TCAATCTAGACGAAGA-1","NK_cell","NK_cell"
"sam2_TCAATCTAGGCAGGTT-1","T_cells","T_cells"
"sam2_TCAATCTAGTTAACAG-1","Embryonic_stem_cells","Embryonic_stem_cells"
"sam2_TCAATCTCACAGACGA-1","Macrophage","Macrophage"
"sam2_TCAATCTCAGCACAAG-1","Macrophage","Macrophage"
"sam2_TCAATCTGTAGTCGGA-1","Fibroblasts","Fibroblasts"
"sam2_TCAATCTGTGACGCCT-1","T_cells","T_cells"
"sam2_TCAATCTTCGCTCATC-1","NK_cell","NK_cell"
"sam2_TCAATCTTCTCGCCTA-1","NK_cell","NK_cell"
"sam2_TCAATTCAGAGCAACC-1","Epithelial_cells","Epithelial_cells"
"sam2_TCAATTCAGCTTGTTG-1","GMP","GMP"
"sam2_TCAATTCAGGCTCTCG-1","Macrophage","Macrophage"
"sam2_TCAATTCAGTCAAGCG-1","Pre-B_cell_CD34-","Pre-B_cell_CD34-"
"sam2_TCAATTCCACTCATAG-1","Monocyte","Monocyte"
"sam2_TCAATTCGTCCTGTCT-1","T_cells","T_cells"
"sam2_TCAATTCTCCTCAGGG-1","T_cells","T_cells"
"sam2_TCACAAGAGACGCATG-1","Macrophage","Macrophage"
"sam2_TCACAAGAGTGCCGAA-1","Smooth_muscle_cells","Smooth_muscle_cells"
"sam2_TCACAAGCAAATGGTA-1","T_cells","T_cells"
"sam2_TCACAAGCAATTGTGC-1","T_cells","T_cells"
"sam2_TCACAAGCACCAACAT-1","NK_cell","NK_cell"
"sam2_TCACAAGCAGCTGTAT-1","Macrophage","Macrophage"
"sam2_TCACAAGGTCAAGCCC-1","T_cells","T_cells"
"sam2_TCACAAGGTCCCTGAG-1","Fibroblasts","Fibroblasts"
"sam2_TCACAAGGTCGTATGT-1","Epithelial_cells","Epithelial_cells"
"sam2_TCACAAGGTGCCTAAT-1","Chondrocytes","Chondrocytes"
"sam2_TCACAAGTCACCATCC-1","NK_cell","NK_cell"
"sam2_TCACACCAGACCCGCT-1","HSC_-G-CSF","HSC_-G-CSF"
"sam2_TCACACCAGTAGGATT-1","Macrophage","Macrophage"
"sam2_TCACACCCACCTTCCA-1","NK_cell","NK_cell"
"sam2_TCACACCCACTTTAGG-1","NK_cell","NK_cell"
"sam2_TCACACCCATAAGCGG-1","T_cells","T_cells"
"sam2_TCACACCGTGCCTGCA-1","Neurons","Neurons"
"sam2_TCACACCTCCATAAGC-1","NK_cell","NK_cell"
"sam2_TCACACCTCCGCAACG-1","T_cells","T_cells"
"sam2_TCACACCTCGACCATA-1","NK_cell","NK_cell"
"sam2_TCACATTAGTAACCGG-1","NK_cell","NK_cell"
"sam2_TCACATTGTTGCACGC-1","Pre-B_cell_CD34-","Pre-B_cell_CD34-"
"sam2_TCACATTGTTTGTTGG-1","Smooth_muscle_cells","Smooth_muscle_cells"
"sam2_TCACATTTCAGGGATG-1","Pre-B_cell_CD34-","Pre-B_cell_CD34-"
"sam2_TCACATTTCCAGTTCC-1","Macrophage","Macrophage"
"sam2_TCACATTTCCCAAGCG-1","Epithelial_cells","Epithelial_cells"
"sam2_TCACGCTCATCGAAGG-1","Macrophage","Macrophage"
"sam2_TCACGCTCATGTTACG-1","T_cells","T_cells"
"sam2_TCACGCTGTTAAACAG-1","Macrophage","Macrophage"
"sam2_TCACGGGAGCAACTCT-1","Endothelial_cells","Endothelial_cells"
"sam2_TCACGGGAGCCATTTG-1","Myelocyte","Myelocyte"
"sam2_TCACGGGAGTTGGAAT-1","Smooth_muscle_cells","Smooth_muscle_cells"
"sam2_TCACGGGCAAGTACCT-1","NK_cell","NK_cell"
"sam2_TCACGGGCACAATGCT-1","Smooth_muscle_cells","Smooth_muscle_cells"
"sam2_TCACGGGCACCCATAA-1","Fibroblasts","Fibroblasts"
"sam2_TCACGGGCAGAACTAA-1","Macrophage","Macrophage"
"sam2_TCACGGGCATCTCGTC-1","Chondrocytes","Chondrocytes"
"sam2_TCACGGGGTGTCTCCT-1","Macrophage","Macrophage"
"sam2_TCACGGGTCTAGTGTG-1","Smooth_muscle_cells","Smooth_muscle_cells"
"sam2_TCACTATAGGACCCAA-1","NK_cell","NK_cell"
"sam2_TCACTATCAGCTCTGG-1","T_cells","T_cells"
"sam2_TCACTATTCGCACGGT-1","NK_cell","NK_cell"
"sam2_TCACTCGCACCAATTG-1","T_cells","T_cells"
"sam2_TCACTCGCACCCTTAC-1","NK_cell","NK_cell"
"sam2_TCACTCGCATGGCGCT-1","Monocyte","Monocyte"
"sam2_TCACTCGTCAAGAGTA-1","NK_cell","NK_cell"
"sam2_TCAGCAAAGCCTGAAG-1","T_cells","T_cells"
"sam2_TCAGCAACAAGTCCAT-1","T_cells","T_cells"
"sam2_TCAGCAAGTACCTTCC-1","Epithelial_cells","Epithelial_cells"
"sam2_TCAGCAAGTCCTGAAT-1","Macrophage","Macrophage"
"sam2_TCAGCAAGTCTCGGAC-1","Macrophage","Macrophage"
"sam2_TCAGCAATCCCGAAAT-1","NK_cell","NK_cell"
"sam2_TCAGCAATCGTTCCTG-1","NK_cell","NK_cell"
"sam2_TCAGCCTAGGAGGGTG-1","Epithelial_cells","Epithelial_cells"
"sam2_TCAGCCTCACCGTCGA-1","T_cells","T_cells"
"sam2_TCAGCCTCAGAACCGA-1","Epithelial_cells","Epithelial_cells"
"sam2_TCAGCCTGTGCTCTTC-1","T_cells","T_cells"
"sam2_TCAGGGCAGCACCTGC-1","NK_cell","NK_cell"
"sam2_TCAGGGCCAAGAATGT-1","HSC_-G-CSF","HSC_-G-CSF"
"sam2_TCAGGGCGTATGCGTT-1","Fibroblasts","Fibroblasts"
"sam2_TCAGGGCGTTCCTAGA-1","Macrophage","Macrophage"
"sam2_TCAGGGCTCAGGACGA-1","Fibroblasts","Fibroblasts"
"sam2_TCAGGGCTCGCGTAGC-1","NK_cell","NK_cell"
"sam2_TCAGGTAAGGCAGGTT-1","Pre-B_cell_CD34-","Pre-B_cell_CD34-"
"sam2_TCAGGTACATCCTTGC-1","Smooth_muscle_cells","Smooth_muscle_cells"
"sam2_TCAGGTACATGGAGAC-1","Fibroblasts","Fibroblasts"
"sam2_TCAGGTAGTAAGTTAG-1","Smooth_muscle_cells","Smooth_muscle_cells"
"sam2_TCAGGTAGTCATGGCC-1","NK_cell","NK_cell"
"sam2_TCAGGTAGTGACGCCT-1","Monocyte","Monocyte"
"sam2_TCAGGTAGTTAATCGC-1","T_cells","T_cells"
"sam2_TCAGGTATCGATTGGT-1","T_cells","T_cells"
"sam2_TCAGGTATCTTGCGCT-1","T_cells","T_cells"
"sam2_TCAGTCCAGTCCGCGT-1","Monocyte","Monocyte"
"sam2_TCAGTCCAGTGACACG-1","T_cells","T_cells"
"sam2_TCAGTCCCAAGTTGGG-1","Macrophage","Macrophage"
"sam2_TCAGTCCTCGTGAGAG-1","T_cells","T_cells"
"sam2_TCAGTCCTCGTGGTAT-1","Fibroblasts","Fibroblasts"
"sam2_TCAGTGAAGCGTCGAA-1","Smooth_muscle_cells","Smooth_muscle_cells"
"sam2_TCAGTGAAGTTCAACC-1","Monocyte","Monocyte"
"sam2_TCAGTGAGTTAGAGTA-1","T_cells","T_cells"
"sam2_TCAGTGATCCTCACCA-1","Smooth_muscle_cells","Smooth_muscle_cells"
"sam2_TCAGTGATCCTTCTTC-1","B_cell","B_cell"
"sam2_TCAGTTTAGCACGATG-1","NK_cell","NK_cell"
"sam2_TCAGTTTAGGGCAGTT-1","Chondrocytes","Chondrocytes"
"sam2_TCAGTTTAGTACCCTA-1","NK_cell","NK_cell"
"sam2_TCAGTTTCACCTCGTT-1","Epithelial_cells","Epithelial_cells"
"sam2_TCAGTTTGTCCGTTTC-1","Keratinocytes","Keratinocytes"
"sam2_TCAGTTTGTTGTCATG-1","T_cells","T_cells"
"sam2_TCAGTTTTCACCATAG-1","Macrophage","Macrophage"
"sam2_TCAGTTTTCCCTCAAC-1","Epithelial_cells","Epithelial_cells"
"sam2_TCAGTTTTCTCATTAC-1","Neutrophils","Neutrophils"
"sam2_TCATACTAGTCACGAG-1","NK_cell","NK_cell"
"sam2_TCATACTTCTGTGTGA-1","Macrophage","Macrophage"
"sam2_TCATATCAGCACTCCG-1","Monocyte","Monocyte"
"sam2_TCATATCAGCATCAAA-1","T_cells","T_cells"
"sam2_TCATATCAGTACTCGT-1","Macrophage","Macrophage"
"sam2_TCATATCCACTGATTG-1","Fibroblasts","Fibroblasts"
"sam2_TCATATCCAGATAAAC-1","HSC_-G-CSF","HSC_-G-CSF"
"sam2_TCATCATAGAACGCGT-1","Fibroblasts","Fibroblasts"
"sam2_TCATCATAGGAACATT-1","T_cells","T_cells"
"sam2_TCATCATAGGGCCCTT-1","NK_cell","NK_cell"
"sam2_TCATCATCAACCCGCA-1","Monocyte","Monocyte"
"sam2_TCATCATCACGTATAC-1","T_cells","T_cells"
"sam2_TCATCATCATAGGTTC-1","NK_cell","NK_cell"
"sam2_TCATCATGTACCATAC-1","NK_cell","NK_cell"
"sam2_TCATCATGTCAGTCGC-1","Monocyte","Monocyte"
"sam2_TCATCATTCAGCTTGA-1","Epithelial_cells","Epithelial_cells"
"sam2_TCATCATTCCTAAACG-1","NK_cell","NK_cell"
"sam2_TCATCATTCTAAGGAA-1","Epithelial_cells","Epithelial_cells"
"sam2_TCATCCGAGAATTGTG-1","Pre-B_cell_CD34-","Pre-B_cell_CD34-"
"sam2_TCATCCGAGACGCAGT-1","Fibroblasts","Fibroblasts"
"sam2_TCATCCGAGCAGCAGT-1","Pre-B_cell_CD34-","Pre-B_cell_CD34-"
"sam2_TCATCCGAGCGTACAG-1","NK_cell","NK_cell"
"sam2_TCATCCGAGCTCTATG-1","Macrophage","Macrophage"
"sam2_TCATCCGAGTGATCGG-1","T_cells","T_cells"
"sam2_TCATCCGCACACGTGC-1","NK_cell","NK_cell"
"sam2_TCATCCGCATATAGCC-1","NK_cell","NK_cell"
"sam2_TCATCCGGTCGATTAC-1","Macrophage","Macrophage"
"sam2_TCATCCGTCCTAAGTG-1","NK_cell","NK_cell"
"sam2_TCATCCGTCCTGGGAC-1","Macrophage","Macrophage"
"sam2_TCATCCGTCGAACTCA-1","Macrophage","Macrophage"
"sam2_TCATGAGCAGGTCCCA-1","Macrophage","Macrophage"
"sam2_TCATGAGGTCATATGC-1","Macrophage","Macrophage"
"sam2_TCATGAGGTCTGTGAT-1","Macrophage","Macrophage"
"sam2_TCATGCCAGAGCAGCT-1","Macrophage","Macrophage"
"sam2_TCATGCCAGCGACTGA-1","Macrophage","Macrophage"
"sam2_TCATGCCCAGTCAGCC-1","NK_cell","NK_cell"
"sam2_TCATGCCCATCACCAA-1","Epithelial_cells","Epithelial_cells"
"sam2_TCATGCCGTACAAGCG-1","T_cells","T_cells"
"sam2_TCATGCCGTCATCCCT-1","NK_cell","NK_cell"
"sam2_TCATGCCGTGAACGGT-1","Epithelial_cells","Epithelial_cells"
"sam2_TCATGCCTCGCCTATC-1","NK_cell","NK_cell"
"sam2_TCATGGAAGCGCCTCA-1","Fibroblasts","Fibroblasts"
"sam2_TCATGGACAACTTCTT-1","Macrophage","Macrophage"
"sam2_TCATGGACAGCTTTGA-1","NK_cell","NK_cell"
"sam2_TCATGGAGTAGTACGG-1","HSC_-G-CSF","HSC_-G-CSF"
"sam2_TCATGGAGTGGATGAC-1","Macrophage","Macrophage"
"sam2_TCATGGATCCGTAGTA-1","Macrophage","Macrophage"
"sam2_TCATGGATCTAACGGT-1","Fibroblasts","Fibroblasts"
"sam2_TCATGGATCTGACGCG-1","T_cells","T_cells"
"sam2_TCATGTTAGATTTGCC-1","HSC_-G-CSF","HSC_-G-CSF"
"sam2_TCATGTTCACGCGCAT-1","Neutrophils","Neutrophils"
"sam2_TCATGTTCAGTAGTGG-1","NK_cell","NK_cell"
"sam2_TCATGTTCAGTATGAA-1","NK_cell","NK_cell"
"sam2_TCATGTTCATGACGAG-1","Macrophage","Macrophage"
"sam2_TCATGTTGTGATAGAT-1","Neutrophils","Neutrophils"
"sam2_TCATGTTTCTCTATAC-1","Macrophage","Macrophage"
"sam2_TCATTACAGATACATG-1","NK_cell","NK_cell"
"sam2_TCATTACCAAATAAGC-1","T_cells","T_cells"
"sam2_TCATTACCAACTGCTA-1","T_cells","T_cells"
"sam2_TCATTACCACTCCGAG-1","Macrophage","Macrophage"
"sam2_TCATTACCATAGGCGA-1","Fibroblasts","Fibroblasts"
"sam2_TCATTACGTGCCTTCT-1","HSC_-G-CSF","HSC_-G-CSF"
"sam2_TCATTACGTTCCGTTC-1","Smooth_muscle_cells","Smooth_muscle_cells"
"sam2_TCATTACGTTCTCTCG-1","Epithelial_cells","Epithelial_cells"
"sam2_TCATTACTCCTGCCAT-1","T_cells","T_cells"
"sam2_TCATTACTCGGCTATA-1","NK_cell","NK_cell"
"sam2_TCATTACTCTTTGATC-1","HSC_-G-CSF","HSC_-G-CSF"
"sam2_TCATTCAAGAAGGATG-1","Epithelial_cells","Epithelial_cells"
"sam2_TCATTCAAGCAAGGAA-1","Macrophage","Macrophage"
"sam2_TCATTCACACTCCGAG-1","T_cells","T_cells"
"sam2_TCATTCAGTCCACGCA-1","NK_cell","NK_cell"
"sam2_TCATTCAGTGGTCTGC-1","T_cells","T_cells"
"sam2_TCATTCATCACCGACG-1","Epithelial_cells","Epithelial_cells"
"sam2_TCATTGTAGCAACTTC-1","Epithelial_cells","Epithelial_cells"
"sam2_TCATTGTAGCCAAGTG-1","Astrocyte","Astrocyte"
"sam2_TCATTGTAGGGTAGCT-1","Smooth_muscle_cells","Smooth_muscle_cells"
"sam2_TCATTGTAGTCATCCA-1","NK_cell","NK_cell"
"sam2_TCATTGTAGTGTACAA-1","Fibroblasts","Fibroblasts"
"sam2_TCATTGTTCCACTTCG-1","Chondrocytes","Chondrocytes"
"sam2_TCATTGTTCGAGCACC-1","T_cells","T_cells"
"sam2_TCATTTGAGATGGCGT-1","Smooth_muscle_cells","Smooth_muscle_cells"
"sam2_TCATTTGAGCACTAGG-1","T_cells","T_cells"
"sam2_TCATTTGAGGTTATAG-1","Macrophage","Macrophage"
"sam2_TCATTTGCAGGCTACC-1","Epithelial_cells","Epithelial_cells"
"sam2_TCATTTGGTCTGTAAC-1","Pre-B_cell_CD34-","Pre-B_cell_CD34-"
"sam2_TCATTTGGTGATGGCA-1","Smooth_muscle_cells","Smooth_muscle_cells"
"sam2_TCATTTGTCAACGCTA-1","Macrophage","Macrophage"
"sam2_TCATTTGTCATGGCCG-1","HSC_-G-CSF","HSC_-G-CSF"
"sam2_TCCACCAAGGTAGCAC-1","NK_cell","NK_cell"
"sam2_TCCACCAAGGTGTGAC-1","T_cells","T_cells"
"sam2_TCCACCAAGTCTCCTC-1","NK_cell","NK_cell"
"sam2_TCCACCACAGCAGTTT-1","Fibroblasts","Fibroblasts"
"sam2_TCCACCACATTGGATC-1","Macrophage","Macrophage"
"sam2_TCCACCAGTGTAACGG-1","Chondrocytes","Chondrocytes"
"sam2_TCCACCATCCGAGCTG-1","T_cells","T_cells"
"sam2_TCCACCATCTTACGGA-1","T_cells","T_cells"
"sam2_TCCACGTCAACACAGG-1","Macrophage","Macrophage"
"sam2_TCCACGTGTAAGGCCA-1","NK_cell","NK_cell"
"sam2_TCCACGTGTCCAGGTC-1","T_cells","T_cells"
"sam2_TCCACGTTCCAGCAAT-1","Pre-B_cell_CD34-","Pre-B_cell_CD34-"
"sam2_TCCACGTTCCATAAGC-1","Macrophage","Unassigned"
"sam2_TCCACGTTCGACATAC-1","T_cells","T_cells"
"sam2_TCCAGAAAGAAACCCG-1","NK_cell","NK_cell"
"sam2_TCCAGAAAGACCCGCT-1","T_cells","T_cells"
"sam2_TCCAGAAAGGGTGGGA-1","Smooth_muscle_cells","Smooth_muscle_cells"
"sam2_TCCAGAATCGAAGTGG-1","Macrophage","Macrophage"
"sam2_TCCATCGAGACCAGAC-1","Pro-B_cell_CD34+","Pro-B_cell_CD34+"
"sam2_TCCATCGAGCACGGAT-1","Macrophage","Macrophage"
"sam2_TCCATCGAGCTTCTAG-1","T_cells","T_cells"
"sam2_TCCATCGAGGTCACTT-1","Epithelial_cells","Epithelial_cells"
"sam2_TCCATCGAGTCAATCC-1","Pre-B_cell_CD34-","Pre-B_cell_CD34-"
"sam2_TCCATCGCACCTCTAC-1","T_cells","T_cells"
"sam2_TCCATCGCACGATAGG-1","Fibroblasts","Fibroblasts"
"sam2_TCCATCGGTCTTCGAA-1","T_cells","T_cells"
"sam2_TCCATCGTCACGATAC-1","Macrophage","Macrophage"
"sam2_TCCATCGTCCGAGAAG-1","Macrophage","Macrophage"
"sam2_TCCATCGTCGGTGTAT-1","T_cells","T_cells"
"sam2_TCCATCGTCTATTCGT-1","Pre-B_cell_CD34-","Pre-B_cell_CD34-"
"sam2_TCCATGCAGCTTACGT-1","Epithelial_cells","Epithelial_cells"
"sam2_TCCATGCGTAGTATAG-1","Smooth_muscle_cells","Smooth_muscle_cells"
"sam2_TCCATGCGTATTGACC-1","NK_cell","NK_cell"
"sam2_TCCCACAAGCATCCTA-1","Pre-B_cell_CD34-","Pre-B_cell_CD34-"
"sam2_TCCCACAAGCCTCGTG-1","Macrophage","Macrophage"
"sam2_TCCCACACAAGATGGC-1","NK_cell","NK_cell"
"sam2_TCCCACACAAGGCCTC-1","Pre-B_cell_CD34-","Pre-B_cell_CD34-"
"sam2_TCCCACACAGACAAGC-1","T_cells","T_cells"
"sam2_TCCCAGTAGTATAGGT-1","NK_cell","NK_cell"
"sam2_TCCCAGTAGTGGAAAG-1","HSC_CD34+","HSC_CD34+"
"sam2_TCCCAGTGTAGTTAGA-1","Pre-B_cell_CD34-","Pre-B_cell_CD34-"
"sam2_TCCCAGTGTCGTGTTA-1","T_cells","T_cells"
"sam2_TCCCAGTGTCTGGTTA-1","NK_cell","NK_cell"
"sam2_TCCCAGTTCCATCTAT-1","Pre-B_cell_CD34-","Pre-B_cell_CD34-"
"sam2_TCCCATGCAAGTTCCA-1","Macrophage","Macrophage"
"sam2_TCCCATGCATGACCCG-1","Epithelial_cells","Epithelial_cells"
"sam2_TCCCATGGTAGTACGG-1","Macrophage","Macrophage"
"sam2_TCCCATGGTGAAGCGT-1","Epithelial_cells","Epithelial_cells"
"sam2_TCCCATGTCGACGTCG-1","Macrophage","Macrophage"
"sam2_TCCCATGTCTGTACAG-1","T_cells","T_cells"
"sam2_TCCGAAACAAGACGAC-1","NK_cell","NK_cell"
"sam2_TCCGAAAGTGTTACTG-1","Smooth_muscle_cells","Smooth_muscle_cells"
"sam2_TCCGAAATCCACGGAC-1","Fibroblasts","Fibroblasts"
"sam2_TCCGATCAGCGAATGC-1","T_cells","T_cells"
"sam2_TCCGATCAGGGCCTCT-1","Macrophage","Macrophage"
"sam2_TCCGATCCAACCGCCA-1","Macrophage","Macrophage"
"sam2_TCCGATCCATTGAAGA-1","Macrophage","Macrophage"
"sam2_TCCGATCGTAACATGA-1","NK_cell","NK_cell"
"sam2_TCCGATCTCCTCATAT-1","NK_cell","NK_cell"
"sam2_TCCGATCTCGCGATCG-1","BM","BM"
"sam2_TCCGGGACATGCCGCA-1","Pre-B_cell_CD34-","Pre-B_cell_CD34-"
"sam2_TCCGGGAGTAGGTGCA-1","NK_cell","NK_cell"
"sam2_TCCGTGTCAAAGGCGT-1","Smooth_muscle_cells","Smooth_muscle_cells"
"sam2_TCCGTGTCAACCGTGC-1","T_cells","T_cells"
"sam2_TCCGTGTCAACGTTAC-1","Hepatocytes","Hepatocytes"
"sam2_TCCGTGTGTGTTACAC-1","Macrophage","Macrophage"
"sam2_TCCGTGTGTGTTTGCA-1","Chondrocytes","Chondrocytes"
"sam2_TCCTAATCATTCTCCG-1","NK_cell","NK_cell"
"sam2_TCCTAATGTGATACAA-1","T_cells","T_cells"
"sam2_TCCTCCCAGCAAGGAA-1","Macrophage","Macrophage"
"sam2_TCCTCCCCACTCAAGT-1","T_cells","T_cells"
"sam2_TCCTCCCCATGGAGAC-1","Monocyte","Monocyte"
"sam2_TCCTCCCGTCACTCTC-1","Macrophage","Macrophage"
"sam2_TCCTCCCGTCCTGGTG-1","Macrophage","Macrophage"
"sam2_TCCTCCCTCTACTGAG-1","T_cells","T_cells"
"sam2_TCCTCGAAGACGACTG-1","NK_cell","NK_cell"
"sam2_TCCTCGAAGCATTGTC-1","NK_cell","NK_cell"
"sam2_TCCTCGACACGTAGAG-1","Macrophage","Macrophage"
"sam2_TCCTCGAGTCACGCTG-1","iPS_cells","iPS_cells"
"sam2_TCCTCGATCAGAGCAG-1","Fibroblasts","Fibroblasts"
"sam2_TCCTCGATCCCACAGG-1","Smooth_muscle_cells","Smooth_muscle_cells"
"sam2_TCCTCGATCCCATAAG-1","Epithelial_cells","Epithelial_cells"
"sam2_TCCTCGATCTGCTCTG-1","Smooth_muscle_cells","Smooth_muscle_cells"
"sam2_TCCTCTTAGACTACGG-1","HSC_-G-CSF","HSC_-G-CSF"
"sam2_TCCTCTTAGTAGCAAT-1","Monocyte","Monocyte"
"sam2_TCCTCTTCATTGGATC-1","Chondrocytes","Chondrocytes"
"sam2_TCCTCTTGTAATCAGA-1","Neutrophils","Neutrophils"
"sam2_TCCTCTTGTTTGGAGG-1","Smooth_muscle_cells","Smooth_muscle_cells"
"sam2_TCCTCTTTCTAGTTCT-1","T_cells","T_cells"
"sam2_TCCTCTTTCTGGTGGC-1","T_cells","T_cells"
"sam2_TCCTCTTTCTTCCAGC-1","Macrophage","Macrophage"
"sam2_TCCTGCAAGTTATGGA-1","Epithelial_cells","Epithelial_cells"
"sam2_TCCTGCAGTCTGCATA-1","NK_cell","NK_cell"
"sam2_TCCTGCAGTTGCTCCT-1","Keratinocytes","Keratinocytes"
"sam2_TCCTGCATCTATCGTT-1","Pre-B_cell_CD34-","Pre-B_cell_CD34-"
"sam2_TCCTTCTAGCTAGATA-1","Macrophage","Macrophage"
"sam2_TCCTTCTCAAGCGCTC-1","HSC_-G-CSF","HSC_-G-CSF"
"sam2_TCCTTCTCATTGCTTT-1","Macrophage","Unassigned"
"sam2_TCCTTCTGTGGTCAAG-1","NK_cell","NK_cell"
"sam2_TCCTTTCAGGCTTTCA-1","HSC_-G-CSF","HSC_-G-CSF"
"sam2_TCCTTTCAGTGGATTA-1","Pre-B_cell_CD34-","Pre-B_cell_CD34-"
"sam2_TCCTTTCAGTTGCGCC-1","iPS_cells","iPS_cells"
"sam2_TCCTTTCGTCGAGTTT-1","T_cells","T_cells"
"sam2_TCGAACAAGCAAGTGC-1","NK_cell","NK_cell"
"sam2_TCGAACAAGGTCCCTG-1","Pre-B_cell_CD34-","Pre-B_cell_CD34-"
"sam2_TCGAACAAGTCGTTAC-1","T_cells","T_cells"
"sam2_TCGAACACAAAGCTCT-1","T_cells","T_cells"
"sam2_TCGAACACACCTGCAG-1","Smooth_muscle_cells","Smooth_muscle_cells"
"sam2_TCGAACACACTCTGCT-1","T_cells","T_cells"
"sam2_TCGAACACAGCACCCA-1","HSC_-G-CSF","HSC_-G-CSF"
"sam2_TCGAACAGTAACATAG-1","Fibroblasts","Fibroblasts"
"sam2_TCGAACATCGCCTATC-1","Macrophage","Macrophage"
"sam2_TCGAACATCGTCAAAC-1","GMP","GMP"
"sam2_TCGAAGTAGTAGTCCT-1","Epithelial_cells","Epithelial_cells"
"sam2_TCGAAGTCAAGCACCC-1","DC","DC"
"sam2_TCGAAGTGTAGCGCCT-1","T_cells","T_cells"
"sam2_TCGAAGTGTCTGTCAA-1","Epithelial_cells","Epithelial_cells"
"sam2_TCGAAGTTCCGGTTCT-1","T_cells","T_cells"
"sam2_TCGACCTCAACGTAAA-1","Macrophage","Macrophage"
"sam2_TCGACGGAGAGATGCC-1","NK_cell","NK_cell"
"sam2_TCGACGGAGCACCGAA-1","NK_cell","NK_cell"
"sam2_TCGACGGAGTGATAGT-1","NK_cell","NK_cell"
"sam2_TCGACGGGTCATAACC-1","Macrophage","Macrophage"
"sam2_TCGACGGTCGCTATTT-1","NK_cell","NK_cell"
"sam2_TCGATTTAGGATTTGA-1","NK_cell","NK_cell"
"sam2_TCGATTTCAGACCAAG-1","Fibroblasts","Fibroblasts"
"sam2_TCGATTTCATAGAGGC-1","T_cells","T_cells"
"sam2_TCGATTTTCAAAGACA-1","NK_cell","NK_cell"
"sam2_TCGATTTTCCCTTCCC-1","Epithelial_cells","Epithelial_cells"
"sam2_TCGATTTTCGACTCCT-1","Pre-B_cell_CD34-","Pre-B_cell_CD34-"
"sam2_TCGCACTAGTTCCGGC-1","Pre-B_cell_CD34-","Pre-B_cell_CD34-"
"sam2_TCGCACTCATTGTACG-1","Tissue_stem_cells","Tissue_stem_cells"
"sam2_TCGCACTGTAACATGA-1","NK_cell","NK_cell"
"sam2_TCGCACTGTCGCTTAA-1","NK_cell","NK_cell"
"sam2_TCGCACTGTGGCGCTT-1","Macrophage","Macrophage"
"sam2_TCGCACTTCACTGCTC-1","Monocyte","Monocyte"
"sam2_TCGCACTTCCCTCTAG-1","T_cells","T_cells"
"sam2_TCGCACTTCCGCTAGG-1","Monocyte","Monocyte"
"sam2_TCGCACTTCCTAAACG-1","Pre-B_cell_CD34-","Pre-B_cell_CD34-"
"sam2_TCGCACTTCCTCTCGA-1","T_cells","T_cells"
"sam2_TCGCACTTCGCTGTTC-1","Macrophage","Macrophage"
"sam2_TCGCAGGAGCCTTTCC-1","Macrophage","Macrophage"
"sam2_TCGCAGGAGGCACTCC-1","Macrophage","Macrophage"
"sam2_TCGCAGGCAAGTGGAC-1","Fibroblasts","Fibroblasts"
"sam2_TCGCAGGTCCAGTTCC-1","Pro-Myelocyte","Pro-Myelocyte"
"sam2_TCGCTCATCGGCACTG-1","NK_cell","NK_cell"
"sam2_TCGCTTGCAATCTCGA-1","Fibroblasts","Fibroblasts"
"sam2_TCGCTTGCACCCAATA-1","HSC_-G-CSF","HSC_-G-CSF"
"sam2_TCGCTTGCATTATGCG-1","NK_cell","NK_cell"
"sam2_TCGCTTGGTACCACGC-1","Epithelial_cells","Epithelial_cells"
"sam2_TCGCTTGGTACGCTTA-1","T_cells","T_cells"
"sam2_TCGCTTGGTCCCACGA-1","NK_cell","NK_cell"
"sam2_TCGCTTGTCTACTCAT-1","Epithelial_cells","Epithelial_cells"
"sam2_TCGCTTGTCTTGAGCA-1","Pre-B_cell_CD34-","Pre-B_cell_CD34-"
"sam2_TCGGATAGTCTTGTCC-1","HSC_-G-CSF","HSC_-G-CSF"
"sam2_TCGGATAGTGAGAGGG-1","Fibroblasts","Fibroblasts"
"sam2_TCGGATAGTGCAGTGA-1","T_cells","T_cells"
"sam2_TCGGATATCACACCCT-1","Smooth_muscle_cells","Smooth_muscle_cells"
"sam2_TCGGGACGTCAGCTTA-1","Fibroblasts","Fibroblasts"
"sam2_TCGGGACGTGATATAG-1","Macrophage","Macrophage"
"sam2_TCGGGCAAGACATCCT-1","Pre-B_cell_CD34-","Pre-B_cell_CD34-"
"sam2_TCGGGCAAGGAACATT-1","Epithelial_cells","Epithelial_cells"
"sam2_TCGGGCACAACTTCTT-1","Epithelial_cells","Epithelial_cells"
"sam2_TCGGGCACAAGTCCAT-1","Osteoblasts","Osteoblasts"
"sam2_TCGGGCACATACTGTG-1","NK_cell","NK_cell"
"sam2_TCGGGCATCGCTGATA-1","NK_cell","NK_cell"
"sam2_TCGGGCATCTTAGCAG-1","T_cells","T_cells"
"sam2_TCGGGTGTCTATCACT-1","NK_cell","NK_cell"
"sam2_TCGGTCTAGAGCATCG-1","NK_cell","NK_cell"
"sam2_TCGGTCTAGTTACTCG-1","Macrophage","Macrophage"
"sam2_TCGGTCTGTTTGTTCT-1","Epithelial_cells","Epithelial_cells"
"sam2_TCGGTCTTCATTCGGA-1","Fibroblasts","Fibroblasts"
"sam2_TCGGTCTTCGATCCCT-1","T_cells","T_cells"
"sam2_TCGGTCTTCTTCCACG-1","Epithelial_cells","Epithelial_cells"
"sam2_TCGTAGAAGATCCGAG-1","Macrophage","Macrophage"
"sam2_TCGTAGACACCAGTTA-1","Macrophage","Macrophage"
"sam2_TCGTAGAGTACAGTCT-1","Macrophage","Macrophage"
"sam2_TCGTAGAGTAGTCGGA-1","CMP","CMP"
"sam2_TCGTAGAGTCAGTCGC-1","T_cells","T_cells"
"sam2_TCGTAGATCACACCCT-1","T_cells","T_cells"
"sam2_TCGTCCAAGCAATAAC-1","Fibroblasts","Fibroblasts"
"sam2_TCGTCCAAGGTGATAT-1","Macrophage","Macrophage"
"sam2_TCGTCCAGTCGAACGA-1","NK_cell","NK_cell"
"sam2_TCGTCCATCGAACGGA-1","NK_cell","NK_cell"
"sam2_TCGTCCATCTGTTGGA-1","Epithelial_cells","Epithelial_cells"
"sam2_TCGTGCTAGCAATAGT-1","Fibroblasts","Fibroblasts"
"sam2_TCGTGCTAGCTGTCCG-1","Macrophage","Macrophage"
"sam2_TCGTGCTAGTATAGGT-1","NK_cell","NK_cell"
"sam2_TCGTGCTCAGGCGAAT-1","NK_cell","NK_cell"
"sam2_TCGTGCTTCCACGGGT-1","Fibroblasts","Fibroblasts"
"sam2_TCGTGCTTCTCCGAGG-1","Macrophage","Macrophage"
"sam2_TCGTGGGAGTGCTCAT-1","T_cells","T_cells"
"sam2_TCGTGGGAGTGGATTA-1","Macrophage","Macrophage"
"sam2_TCGTGGGCACACCTTC-1","Fibroblasts","Fibroblasts"
"sam2_TCGTGGGCATGCCGCA-1","Monocyte","Monocyte"
"sam2_TCGTGGGGTAGTACGG-1","HSC_-G-CSF","HSC_-G-CSF"
"sam2_TCGTGGGTCCAAATGC-1","Fibroblasts","Fibroblasts"
"sam2_TCTAACTAGAGGTTAT-1","Monocyte","Monocyte"
"sam2_TCTAACTAGCATGGGT-1","T_cells","T_cells"
"sam2_TCTAACTCACCTGCGA-1","Neutrophils","Neutrophils"
"sam2_TCTAACTCAGCTGGTC-1","Macrophage","Macrophage"
"sam2_TCTAACTGTGCGAACA-1","HSC_-G-CSF","HSC_-G-CSF"
"sam2_TCTAACTTCCACACCT-1","T_cells","T_cells"
"sam2_TCTAACTTCCAGTTCC-1","Epithelial_cells","Epithelial_cells"
"sam2_TCTAACTTCCTCACCA-1","Macrophage","Macrophage"
"sam2_TCTACATCAACACGAG-1","Smooth_muscle_cells","Smooth_muscle_cells"
"sam2_TCTACATCAGCCGTCA-1","Epithelial_cells","Epithelial_cells"
"sam2_TCTACATGTATGTCCA-1","Chondrocytes","Unassigned"
"sam2_TCTACATGTGGCTTGC-1","Fibroblasts","Fibroblasts"
"sam2_TCTACATTCCTCTCTT-1","T_cells","T_cells"
"sam2_TCTACATTCTCGTCGT-1","Macrophage","Macrophage"
"sam2_TCTACCGAGGCTAAAT-1","Pre-B_cell_CD34-","Pre-B_cell_CD34-"
"sam2_TCTACCGCACCGTGAC-1","T_cells","T_cells"
"sam2_TCTACCGGTATCCTTT-1","NK_cell","NK_cell"
"sam2_TCTACCGTCGACACCG-1","NK_cell","NK_cell"
"sam2_TCTACCGTCGCCCAGA-1","NK_cell","NK_cell"
"sam2_TCTATACAGGTAGGCT-1","Pre-B_cell_CD34-","Pre-B_cell_CD34-"
"sam2_TCTATACCACAGTCGC-1","Pro-Myelocyte","Pro-Myelocyte"
"sam2_TCTATACTCCCAACTC-1","Epithelial_cells","Epithelial_cells"
"sam2_TCTATACTCGGCCCAA-1","BM","BM"
"sam2_TCTATCAAGACCTCAT-1","T_cells","T_cells"
"sam2_TCTATCAAGCATCTTG-1","T_cells","T_cells"
"sam2_TCTATCAAGGCGACAT-1","Macrophage","Macrophage"
"sam2_TCTATCACAATGTCAC-1","HSC_-G-CSF","HSC_-G-CSF"
"sam2_TCTATCACACATGAAA-1","Fibroblasts","Fibroblasts"
"sam2_TCTATCACATATGGCT-1","T_cells","T_cells"
"sam2_TCTATCAGTATCGTTG-1","Macrophage","Macrophage"
"sam2_TCTATCAGTGCAGGAT-1","Chondrocytes","Chondrocytes"
"sam2_TCTCACGAGGAACTCG-1","Fibroblasts","Fibroblasts"
"sam2_TCTCACGCACGACGCT-1","T_cells","T_cells"
"sam2_TCTCACGCATACATCG-1","T_cells","T_cells"
"sam2_TCTCACGGTGATTAGA-1","T_cells","T_cells"
"sam2_TCTCACGTCCGATAAC-1","NK_cell","NK_cell"
"sam2_TCTCACGTCCTTATGT-1","T_cells","T_cells"
"sam2_TCTCAGCAGCAGATAT-1","T_cells","T_cells"
"sam2_TCTCAGCAGCGCCTCA-1","Pre-B_cell_CD34-","Pre-B_cell_CD34-"
"sam2_TCTCAGCAGGGTTTCT-1","NK_cell","NK_cell"
"sam2_TCTCAGCAGTCCTGCG-1","Pro-B_cell_CD34+","Pro-B_cell_CD34+"
"sam2_TCTCAGCCAACAACAA-1","Pro-B_cell_CD34+","Pro-B_cell_CD34+"
"sam2_TCTCAGCCAGGGTTGA-1","Macrophage","Macrophage"
"sam2_TCTCAGCTCTCCGAGG-1","Fibroblasts","Fibroblasts"
"sam2_TCTCCGAAGAATCGTA-1","T_cells","T_cells"
"sam2_TCTCCGAAGGGTGGGA-1","NK_cell","NK_cell"
"sam2_TCTCCGAGTAGCTAAA-1","Macrophage","Macrophage"
"sam2_TCTCCGATCAGCTGAT-1","T_cells","T_cells"
"sam2_TCTCCGATCTTTGCTA-1","Macrophage","Macrophage"
"sam2_TCTCTGGAGGAAAGGT-1","NK_cell","NK_cell"
"sam2_TCTCTGGCACCCTGAG-1","Smooth_muscle_cells","Smooth_muscle_cells"
"sam2_TCTCTGGCACGTATAC-1","T_cells","T_cells"
"sam2_TCTCTGGCAGCCCAGT-1","Endothelial_cells","Endothelial_cells"
"sam2_TCTCTGGCAGTGTACT-1","Chondrocytes","Chondrocytes"
"sam2_TCTCTGGCATCTAGAC-1","Fibroblasts","Fibroblasts"
"sam2_TCTCTGGGTACGGCAA-1","Smooth_muscle_cells","Smooth_muscle_cells"
"sam2_TCTCTGGGTTACCTTT-1","T_cells","T_cells"
"sam2_TCTCTGGTCCAAGCTA-1","Embryonic_stem_cells","Embryonic_stem_cells"
"sam2_TCTCTGGTCGGAACTT-1","Smooth_muscle_cells","Smooth_muscle_cells"
"sam2_TCTGCCACAATGACCT-1","Fibroblasts","Fibroblasts"
"sam2_TCTGCCACAGAACTCT-1","NK_cell","NK_cell"
"sam2_TCTGCCACATTACTCT-1","Epithelial_cells","Epithelial_cells"
"sam2_TCTGGCTAGTGAGCCA-1","NK_cell","NK_cell"
"sam2_TCTGGCTCAACCTATG-1","T_cells","T_cells"
"sam2_TCTGGCTCAGTATACC-1","NK_cell","NK_cell"
"sam2_TCTGGCTGTAAGGCTG-1","Macrophage","Macrophage"
"sam2_TCTGGCTGTCACCGAC-1","Epithelial_cells","Epithelial_cells"
"sam2_TCTGGCTTCACTGGTA-1","T_cells","T_cells"
"sam2_TCTGGCTTCCTTCAGC-1","Macrophage","Macrophage"
"sam2_TCTGTCGAGAGTGAAG-1","HSC_-G-CSF","HSC_-G-CSF"
"sam2_TCTGTCGAGATCCAAA-1","NK_cell","NK_cell"
"sam2_TCTGTCGAGATGGCGT-1","GMP","GMP"
"sam2_TCTGTCGCAAGACGGT-1","Smooth_muscle_cells","Smooth_muscle_cells"
"sam2_TCTGTCGCATGAGAAT-1","Macrophage","Macrophage"
"sam2_TCTGTCGGTCATCGGC-1","T_cells","T_cells"
"sam2_TCTGTCGGTTCATCGA-1","T_cells","T_cells"
"sam2_TCTGTCGGTTGTGTTG-1","Macrophage","Macrophage"
"sam2_TCTTAGTAGGCCTTCG-1","Fibroblasts","Fibroblasts"
"sam2_TCTTAGTAGTATTAGG-1","Macrophage","Macrophage"
"sam2_TCTTAGTCATGACACT-1","Fibroblasts","Fibroblasts"
"sam2_TCTTAGTGTACTGAGG-1","Macrophage","Macrophage"
"sam2_TCTTAGTTCGAACCAT-1","NK_cell","NK_cell"
"sam2_TCTTCCTAGACGAGCT-1","Epithelial_cells","Epithelial_cells"
"sam2_TCTTCCTCAAGAGAGA-1","NK_cell","NK_cell"
"sam2_TCTTCCTCAATTGTGC-1","HSC_-G-CSF","HSC_-G-CSF"
"sam2_TCTTCCTGTATACGGG-1","T_cells","T_cells"
"sam2_TCTTCCTGTCCAAATC-1","Fibroblasts","Fibroblasts"
"sam2_TCTTCCTTCCATCAGA-1","Pre-B_cell_CD34-","Pre-B_cell_CD34-"
"sam2_TCTTCCTTCGATTGAC-1","Epithelial_cells","Epithelial_cells"
"sam2_TCTTGCGAGCTGCCAC-1","Macrophage","Macrophage"
"sam2_TCTTGCGCAAAGCGTG-1","T_cells","T_cells"
"sam2_TCTTGCGGTACTGAGG-1","NK_cell","NK_cell"
"sam2_TCTTGCGGTAGAGTTA-1","Epithelial_cells","Epithelial_cells"
"sam2_TCTTGCGGTCGCTGCA-1","NK_cell","NK_cell"
"sam2_TCTTGCGTCCTTATAC-1","T_cells","T_cells"
"sam2_TCTTTGAGTAGGCTCC-1","T_cells","T_cells"
"sam2_TCTTTGATCCCATGGG-1","Macrophage","Unassigned"
"sam2_TCTTTGATCTGACGCG-1","HSC_-G-CSF","HSC_-G-CSF"
"sam2_TGAACGTAGTATAACG-1","Myelocyte","Myelocyte"
"sam2_TGAACGTGTACTGCCG-1","Fibroblasts","Fibroblasts"
"sam2_TGAACGTGTGTTGCCG-1","Endothelial_cells","Endothelial_cells"
"sam2_TGAACGTTCGTCGCTT-1","Epithelial_cells","Epithelial_cells"
"sam2_TGAACGTTCGTGGTAT-1","T_cells","T_cells"
"sam2_TGAACGTTCTTACCGC-1","Smooth_muscle_cells","Smooth_muscle_cells"
"sam2_TGAATCGAGAAACACT-1","Pre-B_cell_CD34-","Pre-B_cell_CD34-"
"sam2_TGAATCGAGGTCTTTG-1","BM","BM"
"sam2_TGAATCGAGTTCAACC-1","NK_cell","NK_cell"
"sam2_TGAATCGCAATCAGCT-1","T_cells","T_cells"
"sam2_TGAATCGCACGTTCGG-1","T_cells","T_cells"
"sam2_TGAATCGCAGTTAGGG-1","Epithelial_cells","Epithelial_cells"
"sam2_TGAATCGGTCTTCAAG-1","Macrophage","Macrophage"
"sam2_TGAATCGTCTATTCGT-1","Macrophage","Macrophage"
"sam2_TGAATGCCAGGTAGTG-1","T_cells","T_cells"
"sam2_TGAATGCCATAGAGGC-1","T_cells","T_cells"
"sam2_TGAATGCTCATAGCAC-1","NK_cell","NK_cell"
"sam2_TGAATGCTCCATTGGA-1","Macrophage","Macrophage"
"sam2_TGACAGTCAAGAGTTA-1","Epithelial_cells","Epithelial_cells"
"sam2_TGACAGTCATCCGTGG-1","HSC_-G-CSF","HSC_-G-CSF"
"sam2_TGACAGTCATGGCACC-1","Macrophage","Macrophage"
"sam2_TGACAGTGTATCGCGC-1","T_cells","T_cells"
"sam2_TGACAGTTCCACATAG-1","Epithelial_cells","Epithelial_cells"
"sam2_TGACCCTAGTAAGCAT-1","T_cells","T_cells"
"sam2_TGACCCTCAATAACGA-1","Fibroblasts","Fibroblasts"
"sam2_TGACCCTCACACCAGC-1","Macrophage","Macrophage"
"sam2_TGACCCTCAGAGTCTT-1","T_cells","T_cells"
"sam2_TGACCCTGTATTTCGG-1","NK_cell","NK_cell"
"sam2_TGACCCTGTGTAAATG-1","Fibroblasts","Fibroblasts"
"sam2_TGACGCGAGCACTAAA-1","Fibroblasts","Fibroblasts"
"sam2_TGACGCGAGTATAGGT-1","Fibroblasts","Fibroblasts"
"sam2_TGACGCGAGTGCGTCC-1","T_cells","T_cells"
"sam2_TGACGCGGTATCAGCT-1","Fibroblasts","Fibroblasts"
"sam2_TGACGCGGTTCAAACC-1","Macrophage","Macrophage"
"sam2_TGACGCGTCAGCGCGT-1","Pre-B_cell_CD34-","Pre-B_cell_CD34-"
"sam2_TGACGCGTCTAAGCCA-1","Smooth_muscle_cells","Smooth_muscle_cells"
"sam2_TGACGCGTCTTCCGTG-1","Macrophage","Macrophage"
"sam2_TGACTCCAGGCTTAGG-1","HSC_-G-CSF","HSC_-G-CSF"
"sam2_TGACTCCCAATCAGCT-1","T_cells","T_cells"
"sam2_TGACTCCGTTTACCTT-1","NK_cell","NK_cell"
"sam2_TGACTCCTCCGAAGGA-1","Smooth_muscle_cells","Smooth_muscle_cells"
"sam2_TGACTCCTCTCTCAAT-1","Fibroblasts","Fibroblasts"
"sam2_TGAGACTAGTACTCGT-1","NK_cell","NK_cell"
"sam2_TGAGACTCACCCAAGC-1","T_cells","T_cells"
"sam2_TGAGACTGTGCATTAC-1","Macrophage","Macrophage"
"sam2_TGAGACTGTTTGGGTT-1","Macrophage","Macrophage"
"sam2_TGAGACTTCGTAACAC-1","NK_cell","NK_cell"
"sam2_TGAGCATAGCAAGTCG-1","Embryonic_stem_cells","Embryonic_stem_cells"
"sam2_TGAGCATGTATCGCAT-1","Smooth_muscle_cells","Smooth_muscle_cells"
"sam2_TGAGCATGTGCCTGAC-1","NK_cell","NK_cell"
"sam2_TGAGCATGTTCTCTAT-1","T_cells","T_cells"
"sam2_TGAGCATGTTGCATCA-1","NK_cell","NK_cell"
"sam2_TGAGCATGTTGGGTTT-1","Smooth_muscle_cells","Smooth_muscle_cells"
"sam2_TGAGCATTCTACAGGT-1","T_cells","T_cells"
"sam2_TGAGCATTCTTGGTGA-1","NK_cell","NK_cell"
"sam2_TGAGCGCAGAAAGTCT-1","Macrophage","Macrophage"
"sam2_TGAGCGCAGTATTCCG-1","T_cells","T_cells"
"sam2_TGAGCGCAGTGGTGGT-1","Fibroblasts","Fibroblasts"
"sam2_TGAGCGCGTCCGGACT-1","NK_cell","NK_cell"
"sam2_TGAGCGCTCTTAGTTC-1","T_cells","T_cells"
"sam2_TGAGGAGAGGAACATT-1","Neutrophils","Neutrophils"
"sam2_TGAGGAGCATCCAATG-1","Macrophage","Macrophage"
"sam2_TGAGGAGGTTCGTAAC-1","Macrophage","Macrophage"
"sam2_TGAGGAGTCTGCCTCA-1","T_cells","T_cells"
"sam2_TGAGGGAAGATGCAGC-1","NK_cell","NK_cell"
"sam2_TGAGGGAAGCACTCAT-1","Macrophage","Macrophage"
"sam2_TGAGGGACAACACGTT-1","NK_cell","NK_cell"
"sam2_TGAGGGACATCTTAGG-1","T_cells","T_cells"
"sam2_TGAGGGAGTTCGAGCC-1","Pre-B_cell_CD34-","Pre-B_cell_CD34-"
"sam2_TGAGGGATCATTTCGT-1","Macrophage","Macrophage"
"sam2_TGAGGGATCTTCTGGC-1","Smooth_muscle_cells","Smooth_muscle_cells"
"sam2_TGAGGTTAGGTAAGGA-1","NK_cell","NK_cell"
"sam2_TGAGGTTCAAATCGTC-1","NK_cell","NK_cell"
"sam2_TGAGGTTCAATCGAAA-1","Neurons","Neurons"
"sam2_TGAGGTTCACAGCGCT-1","T_cells","T_cells"
"sam2_TGAGGTTTCCCGAGGT-1","NK_cell","NK_cell"
"sam2_TGAGTCAGTAGCTGAG-1","Smooth_muscle_cells","Smooth_muscle_cells"
"sam2_TGAGTCAGTTCGGCCA-1","HSC_-G-CSF","HSC_-G-CSF"
"sam2_TGAGTCATCATGTCAG-1","Neurons","Neurons"
"sam2_TGAGTCATCGATCCAA-1","Epithelial_cells","Epithelial_cells"
"sam2_TGATCAGAGTACGAGC-1","HSC_-G-CSF","HSC_-G-CSF"
"sam2_TGATCAGAGTGCCAGA-1","T_cells","T_cells"
"sam2_TGATCAGGTAGCGTCC-1","DC","DC"
"sam2_TGATCTTAGCAACCAG-1","Macrophage","Macrophage"
"sam2_TGATCTTAGTTCCAGT-1","Fibroblasts","Fibroblasts"
"sam2_TGATCTTCATTCATCT-1","Monocyte","Monocyte"
"sam2_TGATCTTTCAAGTCGT-1","NK_cell","NK_cell"
"sam2_TGATCTTTCGATTTCT-1","T_cells","T_cells"
"sam2_TGATGCAGTAGGACCA-1","Smooth_muscle_cells","Smooth_muscle_cells"
"sam2_TGATGCAGTATTCCGA-1","Keratinocytes","Keratinocytes"
"sam2_TGATGCAGTTTCACAG-1","Macrophage","Macrophage"
"sam2_TGATGCATCATACGAC-1","NK_cell","NK_cell"
"sam2_TGATGCATCGATACTG-1","NK_cell","NK_cell"
"sam2_TGATGGTAGCCGAATG-1","MSC","MSC"
"sam2_TGATGGTCACTACACA-1","Smooth_muscle_cells","Smooth_muscle_cells"
"sam2_TGATGGTTCCGAGGCT-1","NK_cell","NK_cell"
"sam2_TGATGGTTCCTAAACG-1","T_cells","T_cells"
"sam2_TGATTCTAGCACTTTG-1","Epithelial_cells","Epithelial_cells"
"sam2_TGATTCTCACATCCCT-1","T_cells","T_cells"
"sam2_TGATTCTCATCACCAA-1","Fibroblasts","Fibroblasts"
"sam2_TGATTCTGTACAGAGC-1","Fibroblasts","Fibroblasts"
"sam2_TGATTCTGTCCCTGAG-1","Monocyte","Monocyte"
"sam2_TGATTCTGTTGAGAGC-1","HSC_-G-CSF","HSC_-G-CSF"
"sam2_TGATTCTTCATAGCAC-1","Pre-B_cell_CD34-","Pre-B_cell_CD34-"
"sam2_TGATTCTTCGCTTTAT-1","NK_cell","NK_cell"
"sam2_TGATTCTTCTACTGAG-1","Fibroblasts","Fibroblasts"
"sam2_TGATTCTTCTCATGCC-1","Pre-B_cell_CD34-","Pre-B_cell_CD34-"
"sam2_TGATTTCGTTTCGTAG-1","T_cells","T_cells"
"sam2_TGATTTCTCGGACGTC-1","Smooth_muscle_cells","Smooth_muscle_cells"
"sam2_TGCACGGAGCAACAGC-1","Macrophage","Macrophage"
"sam2_TGCACGGAGTCGGCAA-1","T_cells","T_cells"
"sam2_TGCACGGGTCGTGATT-1","CMP","CMP"
"sam2_TGCACGGTCCGTTGGG-1","Macrophage","Macrophage"
"sam2_TGCAGATAGGACGCAT-1","Macrophage","Macrophage"
"sam2_TGCAGATCACTCCACT-1","T_cells","T_cells"
"sam2_TGCAGATCACTTGTGA-1","NK_cell","NK_cell"
"sam2_TGCAGATCAGCCGTTG-1","Keratinocytes","Keratinocytes"
"sam2_TGCAGATTCAAGGCTT-1","BM","BM"
"sam2_TGCAGATTCCTCCACA-1","T_cells","T_cells"
"sam2_TGCAGATTCTATGCCC-1","Fibroblasts","Fibroblasts"
"sam2_TGCAGGCAGCTGAGCA-1","Epithelial_cells","Epithelial_cells"
"sam2_TGCAGGCCATGGATCT-1","Macrophage","Macrophage"
"sam2_TGCAGGCTCATGGGAG-1","Macrophage","Macrophage"
"sam2_TGCAGGCTCATGTCTT-1","NK_cell","NK_cell"
"sam2_TGCAGGCTCCCTCTCC-1","HSC_-G-CSF","HSC_-G-CSF"
"sam2_TGCAGTAAGGAGGCAG-1","Chondrocytes","Chondrocytes"
"sam2_TGCAGTAAGTATAGAC-1","Macrophage","Macrophage"
"sam2_TGCAGTATCCTCAGGG-1","NK_cell","NK_cell"
"sam2_TGCATCCAGCATCCCG-1","T_cells","T_cells"
"sam2_TGCATCCGTAGGACTG-1","Epithelial_cells","Epithelial_cells"
"sam2_TGCATCCGTAGGAGTC-1","Macrophage","Macrophage"
"sam2_TGCATCCGTCACCGCA-1","T_cells","T_cells"
"sam2_TGCATCCGTCCGGCAT-1","NK_cell","NK_cell"
"sam2_TGCATGAAGGTCCTGC-1","T_cells","T_cells"
"sam2_TGCATGACAAGTATAG-1","NK_cell","NK_cell"
"sam2_TGCATGACAATGCAGG-1","T_cells","T_cells"
"sam2_TGCATGAGTAGGGTAC-1","HSC_CD34+","HSC_CD34+"
"sam2_TGCATGAGTGGACAGT-1","NK_cell","NK_cell"
"sam2_TGCATGATCTGCATAG-1","T_cells","T_cells"
"sam2_TGCCGAGAGTACCCTA-1","NK_cell","NK_cell"
"sam2_TGCCGAGAGTCATACC-1","Macrophage","Macrophage"
"sam2_TGCCGAGCAATTGCGT-1","Macrophage","Macrophage"
"sam2_TGCCGAGCACCGAATT-1","T_cells","T_cells"
"sam2_TGCCGAGCATAATGCC-1","NK_cell","NK_cell"
"sam2_TGCCGAGCATCAGCGC-1","NK_cell","NK_cell"
"sam2_TGCCGAGCATGCTGCG-1","Smooth_muscle_cells","Smooth_muscle_cells"
"sam2_TGCCGAGGTGCCGGTT-1","T_cells","T_cells"
"sam2_TGCCGAGGTGGTCTAT-1","Smooth_muscle_cells","Smooth_muscle_cells"
"sam2_TGCCGAGTCAGTGTTG-1","Monocyte","Monocyte"
"sam2_TGCCGAGTCTAGTTCT-1","Pre-B_cell_CD34-","Pre-B_cell_CD34-"
"sam2_TGCCGAGTCTCGCTTG-1","T_cells","T_cells"
"sam2_TGCGACGGTTGAGGAC-1","NK_cell","NK_cell"
"sam2_TGCGACGTCGCTGATA-1","Macrophage","Macrophage"
"sam2_TGCGACGTCTATTCGT-1","Monocyte","Monocyte"
"sam2_TGCGACGTCTGGGAGA-1","MSC","MSC"
"sam2_TGCGATACACGCTTAA-1","Pre-B_cell_CD34-","Pre-B_cell_CD34-"
"sam2_TGCGATACATCGATGT-1","Pre-B_cell_CD34-","Pre-B_cell_CD34-"
"sam2_TGCGATATCACCTACC-1","T_cells","T_cells"
"sam2_TGCGATATCTCCGATC-1","HSC_CD34+","HSC_CD34+"
"sam2_TGCGATATCTTTGCTA-1","T_cells","T_cells"
"sam2_TGCGGCAAGAATCGAT-1","Neutrophils","Neutrophils"
"sam2_TGCGGCAAGTGAGTGC-1","Chondrocytes","Chondrocytes"
"sam2_TGCGGCAAGTGCACTT-1","T_cells","T_cells"
"sam2_TGCGGCAGTCCTTGTC-1","T_cells","T_cells"
"sam2_TGCGGCATCACGAACT-1","Macrophage","Macrophage"
"sam2_TGCGGCATCCGCTAGG-1","Pre-B_cell_CD34-","Pre-B_cell_CD34-"
"sam2_TGCGGCATCGGACAAG-1","Fibroblasts","Fibroblasts"
"sam2_TGCGGGTAGCAATTCC-1","NK_cell","NK_cell"
"sam2_TGCGGGTAGTCGAAAT-1","Macrophage","Macrophage"
"sam2_TGCGGGTAGTTGAAAC-1","T_cells","T_cells"
"sam2_TGCGGGTCATCACAGT-1","Macrophage","Macrophage"
"sam2_TGCGGGTGTCACTTCC-1","T_cells","T_cells"
"sam2_TGCGGGTGTCCAGCAC-1","T_cells","T_cells"
"sam2_TGCGGGTGTGATTGGG-1","Neurons","Neurons"
"sam2_TGCGGGTTCCGATGTA-1","Fibroblasts","Fibroblasts"
"sam2_TGCGGGTTCCTTATGT-1","T_cells","T_cells"
"sam2_TGCGGGTTCTCCTGAC-1","NK_cell","NK_cell"
"sam2_TGCTCCAAGGCATGCA-1","Epithelial_cells","Epithelial_cells"
"sam2_TGCTCCAAGGTCATCT-1","NK_cell","NK_cell"
"sam2_TGCTCCAAGTCTCCTC-1","NK_cell","NK_cell"
"sam2_TGCTCCACAGGTCAGA-1","Epithelial_cells","Epithelial_cells"
"sam2_TGCTCCAGTATCGCGC-1","Smooth_muscle_cells","Smooth_muscle_cells"
"sam2_TGCTCCAGTGGTACAG-1","T_cells","T_cells"
"sam2_TGCTCCATCGATCCCT-1","T_cells","T_cells"
"sam2_TGCTCGTAGTTCATCG-1","NK_cell","NK_cell"
"sam2_TGCTCGTCAGCCATTA-1","Macrophage","Macrophage"
"sam2_TGCTCGTCATTAGGAA-1","Fibroblasts","Fibroblasts"
"sam2_TGCTCGTGTAAGTCAA-1","T_cells","T_cells"
"sam2_TGCTCGTGTGAATGTA-1","MSC","MSC"
"sam2_TGCTCGTTCCATCACC-1","Chondrocytes","Chondrocytes"
"sam2_TGCTGAACATGAATCC-1","Smooth_muscle_cells","Smooth_muscle_cells"
"sam2_TGCTGAAGTACGAGCA-1","T_cells","T_cells"
"sam2_TGCTGAATCAAAGGTA-1","NK_cell","NK_cell"
"sam2_TGCTGAATCGGACTGC-1","Fibroblasts","Fibroblasts"
"sam2_TGCTGAATCTGAGATC-1","Fibroblasts","Fibroblasts"
"sam2_TGCTTCGAGATTCGCT-1","Monocyte","Monocyte"
"sam2_TGCTTCGAGGCCTGAA-1","Pre-B_cell_CD34-","Pre-B_cell_CD34-"
"sam2_TGCTTCGAGTCCTGCG-1","BM","BM"
"sam2_TGCTTCGCAACCAGAG-1","T_cells","T_cells"
"sam2_TGCTTCGCATCTCCCA-1","Fibroblasts","Fibroblasts"
"sam2_TGCTTCGGTACCAATC-1","Macrophage","Macrophage"
"sam2_TGCTTCGGTGCGAACA-1","Macrophage","Macrophage"
"sam2_TGCTTCGGTGTTATCG-1","BM","BM"
"sam2_TGCTTCGTCACCTTGC-1","NK_cell","NK_cell"
"sam2_TGCTTCGTCACTACTT-1","Fibroblasts","Fibroblasts"
"sam2_TGCTTGCAGCAACTCT-1","Smooth_muscle_cells","Smooth_muscle_cells"
"sam2_TGCTTGCAGCATGAAT-1","NK_cell","NK_cell"
"sam2_TGCTTGCAGTAGTCTC-1","T_cells","T_cells"
"sam2_TGCTTGCAGTCACTAC-1","Epithelial_cells","Epithelial_cells"
"sam2_TGCTTGCAGTCATGGG-1","NK_cell","NK_cell"
"sam2_TGCTTGCAGTGAATAC-1","T_cells","T_cells"
"sam2_TGCTTGCTCATTTCCA-1","T_cells","T_cells"
"sam2_TGCTTGCTCTGTGCTC-1","Epithelial_cells","Epithelial_cells"
"sam2_TGGAACTAGAATGTTG-1","NK_cell","NK_cell"
"sam2_TGGAACTGTAACGATA-1","Pre-B_cell_CD34-","Pre-B_cell_CD34-"
"sam2_TGGAACTGTAGCTTAC-1","T_cells","T_cells"
"sam2_TGGAACTGTCTCGGAC-1","Smooth_muscle_cells","Smooth_muscle_cells"
"sam2_TGGAACTTCAAATGAG-1","Macrophage","Macrophage"
"sam2_TGGAACTTCACAAGAA-1","NK_cell","NK_cell"
"sam2_TGGAACTTCGCGGACT-1","NK_cell","NK_cell"
"sam2_TGGAACTTCTCATTGT-1","NK_cell","NK_cell"
"sam2_TGGAGAGAGAAGATCT-1","Epithelial_cells","Epithelial_cells"
"sam2_TGGAGAGAGGCCCGTT-1","Fibroblasts","Fibroblasts"
"sam2_TGGAGAGAGGCGAAGG-1","Macrophage","Macrophage"
"sam2_TGGAGAGGTATCCCAA-1","T_cells","T_cells"
"sam2_TGGAGAGGTTAACCTG-1","NK_cell","NK_cell"
"sam2_TGGAGAGTCATTGCTT-1","T_cells","T_cells"
"sam2_TGGAGAGTCCTGTTGC-1","Fibroblasts","Fibroblasts"
"sam2_TGGAGAGTCCTTATGT-1","T_cells","T_cells"
"sam2_TGGAGAGTCTATGCCC-1","T_cells","T_cells"
"sam2_TGGAGGAAGGATCACG-1","NK_cell","NK_cell"
"sam2_TGGAGGAAGGCATCGA-1","Fibroblasts","Fibroblasts"
"sam2_TGGAGGAAGGGTTAAT-1","NK_cell","NK_cell"
"sam2_TGGAGGAAGTACAGCG-1","Macrophage","Macrophage"
"sam2_TGGAGGACACGAAGAC-1","Fibroblasts","Fibroblasts"
"sam2_TGGAGGAGTAACAAGT-1","Epithelial_cells","Epithelial_cells"
"sam2_TGGAGGAGTCGAGTGA-1","Pre-B_cell_CD34-","Pre-B_cell_CD34-"
"sam2_TGGAGGAGTTCATCGA-1","NK_cell","NK_cell"
"sam2_TGGATCAAGTACGAGC-1","NK_cell","NK_cell"
"sam2_TGGATCACACAACGAG-1","NK_cell","NK_cell"
"sam2_TGGATCACATGACTAC-1","Fibroblasts","Fibroblasts"
"sam2_TGGATCACATTGACCA-1","Epithelial_cells","Epithelial_cells"
"sam2_TGGATCAGTGCCGTTG-1","NK_cell","NK_cell"
"sam2_TGGATCATCCCGAGGT-1","HSC_-G-CSF","HSC_-G-CSF"
"sam2_TGGATGTAGCGTTCAT-1","Epithelial_cells","Epithelial_cells"
"sam2_TGGATGTGTGGTTCTA-1","NK_cell","NK_cell"
"sam2_TGGATGTGTTTGCAGT-1","Pre-B_cell_CD34-","Pre-B_cell_CD34-"
"sam2_TGGATGTTCACAACCA-1","NK_cell","NK_cell"
"sam2_TGGATGTTCCGTAATG-1","T_cells","T_cells"
"sam2_TGGCGTGAGAGGGTGG-1","NK_cell","NK_cell"
"sam2_TGGCGTGCAACGAGGT-1","NK_cell","NK_cell"
"sam2_TGGCGTGTCATCGTAG-1","Macrophage","Macrophage"
"sam2_TGGCGTGTCCGTAATG-1","Macrophage","Macrophage"
"sam2_TGGGAAGAGCTATCTG-1","Fibroblasts","Fibroblasts"
"sam2_TGGGAAGCATCATCCC-1","Epithelial_cells","Epithelial_cells"
"sam2_TGGGAAGCATGACCCG-1","Epithelial_cells","Epithelial_cells"
"sam2_TGGGAAGGTAACCCTA-1","NK_cell","NK_cell"
"sam2_TGGGAAGGTAGCTGAG-1","T_cells","T_cells"
"sam2_TGGGAAGGTGATAGAT-1","T_cells","T_cells"
"sam2_TGGGAAGTCTCACGAA-1","Pre-B_cell_CD34-","Pre-B_cell_CD34-"
"sam2_TGGGAAGTCTTGAACG-1","NK_cell","NK_cell"
"sam2_TGGGAGACATAGCACT-1","Macrophage","Macrophage"
"sam2_TGGGAGATCCTATTTG-1","Pro-B_cell_CD34+","Pro-B_cell_CD34+"
"sam2_TGGGAGATCCTGGGTG-1","Macrophage","Macrophage"
"sam2_TGGGAGATCTCCGATC-1","Smooth_muscle_cells","Smooth_muscle_cells"
"sam2_TGGGATTAGTTGCTGT-1","NK_cell","NK_cell"
"sam2_TGGGATTCAAGACGGT-1","Smooth_muscle_cells","Smooth_muscle_cells"
"sam2_TGGGATTCACGTCGGT-1","Fibroblasts","Fibroblasts"
"sam2_TGGGATTGTTACAGCT-1","T_cells","T_cells"
"sam2_TGGGATTGTTTCGGCG-1","T_cells","T_cells"
"sam2_TGGGATTTCCCGTGAG-1","Monocyte","Monocyte"
"sam2_TGGGATTTCTCCTGAC-1","Fibroblasts","Fibroblasts"
"sam2_TGGGATTTCTTTACAC-1","Fibroblasts","Fibroblasts"
"sam2_TGGGCGTAGGTAGCAC-1","Macrophage","Macrophage"
"sam2_TGGGCGTTCCGAAGGA-1","Neutrophils","Neutrophils"
"sam2_TGGGCTGCACGATTCA-1","NK_cell","NK_cell"
"sam2_TGGGCTGCAGCGTGAA-1","Macrophage","Macrophage"
"sam2_TGGGCTGTCTCTGACC-1","GMP","GMP"
"sam2_TGGGTTAAGAGGGTAA-1","Chondrocytes","Chondrocytes"
"sam2_TGGGTTACACCGTGCA-1","NK_cell","NK_cell"
"sam2_TGGGTTAGTCTAGTGT-1","Epithelial_cells","Epithelial_cells"
"sam2_TGGGTTATCGGTCTAA-1","Epithelial_cells","Epithelial_cells"
"sam2_TGGTACAAGACATAAC-1","BM","BM"
"sam2_TGGTACAAGACCCTTA-1","T_cells","T_cells"
"sam2_TGGTACAAGCATCCTA-1","NK_cell","NK_cell"
"sam2_TGGTACAAGGCCTTCG-1","NK_cell","NK_cell"
"sam2_TGGTACAAGGGACACT-1","NK_cell","NK_cell"
"sam2_TGGTACACAACCGCTG-1","Pre-B_cell_CD34-","Pre-B_cell_CD34-"
"sam2_TGGTACACAGAAATTG-1","MSC","MSC"
"sam2_TGGTACAGTACTGAGG-1","Fibroblasts","Fibroblasts"
"sam2_TGGTACAGTATGCAAA-1","T_cells","T_cells"
"sam2_TGGTACAGTCCTTAAG-1","T_cells","T_cells"
"sam2_TGGTACATCACCGCTT-1","T_cells","T_cells"
"sam2_TGGTACATCATGCGGC-1","Fibroblasts","Fibroblasts"
"sam2_TGGTACATCCGTATGA-1","Smooth_muscle_cells","Smooth_muscle_cells"
"sam2_TGGTAGTAGCGGATCA-1","Monocyte","Monocyte"
"sam2_TGGTAGTCACAGCGCT-1","Fibroblasts","Fibroblasts"
"sam2_TGGTAGTCACCTCGTT-1","T_cells","T_cells"
"sam2_TGGTAGTCAGTACTAC-1","Pre-B_cell_CD34-","Pre-B_cell_CD34-"
"sam2_TGGTAGTCATAAGATG-1","NK_cell","NK_cell"
"sam2_TGGTGATAGCAAATGT-1","Epithelial_cells","Epithelial_cells"
"sam2_TGGTGATAGTAGAATC-1","Pro-B_cell_CD34+","Pro-B_cell_CD34+"
"sam2_TGGTGATAGTGTTGTC-1","Smooth_muscle_cells","Smooth_muscle_cells"
"sam2_TGGTGATGTACGTGAG-1","NK_cell","NK_cell"
"sam2_TGGTGATGTCCCACGA-1","NK_cell","NK_cell"
"sam2_TGGTGATGTGGACCTC-1","Macrophage","Unassigned"
"sam2_TGGTGATTCACGTAGT-1","T_cells","T_cells"
"sam2_TGGTTAGAGCCGTAAG-1","Macrophage","Macrophage"
"sam2_TGGTTAGAGGAAAGAC-1","NK_cell","NK_cell"
"sam2_TGGTTAGGTAAGTCAA-1","HSC_-G-CSF","HSC_-G-CSF"
"sam2_TGGTTAGTCCCTGTTG-1","T_cells","T_cells"
"sam2_TGGTTAGTCGAGATGG-1","NK_cell","NK_cell"
"sam2_TGGTTAGTCGGCCCAA-1","NK_cell","NK_cell"
"sam2_TGTAACGAGGGACTGT-1","T_cells","T_cells"
"sam2_TGTAACGCAGACAATA-1","Smooth_muscle_cells","Smooth_muscle_cells"
"sam2_TGTAACGCAGCAGATG-1","Macrophage","Macrophage"
"sam2_TGTAACGGTATTCCGA-1","Macrophage","Macrophage"
"sam2_TGTAACGTCGAGAGCA-1","Pre-B_cell_CD34-","Pre-B_cell_CD34-"
"sam2_TGTAACGTCTCGTCGT-1","T_cells","T_cells"
"sam2_TGTAAGCAGTGTAGAT-1","Macrophage","Macrophage"
"sam2_TGTAAGCCAACTTGGT-1","NK_cell","NK_cell"
"sam2_TGTAAGCCAGTAGATA-1","Fibroblasts","Fibroblasts"
"sam2_TGTAAGCGTATGCGTT-1","MEP","MEP"
"sam2_TGTAAGCGTCACTCTC-1","Macrophage","Macrophage"
"sam2_TGTAAGCTCAGGACGA-1","Macrophage","Macrophage"
"sam2_TGTAAGCTCGCACGAC-1","Macrophage","Macrophage"
"sam2_TGTACAGCACGCCACA-1","NK_cell","NK_cell"
"sam2_TGTACAGGTTAACAGA-1","NK_cell","NK_cell"
"sam2_TGTAGACAGAATGTTG-1","NK_cell","NK_cell"
"sam2_TGTAGACAGATAGCTA-1","Keratinocytes","Keratinocytes"
"sam2_TGTAGACCAGACACAG-1","Macrophage","Macrophage"
"sam2_TGTAGACGTCATCTAG-1","NK_cell","NK_cell"
"sam2_TGTAGACGTGGTACAG-1","Macrophage","Macrophage"
"sam2_TGTAGACGTTTACGTG-1","Macrophage","Macrophage"
"sam2_TGTAGACTCACTGCTC-1","NK_cell","NK_cell"
"sam2_TGTCAGAAGCGTTGTT-1","Epithelial_cells","Epithelial_cells"
"sam2_TGTCAGAAGTATTAGG-1","Fibroblasts","Fibroblasts"
"sam2_TGTCAGAAGTCCTGTA-1","CMP","CMP"
"sam2_TGTCAGAAGTGCAAAT-1","Macrophage","Macrophage"
"sam2_TGTCAGAGTCTGGTTA-1","B_cell","B_cell"
"sam2_TGTCAGAGTTCACCGG-1","Monocyte","Monocyte"
"sam2_TGTCCACAGAAGAGCA-1","T_cells","T_cells"
"sam2_TGTCCACAGGGTTTCT-1","Monocyte","Monocyte"
"sam2_TGTCCACAGTGATAGT-1","Pre-B_cell_CD34-","Pre-B_cell_CD34-"
"sam2_TGTCCACCACTGGAAG-1","Macrophage","Macrophage"
"sam2_TGTCCACGTACTTCCC-1","DC","DC"
"sam2_TGTCCACTCTACAGGT-1","T_cells","T_cells"
"sam2_TGTCCCAAGAGTCAGC-1","Macrophage","Macrophage"
"sam2_TGTCCCAAGTGCTAGG-1","T_cells","T_cells"
"sam2_TGTCCCACATGGAATA-1","Pre-B_cell_CD34-","Pre-B_cell_CD34-"
"sam2_TGTCCTGAGGATATAC-1","Smooth_muscle_cells","Smooth_muscle_cells"
"sam2_TGTCCTGAGGCGATAC-1","Macrophage","Macrophage"
"sam2_TGTCCTGGTAACCAGG-1","NK_cell","NK_cell"
"sam2_TGTCCTGGTAGACGTG-1","Chondrocytes","Chondrocytes"
"sam2_TGTCCTGTCGATCCAA-1","Macrophage","Macrophage"
"sam2_TGTGAGTCAAAGCTAA-1","NK_cell","NK_cell"
"sam2_TGTGAGTCAAGGGCAT-1","Fibroblasts","Fibroblasts"
"sam2_TGTGAGTCATCGGAGA-1","Epithelial_cells","Epithelial_cells"
"sam2_TGTGAGTGTATGCAAA-1","Smooth_muscle_cells","Smooth_muscle_cells"
"sam2_TGTGAGTGTGCTCGTG-1","Smooth_muscle_cells","Smooth_muscle_cells"
"sam2_TGTGATGAGGAAACGA-1","DC","DC"
"sam2_TGTGATGAGGACATCG-1","Keratinocytes","Keratinocytes"
"sam2_TGTGATGCACGCACCA-1","T_cells","T_cells"
"sam2_TGTGATGCAGAGATTA-1","Macrophage","Macrophage"
"sam2_TGTGATGCAGGGAATC-1","Fibroblasts","Fibroblasts"
"sam2_TGTGATGCAGTTAGAA-1","T_cells","T_cells"
"sam2_TGTGATGGTGGAAATT-1","HSC_-G-CSF","HSC_-G-CSF"
"sam2_TGTGATGGTTCTGAGT-1","Macrophage","Macrophage"
"sam2_TGTGATGTCCCGTGAG-1","Fibroblasts","Fibroblasts"
"sam2_TGTGCGGCAAATGATG-1","Fibroblasts","Fibroblasts"
"sam2_TGTGCGGCACATATGC-1","T_cells","T_cells"
"sam2_TGTGCGGCATAGGCGA-1","Neutrophils","Neutrophils"
"sam2_TGTGCGGGTAGAGTTA-1","NK_cell","NK_cell"
"sam2_TGTGCGGGTTACGGAG-1","NK_cell","NK_cell"
"sam2_TGTGCGGGTTCGAACT-1","Epithelial_cells","Epithelial_cells"
"sam2_TGTGGCGAGAGCAAGA-1","Macrophage","Macrophage"
"sam2_TGTGGCGAGCCTCAAT-1","T_cells","T_cells"
"sam2_TGTGTGAAGGCCTGCT-1","T_cells","T_cells"
"sam2_TGTGTGAAGTGGTGGT-1","Epithelial_cells","Epithelial_cells"
"sam2_TGTGTGACATGTTCAG-1","Macrophage","Macrophage"
"sam2_TGTGTGAGTCGAATGG-1","Pro-B_cell_CD34+","Pro-B_cell_CD34+"
"sam2_TGTGTGAGTGGCTCTG-1","Fibroblasts","Fibroblasts"
"sam2_TGTGTGAGTGTGCCTG-1","Macrophage","Macrophage"
"sam2_TGTTACTAGTAGGAAG-1","Macrophage","Macrophage"
"sam2_TGTTACTCAACCGTGC-1","Macrophage","Macrophage"
"sam2_TGTTACTCAAGTTCCA-1","NK_cell","NK_cell"
"sam2_TGTTACTCAGCGTAGA-1","NK_cell","NK_cell"
"sam2_TGTTACTCATGTCGTA-1","Pre-B_cell_CD34-","Pre-B_cell_CD34-"
"sam2_TGTTCATAGGCTAAAT-1","NK_cell","NK_cell"
"sam2_TGTTCATCAATTGGTC-1","Macrophage","Macrophage"
"sam2_TGTTCATCACGGTCTG-1","NK_cell","NK_cell"
"sam2_TGTTCATGTTGGATCT-1","Fibroblasts","Fibroblasts"
"sam2_TGTTCATTCATTGCCC-1","Pro-B_cell_CD34+","Pro-B_cell_CD34+"
"sam2_TGTTCATTCGGCTTGG-1","Pre-B_cell_CD34-","Pre-B_cell_CD34-"
"sam2_TGTTCATTCTTGGAAC-1","Pre-B_cell_CD34-","Pre-B_cell_CD34-"
"sam2_TGTTCCGAGACTCGAG-1","T_cells","T_cells"
"sam2_TGTTCCGAGGTGGGTT-1","NK_cell","NK_cell"
"sam2_TGTTCCGCAAAGACTA-1","Hepatocytes","Hepatocytes"
"sam2_TGTTCCGGTCAGGTAG-1","NK_cell","NK_cell"
"sam2_TGTTCCGGTCGACTTA-1","NK_cell","NK_cell"
"sam2_TGTTCCGTCAAGGCTT-1","NK_cell","NK_cell"
"sam2_TGTTCTAAGCTACTAC-1","Macrophage","Macrophage"
"sam2_TGTTCTACAGACCAAG-1","Fibroblasts","Fibroblasts"
"sam2_TGTTCTACATTGCTTT-1","T_cells","T_cells"
"sam2_TGTTCTAGTTATGTCG-1","Macrophage","Macrophage"
"sam2_TGTTCTAGTTGCCTAA-1","Fibroblasts","Fibroblasts"
"sam2_TGTTCTATCTTAGTTC-1","NK_cell","NK_cell"
"sam2_TGTTGAGAGACAACAT-1","NK_cell","NK_cell"
"sam2_TGTTGAGAGCGTGAGT-1","MSC","MSC"
"sam2_TGTTGAGAGTCACACT-1","NK_cell","NK_cell"
"sam2_TGTTGAGCAGTTCACA-1","Monocyte","Monocyte"
"sam2_TGTTGAGCATGCTGCG-1","Neutrophils","Neutrophils"
"sam2_TGTTGAGCATGGCTGC-1","T_cells","T_cells"
"sam2_TGTTGAGGTCACGTGC-1","Macrophage","Macrophage"
"sam2_TGTTGAGGTTGTGCCG-1","T_cells","T_cells"
"sam2_TGTTGAGTCACGGACC-1","NK_cell","NK_cell"
"sam2_TGTTGAGTCCTGCTAC-1","NK_cell","NK_cell"
"sam2_TGTTGGAAGAAGCTGC-1","Macrophage","Macrophage"
"sam2_TGTTGGAGTTCTGACA-1","NK_cell","NK_cell"
"sam2_TGTTTGTAGATACGAT-1","Pre-B_cell_CD34-","Pre-B_cell_CD34-"
"sam2_TGTTTGTCAAAGGCGT-1","Fibroblasts","Fibroblasts"
"sam2_TGTTTGTGTCGTTGGC-1","Macrophage","Macrophage"
"sam2_TGTTTGTTCCTAACAG-1","HSC_-G-CSF","HSC_-G-CSF"
"sam2_TGTTTGTTCTTAATCC-1","Epithelial_cells","Epithelial_cells"
"sam2_TTAATCCAGGACATCG-1","NK_cell","NK_cell"
"sam2_TTAATCCCAAGCAGGT-1","T_cells","T_cells"
"sam2_TTAATCCCACAATTCG-1","NK_cell","NK_cell"
"sam2_TTAATCCCATTGCTGA-1","NK_cell","NK_cell"
"sam2_TTAATCCGTATGCGTT-1","T_cells","T_cells"
"sam2_TTAATCCGTCGCCACA-1","Macrophage","Macrophage"
"sam2_TTAATCCGTCGGTACC-1","T_cells","T_cells"
"sam2_TTACAGGCAAAGCACG-1","NK_cell","NK_cell"
"sam2_TTACAGGCAGACAAAT-1","Epithelial_cells","Epithelial_cells"
"sam2_TTACAGGGTACGAAAT-1","Monocyte","Monocyte"
"sam2_TTACAGGTCCAGCAAT-1","DC","DC"
"sam2_TTACAGGTCTATTTCG-1","Pre-B_cell_CD34-","Pre-B_cell_CD34-"
"sam2_TTACAGGTCTCACTCG-1","Pro-B_cell_CD34+","Pro-B_cell_CD34+"
"sam2_TTACCATAGCGGTAGT-1","Macrophage","Macrophage"
"sam2_TTACCATAGTTGCTCA-1","MSC","MSC"
"sam2_TTACCATCAAGTATAG-1","NK_cell","NK_cell"
"sam2_TTACCATCAGGTCCGT-1","NK_cell","NK_cell"
"sam2_TTACCATGTACAGCGA-1","Macrophage","Macrophage"
"sam2_TTACCATGTCACATTG-1","T_cells","T_cells"
"sam2_TTACCATTCACGGTCG-1","Epithelial_cells","Epithelial_cells"
"sam2_TTACCATTCATGCAGT-1","Macrophage","Macrophage"
"sam2_TTACCGCAGCAAACAT-1","Fibroblasts","Fibroblasts"
"sam2_TTACCGCAGGCAGTCA-1","Smooth_muscle_cells","Smooth_muscle_cells"
"sam2_TTACCGCGTATGAGGC-1","Macrophage","Macrophage"
"sam2_TTACGCCTCGCTGTCT-1","Macrophage","Macrophage"
"sam2_TTACGTTAGGTTCCAT-1","iPS_cells","iPS_cells"
"sam2_TTACGTTAGTCAAGCG-1","NK_cell","NK_cell"
"sam2_TTACGTTCAAGTCGTT-1","NK_cell","NK_cell"
"sam2_TTACGTTTCAGCATTG-1","HSC_-G-CSF","HSC_-G-CSF"
"sam2_TTACTGTAGGAAGTGA-1","Myelocyte","Myelocyte"
"sam2_TTACTGTAGTCACGAG-1","T_cells","T_cells"
"sam2_TTACTGTCACGTGAGA-1","NK_cell","NK_cell"
"sam2_TTACTGTCATGACAAA-1","T_cells","T_cells"
"sam2_TTACTGTGTAGCACAG-1","NK_cell","NK_cell"
"sam2_TTACTGTGTGTAAATG-1","Fibroblasts","Fibroblasts"
"sam2_TTACTGTTCTCCTGTG-1","NK_cell","NK_cell"
"sam2_TTAGGCAAGTCTTGGT-1","T_cells","T_cells"
"sam2_TTAGGCACACGTAGAG-1","Smooth_muscle_cells","Smooth_muscle_cells"
"sam2_TTAGGCACACTGGCGT-1","NK_cell","NK_cell"
"sam2_TTAGGCACAGCTTTCC-1","NK_cell","NK_cell"
"sam2_TTAGGCAGTAACGTTC-1","Neurons","Neurons"
"sam2_TTAGGCATCATACAGC-1","DC","DC"
"sam2_TTAGGCATCTCTCTAA-1","Epithelial_cells","Epithelial_cells"
"sam2_TTAGGGTAGGGATGTC-1","Fibroblasts","Fibroblasts"
"sam2_TTAGGGTTCCGTATGA-1","T_cells","T_cells"
"sam2_TTAGGGTTCGAACCAT-1","T_cells","T_cells"
"sam2_TTAGGGTTCTAGGCCG-1","T_cells","T_cells"
"sam2_TTAGTCTAGCATCAGG-1","NK_cell","NK_cell"
"sam2_TTAGTCTAGCGGCTCT-1","NK_cell","NK_cell"
"sam2_TTAGTCTAGGACAACC-1","T_cells","T_cells"
"sam2_TTAGTCTCATTGGGAG-1","HSC_-G-CSF","HSC_-G-CSF"
"sam2_TTATTGCAGACCATAA-1","Pre-B_cell_CD34-","Pre-B_cell_CD34-"
"sam2_TTATTGCAGTATTGCC-1","Monocyte","Monocyte"
"sam2_TTATTGCCACCGTGAC-1","Macrophage","Macrophage"
"sam2_TTATTGCTCACGTAGT-1","Fibroblasts","Fibroblasts"
"sam2_TTATTGCTCAGAACCT-1","NK_cell","NK_cell"
"sam2_TTATTGCTCCATACTT-1","NK_cell","NK_cell"
"sam2_TTATTGCTCGGCTGTG-1","Macrophage","Macrophage"
"sam2_TTCAATCAGCAGCCCT-1","T_cells","T_cells"
"sam2_TTCAATCCATCTGGGC-1","Monocyte","Monocyte"
"sam2_TTCAATCGTACCACGC-1","Neutrophils","Neutrophils"
"sam2_TTCAATCGTGATGTAA-1","Macrophage","Macrophage"
"sam2_TTCAATCGTGCTAGCC-1","T_cells","T_cells"
"sam2_TTCAATCTCCCTAGGG-1","Smooth_muscle_cells","Smooth_muscle_cells"
"sam2_TTCAATCTCCTTATGT-1","Fibroblasts","Fibroblasts"
"sam2_TTCAATCTCTCCTGTG-1","NK_cell","NK_cell"
"sam2_TTCACCGAGGCTCAAG-1","Fibroblasts","Fibroblasts"
"sam2_TTCACCGAGTACTGGG-1","T_cells","T_cells"
"sam2_TTCACCGCAGCCCAGT-1","T_cells","T_cells"
"sam2_TTCACCGGTACCGTGC-1","T_cells","T_cells"
"sam2_TTCACCGGTATTCCTT-1","Macrophage","Macrophage"
"sam2_TTCACCGGTCACTCTC-1","Macrophage","Macrophage"
"sam2_TTCACCGGTGTATCCA-1","T_cells","T_cells"
"sam2_TTCACGCAGCCATTCA-1","Fibroblasts","Fibroblasts"
"sam2_TTCACGCAGCGTACAG-1","Epithelial_cells","Epithelial_cells"
"sam2_TTCACGCTCGTTCTAT-1","Fibroblasts","Fibroblasts"
"sam2_TTCAGGAAGCCATATC-1","T_cells","T_cells"
"sam2_TTCAGGAAGCGAAACC-1","Macrophage","Macrophage"
"sam2_TTCAGGAAGTAGAGTT-1","NK_cell","NK_cell"
"sam2_TTCAGGATCAAAGCCT-1","Epithelial_cells","Epithelial_cells"
"sam2_TTCAGGATCGACATCA-1","T_cells","T_cells"
"sam2_TTCAGGATCTGCGGAC-1","Epithelial_cells","Epithelial_cells"
"sam2_TTCATGTAGAAGTATC-1","Macrophage","Macrophage"
"sam2_TTCATGTAGCAATAGT-1","Pre-B_cell_CD34-","Pre-B_cell_CD34-"
"sam2_TTCATGTAGGTCACAG-1","Epithelial_cells","Epithelial_cells"
"sam2_TTCATGTAGGTTCCAT-1","Pre-B_cell_CD34-","Pre-B_cell_CD34-"
"sam2_TTCATGTCATTCACAG-1","NK_cell","NK_cell"
"sam2_TTCATGTGTCAACCTA-1","MSC","MSC"
"sam2_TTCATGTTCCGGACGT-1","NK_cell","NK_cell"
"sam2_TTCATGTTCGTTTACT-1","Macrophage","Macrophage"
"sam2_TTCATTGAGCCTCACG-1","T_cells","T_cells"
"sam2_TTCATTGCACAGTCGC-1","NK_cell","NK_cell"
"sam2_TTCATTGCACATGTTG-1","Macrophage","Macrophage"
"sam2_TTCATTGGTCTCGCGA-1","Epithelial_cells","Epithelial_cells"
"sam2_TTCATTGGTGATGAAT-1","NK_cell","NK_cell"
"sam2_TTCATTGGTGTTTCTT-1","Macrophage","Macrophage"
"sam2_TTCATTGGTTGTCATG-1","T_cells","T_cells"
"sam2_TTCCAATCACGGCCAT-1","NK_cell","NK_cell"
"sam2_TTCCAATCACTAGGCC-1","Macrophage","Macrophage"
"sam2_TTCCAATGTACTAACC-1","Pro-B_cell_CD34+","Pro-B_cell_CD34+"
"sam2_TTCCAATTCAGACAAA-1","T_cells","T_cells"
"sam2_TTCCAATTCGCCATAA-1","T_cells","T_cells"
"sam2_TTCCACGAGAAACCAT-1","Fibroblasts","Fibroblasts"
"sam2_TTCCACGAGGCTGGAT-1","Fibroblasts","Fibroblasts"
"sam2_TTCCACGAGGGTCAAC-1","T_cells","T_cells"
"sam2_TTCCACGCACCAACAT-1","HSC_-G-CSF","HSC_-G-CSF"
"sam2_TTCCACGCAGAACATA-1","Keratinocytes","Keratinocytes"
"sam2_TTCCACGGTTAAGCAA-1","GMP","GMP"
"sam2_TTCCACGGTTTGGCTA-1","T_cells","T_cells"
"sam2_TTCCACGTCACGGTCG-1","Smooth_muscle_cells","Smooth_muscle_cells"
"sam2_TTCCGGTCAAACACCT-1","Fibroblasts","Fibroblasts"
"sam2_TTCCGGTCACCCTAAA-1","NK_cell","NK_cell"
"sam2_TTCCGGTCAGGTAGTG-1","Smooth_muscle_cells","Smooth_muscle_cells"
"sam2_TTCCGGTCAGGTTCGC-1","NK_cell","NK_cell"
"sam2_TTCCGGTCATGGTACT-1","T_cells","T_cells"
"sam2_TTCCGGTGTAACAGTA-1","NK_cell","NK_cell"
"sam2_TTCCGGTTCATGTCTT-1","Macrophage","Macrophage"
"sam2_TTCCGTGAGCACTGGA-1","Keratinocytes","Keratinocytes"
"sam2_TTCCGTGCAAATGAAC-1","Macrophage","Macrophage"
"sam2_TTCCGTGCACGCTGAC-1","T_cells","T_cells"
"sam2_TTCCGTGCAGCCCACA-1","Macrophage","Macrophage"
"sam2_TTCCGTGGTAGTCGTT-1","NK_cell","NK_cell"
"sam2_TTCCGTGGTCCTACAA-1","NK_cell","NK_cell"
"sam2_TTCCGTGGTCTATGAC-1","Smooth_muscle_cells","Smooth_muscle_cells"
"sam2_TTCCTAAAGCACTCCG-1","Macrophage","Macrophage"
"sam2_TTCCTAAGTCGCCACA-1","CMP","CMP"
"sam2_TTCCTAAGTGGTCCGT-1","Fibroblasts","Fibroblasts"
"sam2_TTCCTAATCTCGCTCA-1","CMP","CMP"
"sam2_TTCCTCTCAGCGTATT-1","NK_cell","NK_cell"
"sam2_TTCCTCTGTGAACCGA-1","Pre-B_cell_CD34-","Pre-B_cell_CD34-"
"sam2_TTCCTCTGTTCGCGTG-1","HSC_-G-CSF","HSC_-G-CSF"
"sam2_TTCCTCTTCATCCTAT-1","NK_cell","NK_cell"
"sam2_TTCCTCTTCCCATGGG-1","Monocyte","Monocyte"
"sam2_TTCCTCTTCGTTACCC-1","T_cells","T_cells"
"sam2_TTCCTCTTCTCTGCTG-1","Macrophage","Macrophage"
"sam2_TTCCTTCAGGACGGAG-1","T_cells","T_cells"
"sam2_TTCCTTCAGTGATAGT-1","NK_cell","NK_cell"
"sam2_TTCCTTCCAAGTGGAC-1","NK_cell","NK_cell"
"sam2_TTCCTTCCACTCAAGT-1","Monocyte","Monocyte"
"sam2_TTCCTTCCAGCTCTGG-1","Pre-B_cell_CD34-","Pre-B_cell_CD34-"
"sam2_TTCCTTCGTAGCCAGA-1","NK_cell","NK_cell"
"sam2_TTCCTTCGTAGCGCTC-1","NK_cell","NK_cell"
"sam2_TTCCTTCGTTATTCTC-1","MSC","MSC"
"sam2_TTCCTTCTCACATTGG-1","Macrophage","Macrophage"
"sam2_TTCCTTCTCTGCGGAC-1","Macrophage","Macrophage"
"sam2_TTCGATTAGGAACTCG-1","NK_cell","NK_cell"
"sam2_TTCGATTCACCGGAAA-1","T_cells","T_cells"
"sam2_TTCGATTCACGGCTAC-1","Smooth_muscle_cells","Smooth_muscle_cells"
"sam2_TTCGATTCACGTATAC-1","Macrophage","Macrophage"
"sam2_TTCGATTGTTTACACG-1","Embryonic_stem_cells","Embryonic_stem_cells"
"sam2_TTCGATTTCAGCTTGA-1","Keratinocytes","Keratinocytes"
"sam2_TTCGCTGAGCACCGTC-1","Macrophage","Macrophage"
"sam2_TTCGCTGCACTTGTGA-1","NK_cell","NK_cell"
"sam2_TTCGCTGCATCATCTT-1","Smooth_muscle_cells","Smooth_muscle_cells"
"sam2_TTCGCTGCATTCTGTT-1","T_cells","T_cells"
"sam2_TTCGCTGGTGATTCAC-1","Pre-B_cell_CD34-","Pre-B_cell_CD34-"
"sam2_TTCGGTCCACGTGAGA-1","Macrophage","Unassigned"
"sam2_TTCGGTCCATTGCCGG-1","BM","BM"
"sam2_TTCGGTCTCAAGCCCG-1","NK_cell","NK_cell"
"sam2_TTCGGTCTCCACGTAA-1","HSC_-G-CSF","HSC_-G-CSF"
"sam2_TTCGGTCTCGCACGAC-1","NK_cell","NK_cell"
"sam2_TTCTAACAGAGTTGCG-1","Macrophage","Macrophage"
"sam2_TTCTAACAGCCTCTTC-1","Monocyte","Monocyte"
"sam2_TTCTAACAGGGTCACA-1","Epithelial_cells","Epithelial_cells"
"sam2_TTCTAACCAAGAGCTG-1","Epithelial_cells","Epithelial_cells"
"sam2_TTCTAACGTTGTCTAG-1","NK_cell","NK_cell"
"sam2_TTCTAACTCCTCATAT-1","Fibroblasts","Fibroblasts"
"sam2_TTCTAACTCGAAGAAT-1","Neutrophils","Neutrophils"
"sam2_TTCTAGTAGAGAATCT-1","NK_cell","NK_cell"
"sam2_TTCTAGTAGCAAACAT-1","Myelocyte","Myelocyte"
"sam2_TTCTAGTAGGCCTAGA-1","T_cells","T_cells"
"sam2_TTCTAGTAGGGCAGAG-1","Macrophage","Macrophage"
"sam2_TTCTAGTTCCGTGTCT-1","T_cells","T_cells"
"sam2_TTCTAGTTCGGACTGC-1","Monocyte","Monocyte"
"sam2_TTCTAGTTCTAGGAAA-1","Pre-B_cell_CD34-","Pre-B_cell_CD34-"
"sam2_TTCTAGTTCTGAATGC-1","iPS_cells","iPS_cells"
"sam2_TTCTAGTTCTTGTTAC-1","Macrophage","Macrophage"
"sam2_TTCTCTCAGGTTGACG-1","Neurons","Neurons"
"sam2_TTCTCTCCAAATGAGT-1","Neurons","Neurons"
"sam2_TTCTCTCCATAAGATG-1","Fibroblasts","Fibroblasts"
"sam2_TTCTCTCCATCGATAC-1","NK_cell","NK_cell"
"sam2_TTCTCTCTCCATTGTT-1","NK_cell","NK_cell"
"sam2_TTCTGTAAGGTGGCTA-1","Macrophage","Macrophage"
"sam2_TTCTGTACAAGGGTCA-1","NK_cell","NK_cell"
"sam2_TTCTGTACAAGGTCTT-1","Chondrocytes","Chondrocytes"
"sam2_TTCTGTACATAAGATG-1","Macrophage","Macrophage"
"sam2_TTCTGTAGTGTCTCCT-1","T_cells","T_cells"
"sam2_TTCTGTATCACGTAGT-1","Fibroblasts","Fibroblasts"
"sam2_TTCTGTATCCATAGGT-1","Macrophage","Macrophage"
"sam2_TTCTGTATCCCTCTTT-1","NK_cell","NK_cell"
"sam2_TTCTTCCAGCGACTGA-1","Fibroblasts","Fibroblasts"
"sam2_TTCTTCCAGCTAATGA-1","NK_cell","NK_cell"
"sam2_TTCTTCCAGTGCCCGT-1","NK_cell","NK_cell"
"sam2_TTCTTCCCAAGAGTAT-1","T_cells","T_cells"
"sam2_TTCTTCCCACCAGGTC-1","Macrophage","Macrophage"
"sam2_TTCTTCCCAGAGCTAG-1","Smooth_muscle_cells","Smooth_muscle_cells"
"sam2_TTCTTCCCAGCTGAAG-1","NK_cell","NK_cell"
"sam2_TTCTTCCGTCCACTCT-1","NK_cell","NK_cell"
"sam2_TTCTTCCGTGGGCTTC-1","Fibroblasts","Fibroblasts"
"sam2_TTCTTCCTCACCGACG-1","T_cells","T_cells"
"sam2_TTCTTGACACTTGAAC-1","Macrophage","Macrophage"
"sam2_TTCTTGACATACCGTA-1","T_cells","T_cells"
"sam2_TTCTTGATCCTCTCGA-1","NK_cell","NK_cell"
"sam2_TTGAACGAGTTGGACG-1","Macrophage","Macrophage"
"sam2_TTGAACGCAGAGCTAG-1","T_cells","T_cells"
"sam2_TTGAACGCAGTGACCC-1","GMP","GMP"
"sam2_TTGAACGGTAACATGA-1","Fibroblasts","Fibroblasts"
"sam2_TTGAACGGTAAGACCG-1","Epithelial_cells","Epithelial_cells"
"sam2_TTGAACGGTCTCTCAC-1","T_cells","T_cells"
"sam2_TTGAACGTCGCCTTGT-1","Pre-B_cell_CD34-","Pre-B_cell_CD34-"
"sam2_TTGACCCAGACGCCCT-1","Monocyte","Monocyte"
"sam2_TTGACCCAGTAGAGTT-1","T_cells","T_cells"
"sam2_TTGACCCCACAAACGG-1","NK_cell","NK_cell"
"sam2_TTGACCCGTTCTCGCT-1","T_cells","T_cells"
"sam2_TTGACCCTCAAATAGG-1","NK_cell","NK_cell"
"sam2_TTGACCCTCCGGTAGC-1","Macrophage","Macrophage"
"sam2_TTGAGTGAGTCGTCTA-1","T_cells","T_cells"
"sam2_TTGAGTGAGTGGATAT-1","NK_cell","NK_cell"
"sam2_TTGAGTGGTACGGGAT-1","Fibroblasts","Fibroblasts"
"sam2_TTGAGTGGTAGTCACT-1","Pro-B_cell_CD34+","Pro-B_cell_CD34+"
"sam2_TTGAGTGGTGACCGAA-1","Macrophage","Macrophage"
"sam2_TTGATGGAGACGGTCA-1","T_cells","T_cells"
"sam2_TTGATGGGTAACATGA-1","Fibroblasts","Fibroblasts"
"sam2_TTGATGGGTGTTTACG-1","Macrophage","Macrophage"
"sam2_TTGATGGTCTCTGACC-1","NK_cell","NK_cell"
"sam2_TTGCATTAGACCAGAC-1","NK_cell","NK_cell"
"sam2_TTGCATTCAACGGTAG-1","Macrophage","Macrophage"
"sam2_TTGCATTCAGCTGCCA-1","DC","DC"
"sam2_TTGCATTCATGTCTAG-1","Smooth_muscle_cells","Smooth_muscle_cells"
"sam2_TTGCATTGTCAAACGG-1","NK_cell","NK_cell"
"sam2_TTGCATTGTTAACAGA-1","Pre-B_cell_CD34-","Pre-B_cell_CD34-"
"sam2_TTGCATTTCACTGATG-1","NK_cell","NK_cell"
"sam2_TTGCCTGCAAGGGTCA-1","T_cells","T_cells"
"sam2_TTGCCTGCAGGAATAT-1","NK_cell","NK_cell"
"sam2_TTGCCTGGTCCAAAGG-1","Epithelial_cells","Epithelial_cells"
"sam2_TTGCCTGTCGCGTGAC-1","NK_cell","NK_cell"
"sam2_TTGCGTCCAAATCGGG-1","Fibroblasts","Fibroblasts"
"sam2_TTGCGTCGTGGCAACA-1","Fibroblasts","Fibroblasts"
"sam2_TTGCTGCAGACCTTTG-1","Embryonic_stem_cells","Embryonic_stem_cells"
"sam2_TTGCTGCAGCTAGAGC-1","NK_cell","NK_cell"
"sam2_TTGCTGCGTACGAAAT-1","T_cells","T_cells"
"sam2_TTGCTGCGTAGATTGA-1","Embryonic_stem_cells","Embryonic_stem_cells"
"sam2_TTGCTGCGTAGTTACC-1","Fibroblasts","Fibroblasts"
"sam2_TTGGATGAGCAACTCT-1","Smooth_muscle_cells","Smooth_muscle_cells"
"sam2_TTGGATGAGGATACAT-1","Smooth_muscle_cells","Smooth_muscle_cells"
"sam2_TTGGATGCAAGACGAC-1","NK_cell","NK_cell"
"sam2_TTGGATGGTCACGCTG-1","Fibroblasts","Fibroblasts"
"sam2_TTGGATGGTTGCGTAT-1","NK_cell","NK_cell"
"sam2_TTGGGATCACATCCCT-1","Keratinocytes","Keratinocytes"
"sam2_TTGGGATCACTTGAGT-1","BM","BM"
"sam2_TTGGGATCAGGTGAGT-1","Fibroblasts","Fibroblasts"
"sam2_TTGGGATGTAGTCTTG-1","NK_cell","NK_cell"
"sam2_TTGGGATGTGCAATAA-1","Myelocyte","Myelocyte"
"sam2_TTGGGATGTTGGGCCT-1","Fibroblasts","Fibroblasts"
"sam2_TTGGGATTCTATACGG-1","Fibroblasts","Fibroblasts"
"sam2_TTGGGCGAGTCATGCT-1","Fibroblasts","Fibroblasts"
"sam2_TTGGGCGAGTCCTGCG-1","T_cells","T_cells"
"sam2_TTGGGCGCAGGTATGG-1","Macrophage","Macrophage"
"sam2_TTGGGCGGTAGACTGG-1","Macrophage","Unassigned"
"sam2_TTGGGCGGTTCAGCTA-1","Macrophage","Macrophage"
"sam2_TTGGGCGGTTGCGGAA-1","Macrophage","Macrophage"
"sam2_TTGGGCGGTTGGCTAT-1","Smooth_muscle_cells","Smooth_muscle_cells"
"sam2_TTGGGCGTCGAACACT-1","Fibroblasts","Fibroblasts"
"sam2_TTGGGTAAGTCGCCCA-1","NK_cell","NK_cell"
"sam2_TTGGGTACACTCACTC-1","NK_cell","NK_cell"
"sam2_TTGGGTACAGCGACAA-1","T_cells","T_cells"
"sam2_TTGGGTACAGGAACCA-1","Keratinocytes","Keratinocytes"
"sam2_TTGGGTACAGGTCCCA-1","Pre-B_cell_CD34-","Pre-B_cell_CD34-"
"sam2_TTGGGTACATAGTCAC-1","Macrophage","Macrophage"
"sam2_TTGGGTATCACCCATC-1","Macrophage","Macrophage"
"sam2_TTGGGTATCGGAAGGT-1","NK_cell","NK_cell"
"sam2_TTGGTTTAGCGAGTCA-1","T_cells","T_cells"
"sam2_TTGGTTTGTGTGTCGC-1","Macrophage","Macrophage"
"sam2_TTGTGGAAGGAACTAT-1","T_cells","T_cells"
"sam2_TTGTGGAAGTCTACCA-1","Neuroepithelial_cell","Neuroepithelial_cell"
"sam2_TTGTGGAGTAGAATAC-1","Epithelial_cells","Epithelial_cells"
"sam2_TTGTGGATCACTCCGT-1","Fibroblasts","Fibroblasts"
"sam2_TTGTGGATCCTACAAG-1","NK_cell","NK_cell"
"sam2_TTGTGTTCAGCTGTTA-1","Epithelial_cells","Epithelial_cells"
"sam2_TTGTGTTCATCTTAGG-1","Macrophage","Macrophage"
"sam2_TTGTGTTGTGGTCTAT-1","Fibroblasts","Fibroblasts"
"sam2_TTGTGTTGTTGTGCCG-1","T_cells","T_cells"
"sam2_TTGTGTTTCACACCCT-1","Fibroblasts","Fibroblasts"
"sam2_TTGTTCAAGGAATGTT-1","Macrophage","Macrophage"
"sam2_TTGTTCACAATTCGTG-1","NK_cell","NK_cell"
"sam2_TTGTTCACAGAGATGC-1","Fibroblasts","Fibroblasts"
"sam2_TTGTTCACAGAGGAAA-1","Macrophage","Macrophage"
"sam2_TTGTTCACAGCACACC-1","Macrophage","Macrophage"
"sam2_TTGTTCACAGGCCTGT-1","Fibroblasts","Fibroblasts"
"sam2_TTGTTGTAGAGTCTGG-1","Chondrocytes","Chondrocytes"
"sam2_TTGTTGTCACAAGGTG-1","HSC_-G-CSF","HSC_-G-CSF"
"sam2_TTGTTGTCACATTCTT-1","NK_cell","NK_cell"
"sam2_TTGTTGTCACTTGAGT-1","Smooth_muscle_cells","Smooth_muscle_cells"
"sam2_TTGTTGTCAGCACCCA-1","T_cells","T_cells"
"sam2_TTGTTGTGTGTGTCCG-1","Macrophage","Macrophage"
"sam2_TTGTTTGAGTTTCAGC-1","Macrophage","Macrophage"
"sam2_TTGTTTGTCCCTCTCC-1","HSC_-G-CSF","HSC_-G-CSF"
"sam2_TTGTTTGTCCGTGTGG-1","HSC_-G-CSF","HSC_-G-CSF"
"sam2_TTGTTTGTCTCCATAT-1","HSC_-G-CSF","HSC_-G-CSF"
"sam2_TTTACCAAGGCACTAG-1","Monocyte","Monocyte"
"sam2_TTTACCACAAAGCAAT-1","NK_cell","NK_cell"
"sam2_TTTACCACAGCCGGTT-1","Neurons","Neurons"
"sam2_TTTACCAGTAGGGAGG-1","NK_cell","NK_cell"
"sam2_TTTACCATCAAGAGTA-1","NK_cell","NK_cell"
"sam2_TTTACCATCTGGTGGC-1","NK_cell","NK_cell"
"sam2_TTTACCATCTGTCCGT-1","HSC_-G-CSF","HSC_-G-CSF"
"sam2_TTTACGTAGACCAGAC-1","Smooth_muscle_cells","Smooth_muscle_cells"
"sam2_TTTACGTAGTGCGCTC-1","NK_cell","NK_cell"
"sam2_TTTACGTGTGGCAACA-1","Keratinocytes","Keratinocytes"
"sam2_TTTACGTGTTGACGGA-1","NK_cell","NK_cell"
"sam2_TTTACGTTCGAACGCC-1","NK_cell","NK_cell"
"sam2_TTTACTGAGAGTCGAC-1","Keratinocytes","Keratinocytes"
"sam2_TTTACTGAGCGAGGAG-1","Fibroblasts","Fibroblasts"
"sam2_TTTACTGCAGAATTCC-1","Macrophage","Macrophage"
"sam2_TTTACTGGTCGGTGTC-1","NK_cell","NK_cell"
"sam2_TTTACTGGTGTCTTCC-1","Macrophage","Macrophage"
"sam2_TTTACTGTCTTCTGTA-1","Epithelial_cells","Epithelial_cells"
"sam2_TTTAGTCGTGAATTAG-1","Fibroblasts","Fibroblasts"
"sam2_TTTAGTCGTGCCTGCA-1","T_cells","T_cells"
"sam2_TTTAGTCGTTTCCCAC-1","Keratinocytes","Keratinocytes"
"sam2_TTTATGCCACAAATCC-1","GMP","GMP"
"sam2_TTTATGCCACAGTATC-1","T_cells","T_cells"
"sam2_TTTATGCCACCTTCGT-1","Hepatocytes","Hepatocytes"
"sam2_TTTATGCGTCTGTAAC-1","T_cells","T_cells"
"sam2_TTTATGCGTGGTACAG-1","Fibroblasts","Fibroblasts"
"sam2_TTTCACAAGCAATAAC-1","HSC_-G-CSF","HSC_-G-CSF"
"sam2_TTTCACACACTCCGAG-1","NK_cell","NK_cell"
"sam2_TTTCACATCCCTCGAT-1","iPS_cells","iPS_cells"
"sam2_TTTCAGTCAACACGTT-1","T_cells","T_cells"
"sam2_TTTCAGTCAGCTGTGC-1","GMP","GMP"
"sam2_TTTCAGTCATCTGTTT-1","NK_cell","NK_cell"
"sam2_TTTCAGTTCAGACCGC-1","B_cell","B_cell"
"sam2_TTTCAGTTCTGGGAGA-1","iPS_cells","iPS_cells"
"sam2_TTTCATGAGCCGCACT-1","Fibroblasts","Fibroblasts"
"sam2_TTTCATGAGTCATACC-1","Smooth_muscle_cells","Smooth_muscle_cells"
"sam2_TTTCATGCAATCGTCA-1","NK_cell","NK_cell"
"sam2_TTTCATGCACTACCCT-1","Epithelial_cells","Epithelial_cells"
"sam2_TTTCATGGTCCCGCAA-1","NK_cell","NK_cell"
"sam2_TTTCATGTCGGCTCTT-1","Monocyte","Monocyte"
"sam2_TTTCCTCAGTCATCCA-1","T_cells","T_cells"
"sam2_TTTCCTCGTCTTGAAC-1","Macrophage","Macrophage"
"sam2_TTTCCTCTCAGCAGAG-1","HSC_-G-CSF","HSC_-G-CSF"
"sam2_TTTCCTCTCCGCACGA-1","Macrophage","Macrophage"
"sam2_TTTCCTCTCTGAGTCA-1","Smooth_muscle_cells","Smooth_muscle_cells"
"sam2_TTTCGATAGAAAGCGA-1","Fibroblasts","Fibroblasts"
"sam2_TTTCGATAGATACTGA-1","HSC_-G-CSF","HSC_-G-CSF"
"sam2_TTTCGATCAGCTGTGC-1","Smooth_muscle_cells","Smooth_muscle_cells"
"sam2_TTTCGATCATTGTACG-1","Macrophage","Macrophage"
"sam2_TTTCGATGTATCTTCT-1","T_cells","T_cells"
"sam2_TTTCGATGTCAAACGG-1","T_cells","T_cells"
"sam2_TTTCGATGTGAAGCTG-1","Epithelial_cells","Epithelial_cells"
"sam2_TTTCGATGTTTGTGGT-1","Macrophage","Macrophage"
"sam2_TTTCGATTCCACACCT-1","Smooth_muscle_cells","Smooth_muscle_cells"
"sam2_TTTCGATTCGACGATT-1","Fibroblasts","Fibroblasts"
"sam2_TTTCGATTCGCTGACG-1","T_cells","T_cells"
"sam2_TTTGACTAGGCTGAAC-1","NK_cell","NK_cell"
"sam2_TTTGACTGTCTCCCTA-1","Pro-Myelocyte","Pro-Myelocyte"
"sam2_TTTGACTTCTACGGGC-1","Macrophage","Macrophage"
"sam2_TTTGACTTCTCTCAAT-1","Monocyte","Monocyte"
"sam2_TTTGATCCAAATGAAC-1","Macrophage","Macrophage"
"sam2_TTTGATCCACGGTAGA-1","NK_cell","NK_cell"
"sam2_TTTGATCGTAGCGTTT-1","Epithelial_cells","Epithelial_cells"
"sam2_TTTGATCGTCATCGGC-1","Macrophage","Macrophage"
"sam2_TTTGATCGTTCCGTTC-1","Epithelial_cells","Epithelial_cells"
"sam2_TTTGATCTCCCGTAAA-1","HSC_-G-CSF","HSC_-G-CSF"
"sam2_TTTGATCTCGGCCTTT-1","Pre-B_cell_CD34-","Pre-B_cell_CD34-"
"sam2_TTTGGAGCAAGTCCAT-1","NK_cell","NK_cell"
"sam2_TTTGGAGCAGGCACAA-1","Fibroblasts","Unassigned"
"sam2_TTTGGAGCATCCTTCG-1","Macrophage","Macrophage"
"sam2_TTTGGAGCATCTTCGC-1","T_cells","T_cells"
"sam2_TTTGGAGGTTTAGTCG-1","Neuroepithelial_cell","Neuroepithelial_cell"
"sam2_TTTGGTTAGCCTGCCA-1","T_cells","T_cells"
"sam2_TTTGGTTAGCTAGTTC-1","Pro-B_cell_CD34+","Pro-B_cell_CD34+"
"sam2_TTTGGTTCAGGATCTT-1","Pre-B_cell_CD34-","Pre-B_cell_CD34-"
"sam2_TTTGGTTTCGCCAGAC-1","Macrophage","Macrophage"
"sam2_TTTGTTGAGCAGTACG-1","NK_cell","NK_cell"
"sam2_TTTGTTGAGGTAGGCT-1","GMP","GMP"
"sam2_TTTGTTGTCCGCGAGT-1","Epithelial_cells","Epithelial_cells"
"sam2_TTTGTTGTCGTTCCTG-1","Epithelial_cells","Epithelial_cells"
